TDB_00001250,2024-09-19 12:38:27,TDB_CUST_9328699,NFLX,BUY,172,262.19
TDB_00001251,2024-09-23 03:35:56,TDB_CUST_5342276,NFLX,BUY,548,280.17
TDB_00001252,2024-09-19 03:10:51,TDB_CUST_1035257,FB,BUY,602,828.12
TDB_00001253,2024-09-24 02:28:30,TDB_CUST_4470912,V,SELL,336,879.04
TDB_00001254,2024-09-22 10:13:00,TDB_CUST_8675255,MSFT,BUY,152,1155.86
TDB_00001255,2024-09-19 01:17:55,TDB_CUST_4410915,NFLX,BUY,822,218.02
TDB_00001256,2024-09-19 04:04:33,TDB_CUST_3310301,GOOGL,BUY,754,40.72
TDB_00001257,2024-09-24 14:42:37,TDB_CUST_9049461,TSLA,BUY,477,1003.44
TDB_00001258,2024-09-22 19:03:25,TDB_CUST_6773908,FB,SELL,625,1181.35
TDB_00001259,2024-09-20 23:51:03,TDB_CUST_5984265,AAPL,SELL,348,1349.49
TDB_00001260,2024-09-21 15:17:15,TDB_CUST_1069590,FB,SELL,782,1296.37
TDB_00001261,2024-09-24 00:32:16,TDB_CUST_8372139,AAPL,BUY,605,261.74
TDB_00001262,2024-09-20 01:57:12,TDB_CUST_1105743,AAPL,SELL,778,810.44
TDB_00001263,2024-09-18 19:58:10,TDB_CUST_9898906,TSLA,BUY,811,170.61
TDB_00001264,2024-09-22 23:13:17,TDB_CUST_2195898,V,SELL,497,823.46
TDB_00001265,2024-09-23 16:16:28,TDB_CUST_4227847,AAPL,SELL,953,142.57
TDB_00001266,2024-09-19 09:41:42,TDB_CUST_1176992,NVDA,SELL,27,823.43
TDB_00001267,2024-09-23 15:52:24,TDB_CUST_4506792,V,SELL,116,919.52
TDB_00001268,2024-09-23 18:00:21,TDB_CUST_9183872,AAPL,SELL,213,734.54
TDB_00001269,2024-09-22 18:46:13,TDB_CUST_4396127,MSFT,SELL,691,134.88
TDB_00001270,2024-09-22 06:13:40,TDB_CUST_1395806,NFLX,SELL,842,88.01
TDB_00001271,2024-09-23 02:27:31,TDB_CUST_5755496,NFLX,BUY,487,665.85
TDB_00001272,2024-09-22 19:40:37,TDB_CUST_2051027,FB,SELL,477,971.05
TDB_00001273,2024-09-19 18:08:51,TDB_CUST_1837941,FB,SELL,770,1323.4
TDB_00001274,2024-09-19 14:59:07,TDB_CUST_5783181,AMZN,SELL,217,1215.12
TDB_00001275,2024-09-19 00:28:54,TDB_CUST_3590843,FB,BUY,37,619.66
TDB_00001276,2024-09-25 14:42:09,TDB_CUST_4496568,MSFT,SELL,866,173.16
TDB_00001277,2024-09-20 05:25:26,TDB_CUST_1088894,FB,BUY,157,685.62
TDB_00001278,2024-09-25 15:19:54,TDB_CUST_4239876,GOOGL,BUY,595,81.44
TDB_00001279,2024-09-22 05:06:14,TDB_CUST_9185038,FB,BUY,510,699.49
TDB_00001280,2024-09-19 07:15:25,TDB_CUST_5990777,NFLX,SELL,444,103.86
TDB_00001281,2024-09-24 10:17:37,TDB_CUST_4025410,MSFT,SELL,889,812.87
TDB_00001282,2024-09-23 17:39:27,TDB_CUST_3397684,JPM,BUY,442,194.23
TDB_00001283,2024-09-25 02:52:16,TDB_CUST_4731178,AMZN,SELL,268,1016.71
TDB_00001284,2024-09-21 12:13:26,TDB_CUST_6443792,TSLA,BUY,727,723.92
TDB_00001285,2024-09-24 09:59:13,TDB_CUST_6426739,MSFT,SELL,652,29.88
TDB_00001286,2024-09-24 04:19:50,TDB_CUST_5962075,AMZN,SELL,526,413.94
TDB_00001287,2024-09-21 05:51:25,TDB_CUST_6842785,FB,SELL,774,1256.03
TDB_00001288,2024-09-25 05:01:31,TDB_CUST_2967156,AMZN,BUY,761,1117.64
TDB_00001289,2024-09-23 21:56:45,TDB_CUST_7479003,FB,BUY,125,813.34
TDB_00001290,2024-09-20 21:07:16,TDB_CUST_2304364,NVDA,SELL,247,196.52
TDB_00001291,2024-09-24 02:46:33,TDB_CUST_8096509,GOOGL,BUY,140,1404.37
TDB_00001292,2024-09-20 14:02:45,TDB_CUST_1095167,AMZN,SELL,944,1433.01
TDB_00001293,2024-09-22 01:08:56,TDB_CUST_9259873,GOOGL,BUY,514,976.97
TDB_00001294,2024-09-23 11:54:10,TDB_CUST_1010031,MSFT,SELL,496,882.14
TDB_00001295,2024-09-25 07:04:11,TDB_CUST_2985014,AAPL,BUY,219,293.18
TDB_00001296,2024-09-19 13:04:05,TDB_CUST_8606562,GOOGL,BUY,176,616.5
TDB_00001297,2024-09-21 23:52:11,TDB_CUST_7742858,TSLA,SELL,610,877.68
TDB_00001298,2024-09-23 01:42:57,TDB_CUST_7944808,GOOGL,SELL,459,910.33
TDB_00001299,2024-09-23 12:25:04,TDB_CUST_8036563,NVDA,SELL,258,649.83
TDB_00001300,2024-09-19 16:36:09,TDB_CUST_3862346,MSFT,BUY,448,922.79
TDB_00001301,2024-09-23 00:28:27,TDB_CUST_1529172,AAPL,SELL,428,1349.51
TDB_00001302,2024-09-19 22:47:54,TDB_CUST_1080644,AAPL,BUY,401,507.54
TDB_00001303,2024-09-25 00:21:49,TDB_CUST_6735172,JPM,BUY,54,578.93
TDB_00001304,2024-09-21 23:18:44,TDB_CUST_8014778,NFLX,SELL,770,448.76
TDB_00001305,2024-09-23 11:19:13,TDB_CUST_1211220,TSLA,BUY,744,605.57
TDB_00001306,2024-09-19 16:08:35,TDB_CUST_2187742,JPM,BUY,592,1073.55
TDB_00001307,2024-09-22 16:21:36,TDB_CUST_3608421,NFLX,SELL,757,1174.62
TDB_00001308,2024-09-23 16:10:22,TDB_CUST_8184890,TSLA,BUY,913,189.25
TDB_00001309,2024-09-20 08:05:26,TDB_CUST_8602966,FB,BUY,617,397.32
TDB_00001310,2024-09-21 09:38:15,TDB_CUST_1934060,JPM,SELL,497,618.09
TDB_00001311,2024-09-20 17:57:55,TDB_CUST_1486950,V,BUY,686,735.36
TDB_00001312,2024-09-24 23:43:39,TDB_CUST_9831316,GOOGL,SELL,963,1436.7
TDB_00001313,2024-09-24 04:21:55,TDB_CUST_5789626,JPM,SELL,50,586.04
TDB_00001314,2024-09-22 05:40:01,TDB_CUST_7650470,JPM,BUY,3,626.2
TDB_00001315,2024-09-20 20:37:56,TDB_CUST_4239627,NVDA,BUY,610,1426.44
TDB_00001316,2024-09-23 23:20:52,TDB_CUST_7006799,MSFT,BUY,415,824.25
TDB_00001317,2024-09-22 06:01:18,TDB_CUST_3362673,V,SELL,612,467.7
TDB_00001318,2024-09-23 20:29:19,TDB_CUST_5816044,JPM,BUY,229,1312.85
TDB_00001319,2024-09-24 23:10:34,TDB_CUST_7383656,NFLX,SELL,84,481.35
TDB_00001320,2024-09-20 00:20:07,TDB_CUST_9585924,TSLA,SELL,661,374.81
TDB_00001321,2024-09-24 07:36:36,TDB_CUST_2209194,JPM,BUY,464,1093.78
TDB_00001322,2024-09-24 01:36:00,TDB_CUST_3868486,AAPL,SELL,34,1325.28
TDB_00001323,2024-09-19 09:28:21,TDB_CUST_2474759,AAPL,BUY,691,1143.61
TDB_00001324,2024-09-23 23:07:38,TDB_CUST_2787577,TSLA,BUY,960,952.65
TDB_00001325,2024-09-24 18:16:03,TDB_CUST_6843741,FB,BUY,62,60.66
TDB_00001326,2024-09-21 14:59:57,TDB_CUST_7866908,NVDA,SELL,983,1150.15
TDB_00001327,2024-09-20 19:34:53,TDB_CUST_4489572,JPM,BUY,222,1481.36
TDB_00001328,2024-09-22 21:34:06,TDB_CUST_3747240,JPM,BUY,817,1303.76
TDB_00001329,2024-09-25 14:06:07,TDB_CUST_6151042,NVDA,BUY,995,1127.33
TDB_00001330,2024-09-23 23:43:15,TDB_CUST_8335817,AAPL,BUY,526,1449.03
TDB_00001331,2024-09-25 03:43:00,TDB_CUST_1291847,NFLX,SELL,808,98.3
TDB_00001332,2024-09-23 20:41:05,TDB_CUST_4477193,TSLA,BUY,499,72.13
TDB_00001333,2024-09-21 23:01:31,TDB_CUST_8300696,NFLX,SELL,737,691.96
TDB_00001334,2024-09-24 16:39:41,TDB_CUST_1072466,TSLA,SELL,339,1127.16
TDB_00001335,2024-09-21 10:27:52,TDB_CUST_7075375,FB,BUY,447,417.22
TDB_00001336,2024-09-18 22:49:05,TDB_CUST_2182926,GOOGL,SELL,441,1134.58
TDB_00001337,2024-09-23 16:32:12,TDB_CUST_6156163,V,BUY,51,172.01
TDB_00001338,2024-09-20 02:51:16,TDB_CUST_1823796,GOOGL,BUY,678,295.18
TDB_00001339,2024-09-19 15:22:33,TDB_CUST_4908259,FB,BUY,414,592.34
TDB_00001340,2024-09-21 22:57:19,TDB_CUST_9633524,AAPL,SELL,172,1452.74
TDB_00001341,2024-09-24 15:46:26,TDB_CUST_7547708,AAPL,BUY,522,651.92
TDB_00001342,2024-09-19 18:47:03,TDB_CUST_8002782,GOOGL,SELL,540,800.59
TDB_00001343,2024-09-25 10:12:14,TDB_CUST_1452774,NVDA,BUY,23,461.48
TDB_00001344,2024-09-24 05:11:51,TDB_CUST_4085304,MSFT,SELL,113,239.9
TDB_00001345,2024-09-20 12:22:18,TDB_CUST_9746734,AAPL,SELL,908,1384.24
TDB_00001346,2024-09-22 00:54:27,TDB_CUST_1825744,NFLX,BUY,238,941.56
TDB_00001347,2024-09-22 18:30:20,TDB_CUST_8291256,FB,SELL,940,1235.85
TDB_00001348,2024-09-25 07:07:19,TDB_CUST_3478804,V,BUY,674,191.93
TDB_00001349,2024-09-21 06:18:45,TDB_CUST_4286317,NFLX,BUY,498,1414.29
TDB_00001350,2024-09-19 23:35:56,TDB_CUST_3768167,FB,BUY,472,884.65
TDB_00001351,2024-09-18 21:11:58,TDB_CUST_4653238,TSLA,BUY,629,197.4
TDB_00001352,2024-09-23 11:32:49,TDB_CUST_4281705,AAPL,BUY,263,285.89
TDB_00001353,2024-09-25 03:15:07,TDB_CUST_9131505,NVDA,BUY,470,172.44
TDB_00001354,2024-09-21 16:02:57,TDB_CUST_7734970,JPM,SELL,214,181.1
TDB_00001355,2024-09-24 04:55:14,TDB_CUST_1082547,FB,BUY,795,561.51
TDB_00001356,2024-09-24 23:25:09,TDB_CUST_5891968,V,BUY,114,494.82
TDB_00001357,2024-09-23 02:13:50,TDB_CUST_5754765,TSLA,BUY,867,1030.36
TDB_00001358,2024-09-24 18:43:54,TDB_CUST_2757749,TSLA,SELL,743,893.35
TDB_00001359,2024-09-25 00:19:21,TDB_CUST_1891112,FB,BUY,894,1467.17
TDB_00001360,2024-09-20 07:13:06,TDB_CUST_6308789,TSLA,SELL,177,658.66
TDB_00001361,2024-09-24 07:13:26,TDB_CUST_5299245,FB,BUY,577,188.96
TDB_00001362,2024-09-20 11:41:45,TDB_CUST_6723318,NFLX,BUY,404,74.92
TDB_00001363,2024-09-23 20:14:47,TDB_CUST_8642075,GOOGL,SELL,953,1195.05
TDB_00001364,2024-09-18 20:58:29,TDB_CUST_5052016,V,BUY,420,589.72
TDB_00001365,2024-09-24 01:02:25,TDB_CUST_5818227,AMZN,BUY,362,1215.15
TDB_00001366,2024-09-22 18:26:31,TDB_CUST_1617195,AAPL,BUY,788,283.27
TDB_00001367,2024-09-24 13:58:32,TDB_CUST_1184717,AMZN,SELL,707,236.47
TDB_00001368,2024-09-24 20:29:17,TDB_CUST_6209989,AMZN,SELL,648,431.46
TDB_00001369,2024-09-21 15:08:58,TDB_CUST_4212151,AMZN,SELL,554,33.82
TDB_00001370,2024-09-24 19:22:53,TDB_CUST_1324251,NVDA,SELL,687,15.55
TDB_00001371,2024-09-22 17:14:04,TDB_CUST_7741943,MSFT,BUY,279,311.36
TDB_00001372,2024-09-25 05:49:28,TDB_CUST_8107573,TSLA,BUY,288,625.66
TDB_00001373,2024-09-24 03:21:40,TDB_CUST_1910068,JPM,SELL,618,273.36
TDB_00001374,2024-09-25 08:03:55,TDB_CUST_9382530,AAPL,SELL,726,482.48
TDB_00001375,2024-09-25 12:16:47,TDB_CUST_4248927,FB,BUY,709,796.78
TDB_00001376,2024-09-24 17:33:59,TDB_CUST_8594933,V,SELL,449,589.74
TDB_00001377,2024-09-19 02:48:43,TDB_CUST_7709208,V,SELL,633,964.73
TDB_00001378,2024-09-20 21:52:09,TDB_CUST_4917635,V,SELL,928,15.13
TDB_00001379,2024-09-25 11:22:00,TDB_CUST_6364166,FB,SELL,367,1431.79
TDB_00001380,2024-09-21 04:40:25,TDB_CUST_6202451,MSFT,BUY,37,416.82
TDB_00001381,2024-09-24 06:57:54,TDB_CUST_2393400,FB,BUY,931,571.98
TDB_00001382,2024-09-18 18:35:17,TDB_CUST_9623034,NFLX,BUY,437,386.0
TDB_00001383,2024-09-20 19:06:43,TDB_CUST_6466909,GOOGL,BUY,565,810.72
TDB_00001384,2024-09-21 13:44:11,TDB_CUST_4602661,MSFT,BUY,533,1312.82
TDB_00001385,2024-09-25 01:32:59,TDB_CUST_6596749,JPM,BUY,704,1422.16
TDB_00001386,2024-09-23 11:10:51,TDB_CUST_5266396,JPM,BUY,858,1425.79
TDB_00001387,2024-09-21 09:39:14,TDB_CUST_6765526,GOOGL,SELL,711,789.17
TDB_00001388,2024-09-23 04:49:22,TDB_CUST_7786688,TSLA,SELL,1000,216.46
TDB_00001389,2024-09-21 13:28:25,TDB_CUST_2452130,AMZN,BUY,110,395.68
TDB_00001390,2024-09-22 08:21:47,TDB_CUST_6243844,NFLX,BUY,662,168.48
TDB_00001391,2024-09-25 07:23:12,TDB_CUST_5711441,TSLA,SELL,916,333.38
TDB_00001392,2024-09-20 09:04:16,TDB_CUST_4293950,TSLA,SELL,275,1033.2
TDB_00001393,2024-09-19 01:57:48,TDB_CUST_5648868,V,BUY,109,1172.46
TDB_00001394,2024-09-25 12:25:13,TDB_CUST_1902975,NVDA,SELL,676,741.58
TDB_00001395,2024-09-20 20:33:09,TDB_CUST_1445759,MSFT,SELL,775,1401.18
TDB_00001396,2024-09-24 17:43:46,TDB_CUST_5564342,NVDA,BUY,446,690.9
TDB_00001397,2024-09-22 21:54:09,TDB_CUST_7720043,JPM,BUY,547,927.15
TDB_00001398,2024-09-22 15:36:17,TDB_CUST_8680035,NFLX,BUY,82,1145.47
TDB_00001399,2024-09-21 12:35:52,TDB_CUST_3092403,GOOGL,BUY,319,1278.21
TDB_00001400,2024-09-21 12:22:51,TDB_CUST_9357270,NVDA,BUY,596,54.03
TDB_00001401,2024-09-24 07:49:59,TDB_CUST_1280900,NFLX,SELL,710,417.86
TDB_00001402,2024-09-22 15:08:52,TDB_CUST_2124796,JPM,BUY,863,562.2
TDB_00001403,2024-09-21 18:53:21,TDB_CUST_2608469,MSFT,SELL,333,152.48
TDB_00001404,2024-09-21 17:00:53,TDB_CUST_1509982,JPM,SELL,92,100.38
TDB_00001405,2024-09-23 00:37:22,TDB_CUST_5789529,MSFT,SELL,532,227.83
TDB_00001406,2024-09-19 16:19:25,TDB_CUST_3066623,FB,SELL,704,624.17
TDB_00001407,2024-09-20 15:50:55,TDB_CUST_3384511,NVDA,BUY,73,185.18
TDB_00001408,2024-09-21 11:52:44,TDB_CUST_9417172,JPM,SELL,640,1172.42
TDB_00001409,2024-09-25 14:46:55,TDB_CUST_2935070,FB,SELL,988,108.74
TDB_00001410,2024-09-20 07:39:14,TDB_CUST_2316214,JPM,BUY,842,221.61
TDB_00001411,2024-09-20 09:03:48,TDB_CUST_5505509,AAPL,BUY,232,1406.58
TDB_00001412,2024-09-20 04:45:09,TDB_CUST_6916883,AAPL,SELL,792,855.01
TDB_00001413,2024-09-20 17:53:47,TDB_CUST_4047067,V,SELL,373,1064.93
TDB_00001414,2024-09-21 16:07:23,TDB_CUST_8196391,MSFT,BUY,160,993.88
TDB_00001415,2024-09-20 14:13:55,TDB_CUST_1175441,V,BUY,728,127.8
TDB_00001416,2024-09-23 12:24:27,TDB_CUST_3898137,NFLX,BUY,880,781.69
TDB_00001417,2024-09-19 19:43:27,TDB_CUST_9625481,JPM,BUY,890,1394.86
TDB_00001418,2024-09-24 02:20:47,TDB_CUST_4903832,AMZN,BUY,900,879.14
TDB_00001419,2024-09-19 07:27:10,TDB_CUST_9221427,V,SELL,110,280.62
TDB_00001420,2024-09-25 02:54:30,TDB_CUST_2796487,NVDA,BUY,191,663.12
TDB_00001421,2024-09-21 15:04:09,TDB_CUST_1365530,NFLX,SELL,942,1143.66
TDB_00001422,2024-09-23 06:10:20,TDB_CUST_3497287,JPM,BUY,227,345.24
TDB_00001423,2024-09-24 23:05:06,TDB_CUST_9692285,FB,SELL,550,16.48
TDB_00001424,2024-09-21 20:58:53,TDB_CUST_7655324,GOOGL,BUY,320,609.6
TDB_00001425,2024-09-23 03:22:59,TDB_CUST_2312017,JPM,SELL,32,1327.53
TDB_00001426,2024-09-23 17:38:27,TDB_CUST_5159014,TSLA,SELL,376,1341.62
TDB_00001427,2024-09-23 00:30:05,TDB_CUST_8709299,MSFT,SELL,278,555.15
TDB_00001428,2024-09-20 16:09:01,TDB_CUST_4684564,JPM,SELL,86,11.33
TDB_00001429,2024-09-25 04:11:17,TDB_CUST_4513797,V,SELL,954,1094.95
TDB_00001430,2024-09-21 23:14:02,TDB_CUST_4999262,NFLX,BUY,149,488.55
TDB_00001431,2024-09-22 15:41:37,TDB_CUST_8632835,MSFT,SELL,967,1305.92
TDB_00001432,2024-09-19 10:58:16,TDB_CUST_2613368,AMZN,SELL,625,352.31
TDB_00001433,2024-09-24 21:11:22,TDB_CUST_5595185,GOOGL,BUY,668,1175.3
TDB_00001434,2024-09-21 12:12:04,TDB_CUST_7106911,GOOGL,BUY,470,123.81
TDB_00001435,2024-09-21 14:27:48,TDB_CUST_4745324,V,SELL,909,137.87
TDB_00001436,2024-09-22 17:12:13,TDB_CUST_7473558,AMZN,SELL,654,1331.29
TDB_00001437,2024-09-25 04:24:39,TDB_CUST_1157618,NFLX,BUY,866,1399.65
TDB_00001438,2024-09-21 11:04:35,TDB_CUST_3600457,V,SELL,857,46.64
TDB_00001439,2024-09-19 15:05:34,TDB_CUST_3375652,FB,SELL,216,385.94
TDB_00001440,2024-09-22 17:41:15,TDB_CUST_1360707,AAPL,BUY,445,809.03
TDB_00001441,2024-09-23 22:30:43,TDB_CUST_4963543,NFLX,BUY,306,711.54
TDB_00001442,2024-09-21 19:53:03,TDB_CUST_6705445,MSFT,SELL,557,688.53
TDB_00001443,2024-09-25 00:54:27,TDB_CUST_2267276,V,SELL,708,439.31
TDB_00001444,2024-09-22 21:59:41,TDB_CUST_9919522,FB,BUY,898,181.08
TDB_00001445,2024-09-19 12:12:58,TDB_CUST_1719717,TSLA,SELL,546,556.85
TDB_00001446,2024-09-18 21:05:25,TDB_CUST_1412945,MSFT,SELL,143,1480.6
TDB_00001447,2024-09-19 09:33:09,TDB_CUST_5376578,JPM,BUY,758,1430.9
TDB_00001448,2024-09-20 19:36:42,TDB_CUST_6389182,MSFT,SELL,478,1296.34
TDB_00001449,2024-09-20 20:50:38,TDB_CUST_9887861,JPM,BUY,279,1378.51
TDB_00001450,2024-09-22 00:58:08,TDB_CUST_8949488,NVDA,BUY,493,1172.83
TDB_00001451,2024-09-23 06:42:32,TDB_CUST_8579020,AMZN,BUY,836,1231.09
TDB_00001452,2024-09-19 12:59:15,TDB_CUST_6730571,NVDA,SELL,612,404.24
TDB_00001453,2024-09-23 08:46:22,TDB_CUST_4174948,AMZN,SELL,407,448.08
TDB_00001454,2024-09-20 02:26:38,TDB_CUST_8879036,GOOGL,SELL,433,455.91
TDB_00001455,2024-09-24 04:54:19,TDB_CUST_3436475,NFLX,SELL,59,639.95
TDB_00001456,2024-09-21 02:37:28,TDB_CUST_2266690,AAPL,SELL,443,1373.01
TDB_00001457,2024-09-21 05:35:03,TDB_CUST_8512329,JPM,SELL,954,390.96
TDB_00001458,2024-09-19 10:51:52,TDB_CUST_5299125,FB,SELL,53,457.46
TDB_00001459,2024-09-25 15:52:15,TDB_CUST_6245686,NFLX,SELL,118,628.19
TDB_00001460,2024-09-24 14:13:54,TDB_CUST_6324846,AMZN,SELL,317,1290.95
TDB_00001461,2024-09-21 04:54:45,TDB_CUST_7082209,JPM,SELL,861,978.11
TDB_00001462,2024-09-19 18:53:10,TDB_CUST_1968153,NVDA,SELL,943,29.57
TDB_00001463,2024-09-23 16:43:05,TDB_CUST_6091246,JPM,BUY,690,860.81
TDB_00001464,2024-09-22 14:15:44,TDB_CUST_6808883,GOOGL,BUY,500,128.72
TDB_00001465,2024-09-20 21:11:26,TDB_CUST_8416938,TSLA,SELL,890,804.69
TDB_00001466,2024-09-21 14:24:48,TDB_CUST_8397331,FB,BUY,930,1189.61
TDB_00001467,2024-09-18 21:09:00,TDB_CUST_6224286,AMZN,SELL,411,1477.73
TDB_00001468,2024-09-20 17:19:33,TDB_CUST_9324784,AAPL,BUY,594,62.95
TDB_00001469,2024-09-23 05:42:32,TDB_CUST_9385703,GOOGL,BUY,131,1192.49
TDB_00001470,2024-09-23 14:44:04,TDB_CUST_3417787,TSLA,SELL,9,983.63
TDB_00001471,2024-09-22 10:51:02,TDB_CUST_6259899,GOOGL,BUY,104,975.7
TDB_00001472,2024-09-22 21:03:06,TDB_CUST_2564427,AMZN,SELL,284,461.8
TDB_00001473,2024-09-21 04:48:53,TDB_CUST_7984213,AMZN,BUY,51,118.57
TDB_00001474,2024-09-21 20:40:41,TDB_CUST_2684577,JPM,SELL,255,1012.81
TDB_00001475,2024-09-22 13:55:21,TDB_CUST_8889361,JPM,SELL,993,1242.32
TDB_00001476,2024-09-25 00:50:39,TDB_CUST_7032954,AAPL,BUY,93,1366.58
TDB_00001477,2024-09-20 09:58:14,TDB_CUST_9399222,TSLA,SELL,307,1246.42
TDB_00001478,2024-09-19 03:19:05,TDB_CUST_2557724,FB,SELL,772,1079.59
TDB_00001479,2024-09-18 18:20:52,TDB_CUST_5028117,GOOGL,BUY,243,81.13
TDB_00001480,2024-09-22 22:16:36,TDB_CUST_6596174,TSLA,SELL,46,1477.71
TDB_00001481,2024-09-23 21:31:19,TDB_CUST_8897038,JPM,BUY,309,625.42
TDB_00001482,2024-09-23 07:55:04,TDB_CUST_4739137,NFLX,SELL,629,645.2
TDB_00001483,2024-09-21 20:57:20,TDB_CUST_4027859,AMZN,BUY,343,719.32
TDB_00001484,2024-09-22 21:08:07,TDB_CUST_1071685,MSFT,SELL,986,659.34
TDB_00001485,2024-09-20 20:56:28,TDB_CUST_5577622,FB,BUY,238,1463.58
TDB_00001486,2024-09-21 08:05:38,TDB_CUST_3161948,TSLA,BUY,651,1482.68
TDB_00001487,2024-09-19 01:55:11,TDB_CUST_4598615,TSLA,SELL,909,1428.68
TDB_00001488,2024-09-24 06:45:45,TDB_CUST_5564973,NVDA,BUY,678,384.51
TDB_00001489,2024-09-23 22:04:55,TDB_CUST_5262461,GOOGL,BUY,441,955.61
TDB_00001490,2024-09-25 10:54:41,TDB_CUST_3537873,AAPL,BUY,599,756.24
TDB_00001491,2024-09-22 04:09:23,TDB_CUST_9719112,NFLX,BUY,46,1076.97
TDB_00001492,2024-09-22 20:46:26,TDB_CUST_6546100,V,BUY,675,751.95
TDB_00001493,2024-09-21 15:46:50,TDB_CUST_8611229,AAPL,BUY,779,60.08
TDB_00001494,2024-09-25 04:53:55,TDB_CUST_8019738,MSFT,BUY,504,1348.49
TDB_00001495,2024-09-20 17:01:46,TDB_CUST_8455629,TSLA,BUY,486,1075.3
TDB_00001496,2024-09-25 17:04:04,TDB_CUST_9384275,NVDA,BUY,14,133.09
TDB_00001497,2024-09-20 06:02:15,TDB_CUST_9134979,TSLA,SELL,839,434.65
TDB_00001498,2024-09-23 23:51:08,TDB_CUST_1443523,NFLX,SELL,671,1269.84
TDB_00001499,2024-09-19 10:53:13,TDB_CUST_6924340,NVDA,BUY,69,974.01
TDB_00001500,2024-09-22 10:27:14,TDB_CUST_7427249,NFLX,SELL,835,880.2
TDB_00001501,2024-09-24 11:10:06,TDB_CUST_5647965,TSLA,SELL,352,331.27
TDB_00001502,2024-09-24 11:15:59,TDB_CUST_9189906,JPM,SELL,193,1169.89
TDB_00001503,2024-09-21 12:49:54,TDB_CUST_3498272,V,SELL,589,1363.67
TDB_00001504,2024-09-25 05:34:03,TDB_CUST_6633779,TSLA,SELL,863,311.17
TDB_00001505,2024-09-24 20:37:54,TDB_CUST_5759489,MSFT,SELL,150,66.44
TDB_00001506,2024-09-20 22:56:53,TDB_CUST_2319776,NVDA,SELL,924,214.38
TDB_00001507,2024-09-21 17:46:10,TDB_CUST_3906869,JPM,SELL,470,1156.21
TDB_00001508,2024-09-23 06:38:18,TDB_CUST_6573498,MSFT,BUY,322,764.81
TDB_00001509,2024-09-22 08:48:54,TDB_CUST_6117790,TSLA,BUY,152,653.46
TDB_00001510,2024-09-19 02:44:59,TDB_CUST_4843925,TSLA,SELL,662,595.23
TDB_00001511,2024-09-21 21:21:33,TDB_CUST_3622088,NFLX,SELL,688,1442.9
TDB_00001512,2024-09-23 21:31:24,TDB_CUST_1359483,GOOGL,SELL,791,1431.97
TDB_00001513,2024-09-19 05:05:10,TDB_CUST_1422930,AAPL,BUY,900,661.33
TDB_00001514,2024-09-23 07:02:11,TDB_CUST_7807288,NFLX,SELL,899,1198.73
TDB_00001515,2024-09-22 23:03:56,TDB_CUST_9210921,JPM,BUY,619,670.52
TDB_00001516,2024-09-23 19:03:56,TDB_CUST_3355466,NFLX,SELL,787,577.9
TDB_00001517,2024-09-19 06:19:09,TDB_CUST_9657751,JPM,BUY,857,253.8
TDB_00001518,2024-09-21 10:03:50,TDB_CUST_6189478,FB,SELL,694,678.99
TDB_00001519,2024-09-22 05:26:50,TDB_CUST_5183662,TSLA,BUY,798,440.68
TDB_00001520,2024-09-22 16:35:37,TDB_CUST_7221003,AAPL,SELL,226,1165.98
TDB_00001521,2024-09-20 00:05:05,TDB_CUST_3156953,AMZN,BUY,146,685.28
TDB_00001522,2024-09-19 10:30:56,TDB_CUST_2300868,MSFT,SELL,597,1384.06
TDB_00001523,2024-09-21 23:52:38,TDB_CUST_5950851,JPM,SELL,38,1395.72
TDB_00001524,2024-09-23 08:31:24,TDB_CUST_1748529,V,BUY,219,1265.06
TDB_00001525,2024-09-25 17:05:23,TDB_CUST_8874393,NVDA,BUY,729,702.88
TDB_00001526,2024-09-23 23:04:16,TDB_CUST_7647643,NFLX,BUY,348,457.6
TDB_00001527,2024-09-24 19:05:26,TDB_CUST_7664261,NVDA,SELL,283,253.76
TDB_00001528,2024-09-22 00:44:01,TDB_CUST_3937169,AMZN,BUY,105,686.02
TDB_00001529,2024-09-25 11:17:14,TDB_CUST_5115924,FB,BUY,323,238.76
TDB_00001530,2024-09-21 00:56:24,TDB_CUST_7627806,V,SELL,959,395.56
TDB_00001531,2024-09-25 01:48:27,TDB_CUST_2770304,MSFT,BUY,720,526.54
TDB_00001532,2024-09-22 00:32:22,TDB_CUST_8714469,V,BUY,9,1080.81
TDB_00001533,2024-09-23 17:52:01,TDB_CUST_3372981,AAPL,BUY,870,64.8
TDB_00001534,2024-09-21 11:15:21,TDB_CUST_5128231,TSLA,BUY,790,1300.23
TDB_00001535,2024-09-20 02:39:21,TDB_CUST_4712125,NVDA,SELL,418,580.42
TDB_00001536,2024-09-20 14:31:13,TDB_CUST_9277949,V,SELL,846,1400.0
TDB_00001537,2024-09-18 20:52:24,TDB_CUST_3701890,AAPL,SELL,155,1183.67
TDB_00001538,2024-09-20 20:02:48,TDB_CUST_6635582,V,SELL,465,1126.9
TDB_00001539,2024-09-21 22:22:54,TDB_CUST_5854329,NVDA,SELL,255,1346.6
TDB_00001540,2024-09-20 16:38:26,TDB_CUST_1205493,NFLX,BUY,599,1277.15
TDB_00001541,2024-09-23 08:21:57,TDB_CUST_1136952,GOOGL,SELL,472,1485.27
TDB_00001542,2024-09-24 11:40:31,TDB_CUST_1122931,TSLA,BUY,854,829.42
TDB_00001543,2024-09-21 16:28:26,TDB_CUST_4834059,AMZN,SELL,368,629.25
TDB_00001544,2024-09-25 07:55:10,TDB_CUST_6124443,MSFT,SELL,835,1254.81
TDB_00001545,2024-09-19 09:55:29,TDB_CUST_4272015,NFLX,BUY,512,1446.82
TDB_00001546,2024-09-25 10:50:13,TDB_CUST_3207469,NFLX,BUY,206,1007.06
TDB_00001547,2024-09-22 23:55:03,TDB_CUST_7624736,JPM,SELL,782,1331.31
TDB_00001548,2024-09-21 00:40:30,TDB_CUST_6617072,AAPL,BUY,12,1286.65
TDB_00001549,2024-09-21 03:44:30,TDB_CUST_3086904,GOOGL,SELL,413,716.13
TDB_00001550,2024-09-23 22:46:00,TDB_CUST_4268430,NVDA,BUY,361,1189.28
TDB_00001551,2024-09-20 17:51:38,TDB_CUST_4560221,V,SELL,630,209.68
TDB_00001552,2024-09-23 01:16:07,TDB_CUST_3630587,FB,BUY,631,772.69
TDB_00001553,2024-09-19 15:18:24,TDB_CUST_1103253,V,BUY,651,1113.95
TDB_00001554,2024-09-22 03:26:58,TDB_CUST_9271116,GOOGL,SELL,366,1062.33
TDB_00001555,2024-09-19 16:38:29,TDB_CUST_8363210,MSFT,SELL,852,105.44
TDB_00001556,2024-09-25 03:16:36,TDB_CUST_6836092,V,SELL,474,720.08
TDB_00001557,2024-09-25 17:43:35,TDB_CUST_8590116,TSLA,BUY,494,1382.17
TDB_00001558,2024-09-21 10:03:12,TDB_CUST_9443611,AMZN,SELL,667,343.98
TDB_00001559,2024-09-21 01:50:14,TDB_CUST_4729002,MSFT,SELL,351,222.21
TDB_00001560,2024-09-19 06:43:10,TDB_CUST_4477718,MSFT,BUY,191,1330.36
TDB_00001561,2024-09-24 16:37:35,TDB_CUST_3228707,AMZN,BUY,212,1166.49
TDB_00001562,2024-09-19 20:55:39,TDB_CUST_3385812,V,SELL,504,1186.16
TDB_00001563,2024-09-25 09:05:06,TDB_CUST_7793474,GOOGL,SELL,132,727.75
TDB_00001564,2024-09-24 05:59:36,TDB_CUST_4316821,MSFT,BUY,729,1064.04
TDB_00001565,2024-09-23 10:11:31,TDB_CUST_8297408,FB,BUY,587,113.28
TDB_00001566,2024-09-23 03:16:57,TDB_CUST_1677175,AMZN,BUY,327,486.67
TDB_00001567,2024-09-24 15:20:18,TDB_CUST_7635986,AMZN,SELL,41,557.87
TDB_00001568,2024-09-21 13:33:07,TDB_CUST_2809456,GOOGL,BUY,934,1393.3
TDB_00001569,2024-09-23 21:13:49,TDB_CUST_9064117,MSFT,SELL,526,784.82
TDB_00001570,2024-09-20 21:23:58,TDB_CUST_2735451,NVDA,BUY,644,821.38
TDB_00001571,2024-09-24 06:25:15,TDB_CUST_6295693,MSFT,SELL,955,276.92
TDB_00001572,2024-09-21 17:59:12,TDB_CUST_8486449,AAPL,BUY,30,191.24
TDB_00001573,2024-09-22 06:17:53,TDB_CUST_9803263,TSLA,SELL,930,1088.24
TDB_00001574,2024-09-20 18:52:20,TDB_CUST_3052696,FB,SELL,25,761.97
TDB_00001575,2024-09-25 04:47:40,TDB_CUST_9283667,JPM,BUY,362,415.96
TDB_00001576,2024-09-23 01:41:48,TDB_CUST_2394750,AAPL,SELL,234,256.82
TDB_00001577,2024-09-25 02:34:56,TDB_CUST_6931608,NFLX,BUY,107,726.1
TDB_00001578,2024-09-22 05:17:15,TDB_CUST_6376044,NVDA,BUY,814,528.56
TDB_00001579,2024-09-22 19:19:10,TDB_CUST_2909807,AAPL,SELL,476,1454.7
TDB_00001580,2024-09-20 02:11:26,TDB_CUST_4054855,AAPL,SELL,534,1077.51
TDB_00001581,2024-09-23 18:01:30,TDB_CUST_2438908,AMZN,BUY,813,527.67
TDB_00001582,2024-09-18 20:40:22,TDB_CUST_7414056,FB,BUY,132,798.13
TDB_00001583,2024-09-19 13:01:08,TDB_CUST_6779999,MSFT,BUY,799,498.03
TDB_00001584,2024-09-20 09:46:30,TDB_CUST_5967361,AMZN,SELL,132,1032.32
TDB_00001585,2024-09-25 12:29:39,TDB_CUST_3189631,NFLX,BUY,133,1394.4
TDB_00001586,2024-09-25 12:34:08,TDB_CUST_1034362,AAPL,SELL,757,771.77
TDB_00001587,2024-09-24 14:35:09,TDB_CUST_5712420,AAPL,SELL,506,847.24
TDB_00001588,2024-09-20 21:19:19,TDB_CUST_1382909,MSFT,SELL,13,224.34
TDB_00001589,2024-09-23 19:18:25,TDB_CUST_7766038,FB,BUY,717,658.13
TDB_00001590,2024-09-22 12:04:45,TDB_CUST_6890792,GOOGL,BUY,431,1197.14
TDB_00001591,2024-09-21 13:05:01,TDB_CUST_7665458,AMZN,BUY,986,261.79
TDB_00001592,2024-09-24 23:31:49,TDB_CUST_4167575,AMZN,SELL,889,799.5
TDB_00001593,2024-09-25 00:55:41,TDB_CUST_4231435,MSFT,BUY,981,56.36
TDB_00001594,2024-09-19 15:20:18,TDB_CUST_8614715,TSLA,SELL,782,1076.53
TDB_00001595,2024-09-19 09:34:40,TDB_CUST_4841925,NFLX,SELL,220,227.34
TDB_00001596,2024-09-25 12:23:02,TDB_CUST_8702767,AAPL,SELL,766,1297.88
TDB_00001597,2024-09-24 11:31:40,TDB_CUST_6936093,V,SELL,299,463.18
TDB_00001598,2024-09-24 18:46:07,TDB_CUST_1877232,GOOGL,SELL,662,1112.08
TDB_00001599,2024-09-21 12:12:00,TDB_CUST_5659180,NFLX,BUY,874,913.81
TDB_00001600,2024-09-19 03:04:15,TDB_CUST_8900878,TSLA,SELL,374,1371.86
TDB_00001601,2024-09-21 15:43:40,TDB_CUST_5239687,NVDA,BUY,410,282.79
TDB_00001602,2024-09-24 17:02:55,TDB_CUST_5896620,GOOGL,BUY,652,292.52
TDB_00001603,2024-09-25 02:17:11,TDB_CUST_8344758,GOOGL,SELL,880,728.37
TDB_00001604,2024-09-22 18:53:58,TDB_CUST_2064391,NFLX,SELL,172,1142.66
TDB_00001605,2024-09-21 03:52:39,TDB_CUST_7331287,JPM,BUY,130,672.86
TDB_00001606,2024-09-24 17:09:17,TDB_CUST_2396877,JPM,BUY,390,906.42
TDB_00001607,2024-09-25 00:28:57,TDB_CUST_6919595,FB,SELL,143,1287.43
TDB_00001608,2024-09-20 05:39:18,TDB_CUST_9406751,NFLX,SELL,722,739.82
TDB_00001609,2024-09-22 04:46:43,TDB_CUST_8849076,GOOGL,BUY,310,237.96
TDB_00001610,2024-09-21 00:46:46,TDB_CUST_4642595,NVDA,BUY,346,1487.63
TDB_00001611,2024-09-19 09:54:58,TDB_CUST_8286144,AMZN,BUY,124,483.5
TDB_00001612,2024-09-24 05:25:02,TDB_CUST_9968022,JPM,BUY,435,1237.22
TDB_00001613,2024-09-19 05:55:55,TDB_CUST_4228761,AMZN,BUY,287,899.4
TDB_00001614,2024-09-23 13:27:02,TDB_CUST_5660477,NVDA,SELL,65,1226.31
TDB_00001615,2024-09-25 02:57:50,TDB_CUST_2729531,AMZN,BUY,990,686.28
TDB_00001616,2024-09-22 09:19:53,TDB_CUST_3016393,JPM,BUY,659,1395.46
TDB_00001617,2024-09-24 09:27:17,TDB_CUST_3039826,NVDA,BUY,495,805.51
TDB_00001618,2024-09-22 13:48:17,TDB_CUST_2166219,NVDA,BUY,226,74.81
TDB_00001619,2024-09-25 03:50:49,TDB_CUST_7803406,MSFT,SELL,880,322.04
TDB_00001620,2024-09-24 00:54:17,TDB_CUST_3524681,FB,BUY,198,993.54
TDB_00001621,2024-09-21 04:03:01,TDB_CUST_2530576,V,SELL,870,1061.46
TDB_00001622,2024-09-24 07:48:41,TDB_CUST_2834834,JPM,BUY,240,576.84
TDB_00001623,2024-09-19 03:07:31,TDB_CUST_7532957,JPM,SELL,158,404.66
TDB_00001624,2024-09-18 19:12:39,TDB_CUST_1445555,NVDA,BUY,895,825.63
TDB_00001625,2024-09-20 14:12:03,TDB_CUST_4592579,TSLA,SELL,435,602.01
TDB_00001626,2024-09-23 03:00:11,TDB_CUST_3465328,GOOGL,SELL,867,332.72
TDB_00001627,2024-09-22 10:06:26,TDB_CUST_4483939,NFLX,BUY,388,684.35
TDB_00001628,2024-09-18 19:34:42,TDB_CUST_3059827,AMZN,SELL,376,310.84
TDB_00001629,2024-09-22 04:55:41,TDB_CUST_6357292,NVDA,BUY,821,988.94
TDB_00001630,2024-09-20 13:27:04,TDB_CUST_8588596,JPM,SELL,884,580.34
TDB_00001631,2024-09-21 05:36:07,TDB_CUST_4024332,GOOGL,BUY,262,390.96
TDB_00001632,2024-09-21 22:49:13,TDB_CUST_8951363,FB,BUY,606,556.15
TDB_00001633,2024-09-21 08:16:25,TDB_CUST_3704392,JPM,SELL,351,278.92
TDB_00001634,2024-09-20 05:55:51,TDB_CUST_3782930,JPM,BUY,683,140.64
TDB_00001635,2024-09-23 05:53:34,TDB_CUST_9080527,GOOGL,BUY,54,1316.71
TDB_00001636,2024-09-20 15:24:46,TDB_CUST_2157955,FB,SELL,483,1383.66
TDB_00001637,2024-09-23 13:18:53,TDB_CUST_7528416,JPM,BUY,889,156.78
TDB_00001638,2024-09-21 10:18:14,TDB_CUST_1998727,NVDA,BUY,706,764.75
TDB_00001639,2024-09-24 04:57:13,TDB_CUST_5049138,NFLX,BUY,911,715.22
TDB_00001640,2024-09-25 12:30:46,TDB_CUST_8390196,MSFT,SELL,134,1244.9
TDB_00001641,2024-09-19 07:37:26,TDB_CUST_9940838,NFLX,BUY,96,1377.53
TDB_00001642,2024-09-22 01:45:46,TDB_CUST_2795629,AAPL,SELL,869,268.15
TDB_00001643,2024-09-24 02:36:27,TDB_CUST_5226353,JPM,BUY,416,106.56
TDB_00001644,2024-09-19 14:26:07,TDB_CUST_5901436,MSFT,SELL,87,831.02
TDB_00001645,2024-09-23 18:19:53,TDB_CUST_3058834,AMZN,BUY,364,867.31
TDB_00001646,2024-09-25 13:15:19,TDB_CUST_1329271,NFLX,BUY,30,587.53
TDB_00001647,2024-09-25 08:10:02,TDB_CUST_6810768,NVDA,BUY,572,1240.32
TDB_00001648,2024-09-23 12:15:58,TDB_CUST_7218752,GOOGL,SELL,916,641.87
TDB_00001649,2024-09-25 16:34:14,TDB_CUST_5104185,JPM,BUY,164,138.96
TDB_00001650,2024-09-25 04:48:06,TDB_CUST_4912613,MSFT,SELL,200,651.33
TDB_00001651,2024-09-19 11:37:27,TDB_CUST_2406486,MSFT,SELL,96,1106.9
TDB_00001652,2024-09-24 17:11:04,TDB_CUST_6143710,TSLA,BUY,906,119.09
TDB_00001653,2024-09-23 21:27:00,TDB_CUST_1154720,AAPL,BUY,392,121.67
TDB_00001654,2024-09-20 01:33:28,TDB_CUST_6962810,TSLA,BUY,407,497.68
TDB_00001655,2024-09-19 15:10:33,TDB_CUST_6015246,GOOGL,SELL,471,471.33
TDB_00001656,2024-09-24 20:27:00,TDB_CUST_6873540,TSLA,SELL,914,1345.95
TDB_00001657,2024-09-24 07:19:53,TDB_CUST_1454929,JPM,SELL,656,487.98
TDB_00001658,2024-09-25 07:15:42,TDB_CUST_8663252,V,BUY,410,1108.04
TDB_00001659,2024-09-21 16:26:34,TDB_CUST_4082615,AMZN,BUY,132,129.88
TDB_00001660,2024-09-19 00:25:11,TDB_CUST_1962532,AAPL,BUY,747,305.91
TDB_00001661,2024-09-19 04:45:23,TDB_CUST_1410503,NFLX,SELL,164,1179.8
TDB_00001662,2024-09-20 13:25:12,TDB_CUST_7230813,MSFT,BUY,8,500.31
TDB_00001663,2024-09-21 07:50:46,TDB_CUST_4974768,NVDA,SELL,524,1363.89
TDB_00001664,2024-09-22 03:22:17,TDB_CUST_5501484,NVDA,SELL,824,343.03
TDB_00001665,2024-09-25 07:08:58,TDB_CUST_3123070,MSFT,BUY,23,1128.28
TDB_00001666,2024-09-18 22:31:48,TDB_CUST_6831671,MSFT,SELL,214,719.91
TDB_00001667,2024-09-25 05:22:15,TDB_CUST_3138198,FB,SELL,362,173.76
TDB_00001668,2024-09-21 14:43:07,TDB_CUST_5152567,GOOGL,SELL,441,925.85
TDB_00001669,2024-09-20 02:39:33,TDB_CUST_8057741,AMZN,SELL,87,1288.69
TDB_00001670,2024-09-20 11:03:49,TDB_CUST_2022004,JPM,BUY,276,850.92
TDB_00001671,2024-09-20 05:56:51,TDB_CUST_9659740,JPM,BUY,250,412.84
TDB_00001672,2024-09-19 08:46:44,TDB_CUST_3948362,AMZN,BUY,862,634.85
TDB_00001673,2024-09-19 15:24:38,TDB_CUST_4760298,TSLA,SELL,970,953.53
TDB_00001674,2024-09-22 17:36:49,TDB_CUST_3315362,V,BUY,847,1095.23
TDB_00001675,2024-09-20 03:35:26,TDB_CUST_2740827,GOOGL,SELL,642,966.35
TDB_00001676,2024-09-25 06:40:32,TDB_CUST_6072611,NFLX,SELL,648,742.73
TDB_00001677,2024-09-23 15:11:19,TDB_CUST_7688315,AMZN,BUY,996,892.71
TDB_00001678,2024-09-19 09:32:19,TDB_CUST_6178717,NVDA,SELL,449,241.96
TDB_00001679,2024-09-24 04:51:53,TDB_CUST_4813415,AMZN,SELL,98,700.41
TDB_00001680,2024-09-19 12:29:56,TDB_CUST_6330765,AAPL,SELL,730,18.53
TDB_00001681,2024-09-22 09:55:31,TDB_CUST_3095054,V,BUY,370,772.25
TDB_00001682,2024-09-23 14:38:54,TDB_CUST_9472115,NFLX,SELL,991,261.89
TDB_00001683,2024-09-21 00:19:05,TDB_CUST_9592224,MSFT,SELL,267,481.13
TDB_00001684,2024-09-24 03:59:28,TDB_CUST_6668211,NFLX,SELL,356,1446.72
TDB_00001685,2024-09-20 09:55:34,TDB_CUST_1294463,MSFT,BUY,119,1316.37
TDB_00001686,2024-09-23 02:09:05,TDB_CUST_1528390,AMZN,BUY,629,214.12
TDB_00001687,2024-09-24 00:09:48,TDB_CUST_5223393,V,SELL,969,670.68
TDB_00001688,2024-09-23 10:25:03,TDB_CUST_7879612,TSLA,SELL,961,778.8
TDB_00001689,2024-09-23 17:36:12,TDB_CUST_6691710,MSFT,SELL,328,1176.9
TDB_00001690,2024-09-19 21:40:27,TDB_CUST_5350968,FB,SELL,653,545.23
TDB_00001691,2024-09-25 09:34:45,TDB_CUST_7327822,AMZN,BUY,684,820.39
TDB_00001692,2024-09-22 18:19:55,TDB_CUST_3390924,NVDA,SELL,161,1026.57
TDB_00001693,2024-09-22 22:25:05,TDB_CUST_3518339,AMZN,SELL,787,1307.33
TDB_00001694,2024-09-24 08:03:22,TDB_CUST_7633653,AAPL,SELL,381,33.31
TDB_00001695,2024-09-22 17:17:15,TDB_CUST_5643369,AMZN,BUY,57,1493.02
TDB_00001696,2024-09-21 20:43:46,TDB_CUST_7525644,NVDA,SELL,555,1494.96
TDB_00001697,2024-09-20 18:36:44,TDB_CUST_7896535,FB,SELL,744,944.06
TDB_00001698,2024-09-24 07:37:56,TDB_CUST_9242087,FB,SELL,721,1104.13
TDB_00001699,2024-09-18 22:26:02,TDB_CUST_7567263,MSFT,SELL,44,412.01
TDB_00001700,2024-09-18 19:20:30,TDB_CUST_4159248,V,BUY,440,1327.11
TDB_00001701,2024-09-21 13:20:36,TDB_CUST_9661053,MSFT,BUY,431,130.84
TDB_00001702,2024-09-23 16:39:04,TDB_CUST_5309261,AMZN,SELL,732,960.55
TDB_00001703,2024-09-23 16:13:21,TDB_CUST_5427634,NFLX,SELL,408,1346.51
TDB_00001704,2024-09-24 02:26:28,TDB_CUST_7448315,V,SELL,689,1023.9
TDB_00001705,2024-09-23 13:11:16,TDB_CUST_9472161,AMZN,BUY,126,536.4
TDB_00001706,2024-09-21 21:43:12,TDB_CUST_4814106,FB,BUY,482,1062.49
TDB_00001707,2024-09-25 12:11:58,TDB_CUST_5504505,NFLX,SELL,759,336.28
TDB_00001708,2024-09-24 14:01:47,TDB_CUST_7809985,NVDA,SELL,790,1418.56
TDB_00001709,2024-09-25 13:10:02,TDB_CUST_5868409,JPM,SELL,920,388.12
TDB_00001710,2024-09-22 03:51:34,TDB_CUST_4358662,AAPL,BUY,250,1130.41
TDB_00001711,2024-09-23 08:49:30,TDB_CUST_4018113,JPM,BUY,515,1364.95
TDB_00001712,2024-09-19 23:22:23,TDB_CUST_1486719,AMZN,BUY,734,1453.68
TDB_00001713,2024-09-20 08:21:18,TDB_CUST_5275200,FB,SELL,752,78.6
TDB_00001714,2024-09-21 03:35:34,TDB_CUST_9119241,V,BUY,758,314.01
TDB_00001715,2024-09-25 04:21:51,TDB_CUST_9810235,FB,SELL,803,1251.87
TDB_00001716,2024-09-19 23:17:34,TDB_CUST_6858175,MSFT,SELL,652,1137.37
TDB_00001717,2024-09-19 15:47:35,TDB_CUST_5435591,MSFT,SELL,796,602.93
TDB_00001718,2024-09-19 04:48:50,TDB_CUST_8422054,JPM,SELL,754,1169.21
TDB_00001719,2024-09-24 13:07:56,TDB_CUST_4407171,AMZN,SELL,463,1132.48
TDB_00001720,2024-09-24 10:16:10,TDB_CUST_6043364,GOOGL,BUY,485,112.07
TDB_00001721,2024-09-21 16:05:33,TDB_CUST_5014010,NFLX,SELL,336,784.57
TDB_00001722,2024-09-19 11:51:19,TDB_CUST_2923280,FB,BUY,594,361.45
TDB_00001723,2024-09-22 19:53:48,TDB_CUST_9258091,AMZN,SELL,676,451.59
TDB_00001724,2024-09-25 05:16:58,TDB_CUST_6967400,V,BUY,139,1207.7
TDB_00001725,2024-09-24 06:09:38,TDB_CUST_2378201,TSLA,BUY,515,665.64
TDB_00001726,2024-09-22 02:41:57,TDB_CUST_9246597,V,BUY,356,121.64
TDB_00001727,2024-09-23 03:40:55,TDB_CUST_8153116,NFLX,BUY,439,487.12
TDB_00001728,2024-09-23 08:24:00,TDB_CUST_4419005,TSLA,SELL,500,30.84
TDB_00001729,2024-09-20 13:27:49,TDB_CUST_8853513,MSFT,BUY,261,1224.92
TDB_00001730,2024-09-21 18:29:21,TDB_CUST_1362627,AAPL,BUY,95,1064.29
TDB_00001731,2024-09-19 06:28:39,TDB_CUST_1370215,NFLX,BUY,950,992.26
TDB_00001732,2024-09-19 09:08:38,TDB_CUST_4984370,TSLA,BUY,737,457.09
TDB_00001733,2024-09-24 14:34:40,TDB_CUST_9978267,FB,SELL,455,645.53
TDB_00001734,2024-09-23 10:07:36,TDB_CUST_3595031,NVDA,SELL,2,10.06
TDB_00001735,2024-09-23 16:27:46,TDB_CUST_7387234,AAPL,SELL,827,254.43
TDB_00001736,2024-09-21 06:49:00,TDB_CUST_8053580,NFLX,BUY,232,1095.48
TDB_00001737,2024-09-24 09:42:17,TDB_CUST_8746735,AMZN,SELL,577,407.63
TDB_00001738,2024-09-23 17:04:07,TDB_CUST_1143268,AAPL,SELL,999,984.01
TDB_00001739,2024-09-21 17:54:24,TDB_CUST_2246712,GOOGL,BUY,947,149.65
TDB_00001740,2024-09-23 05:26:20,TDB_CUST_3316754,NFLX,BUY,370,1270.73
TDB_00001741,2024-09-25 00:08:57,TDB_CUST_5462694,NFLX,SELL,265,142.87
TDB_00001742,2024-09-19 16:57:14,TDB_CUST_2103228,JPM,BUY,943,970.36
TDB_00001743,2024-09-23 06:25:29,TDB_CUST_6734990,GOOGL,BUY,722,30.95
TDB_00001744,2024-09-23 15:49:06,TDB_CUST_8792076,GOOGL,SELL,138,26.63
TDB_00001745,2024-09-20 07:47:35,TDB_CUST_9939920,NVDA,SELL,944,1386.48
TDB_00001746,2024-09-24 06:06:23,TDB_CUST_4492438,AMZN,BUY,84,179.7
TDB_00001747,2024-09-25 11:46:40,TDB_CUST_4146654,AAPL,SELL,382,1065.82
TDB_00001748,2024-09-19 05:25:55,TDB_CUST_9733117,TSLA,BUY,161,166.88
TDB_00001749,2024-09-24 12:55:13,TDB_CUST_9716623,GOOGL,SELL,116,738.39
TDB_00001750,2024-09-19 05:14:29,TDB_CUST_7399056,AMZN,BUY,573,1221.5
TDB_00001751,2024-09-20 01:46:42,TDB_CUST_8286194,TSLA,SELL,44,605.88
TDB_00001752,2024-09-24 13:27:32,TDB_CUST_3396945,JPM,SELL,877,1357.11
TDB_00001753,2024-09-25 13:58:10,TDB_CUST_3026341,TSLA,SELL,350,739.38
TDB_00001754,2024-09-22 11:27:03,TDB_CUST_1221590,MSFT,BUY,986,1156.9
TDB_00001755,2024-09-19 14:22:52,TDB_CUST_9807637,TSLA,SELL,844,909.79
TDB_00001756,2024-09-20 21:28:23,TDB_CUST_8872671,AAPL,BUY,46,1114.95
TDB_00001757,2024-09-21 12:34:11,TDB_CUST_4306490,FB,BUY,463,1265.04
TDB_00001758,2024-09-21 13:56:19,TDB_CUST_4074687,NVDA,SELL,682,1042.93
TDB_00001759,2024-09-23 23:18:51,TDB_CUST_9550127,NVDA,SELL,440,111.47
TDB_00001760,2024-09-24 07:14:41,TDB_CUST_1430522,NVDA,SELL,983,107.81
TDB_00001761,2024-09-24 13:11:06,TDB_CUST_5907295,V,BUY,507,221.65
TDB_00001762,2024-09-18 21:00:27,TDB_CUST_1761158,AMZN,BUY,474,1298.78
TDB_00001763,2024-09-21 13:20:21,TDB_CUST_6567253,MSFT,BUY,438,99.68
TDB_00001764,2024-09-25 02:12:06,TDB_CUST_9338056,JPM,BUY,911,388.5
TDB_00001765,2024-09-19 17:32:35,TDB_CUST_9739006,TSLA,BUY,278,1444.97
TDB_00001766,2024-09-20 22:08:10,TDB_CUST_1942274,NVDA,BUY,742,1252.78
TDB_00001767,2024-09-24 18:16:11,TDB_CUST_6549075,NFLX,BUY,818,1476.87
TDB_00001768,2024-09-24 08:17:31,TDB_CUST_4433302,NFLX,BUY,550,554.1
TDB_00001769,2024-09-22 20:53:18,TDB_CUST_7948561,FB,BUY,597,633.4
TDB_00001770,2024-09-19 02:26:41,TDB_CUST_9788985,V,BUY,330,887.11
TDB_00001771,2024-09-22 02:33:50,TDB_CUST_5264203,NVDA,SELL,958,948.46
TDB_00001772,2024-09-18 20:49:56,TDB_CUST_1717252,TSLA,SELL,446,318.96
TDB_00001773,2024-09-23 11:52:46,TDB_CUST_8381164,NFLX,SELL,308,399.77
TDB_00001774,2024-09-20 02:09:26,TDB_CUST_6176583,NVDA,SELL,851,211.08
TDB_00001775,2024-09-20 14:28:58,TDB_CUST_9159798,V,BUY,187,82.45
TDB_00001776,2024-09-24 01:22:03,TDB_CUST_9494003,NVDA,SELL,234,316.78
TDB_00001777,2024-09-20 01:44:26,TDB_CUST_4785197,NFLX,SELL,951,977.45
TDB_00001778,2024-09-21 23:42:40,TDB_CUST_5951740,NVDA,SELL,717,933.94
TDB_00001779,2024-09-24 01:56:41,TDB_CUST_8243425,NFLX,BUY,440,1035.36
TDB_00001780,2024-09-22 16:41:43,TDB_CUST_5274446,JPM,BUY,303,633.05
TDB_00001781,2024-09-20 05:47:32,TDB_CUST_1715623,TSLA,BUY,647,994.83
TDB_00001782,2024-09-23 19:09:34,TDB_CUST_5879579,NVDA,SELL,124,687.92
TDB_00001783,2024-09-24 04:36:11,TDB_CUST_5543661,AAPL,BUY,91,1085.68
TDB_00001784,2024-09-25 13:38:52,TDB_CUST_4755253,AAPL,SELL,216,1080.78
TDB_00001785,2024-09-21 05:27:54,TDB_CUST_9315902,V,SELL,438,1410.76
TDB_00001786,2024-09-22 14:33:24,TDB_CUST_7789083,MSFT,SELL,471,1448.85
TDB_00001787,2024-09-23 14:51:02,TDB_CUST_3942944,V,SELL,837,488.93
TDB_00001788,2024-09-22 09:53:01,TDB_CUST_4911973,AAPL,BUY,30,1233.88
TDB_00001789,2024-09-25 06:38:12,TDB_CUST_7864858,GOOGL,SELL,425,1178.34
TDB_00001790,2024-09-19 23:00:08,TDB_CUST_9270499,FB,SELL,172,921.59
TDB_00001791,2024-09-20 07:07:13,TDB_CUST_8890409,NVDA,BUY,458,573.46
TDB_00001792,2024-09-21 06:07:19,TDB_CUST_8547668,NFLX,SELL,825,525.01
TDB_00001793,2024-09-22 19:45:54,TDB_CUST_6193317,V,SELL,54,1021.07
TDB_00001794,2024-09-21 02:27:22,TDB_CUST_2467418,TSLA,SELL,126,1186.52
TDB_00001795,2024-09-19 18:23:06,TDB_CUST_7246662,AAPL,BUY,353,1422.94
TDB_00001796,2024-09-21 19:41:47,TDB_CUST_7859470,MSFT,SELL,373,1280.35
TDB_00001797,2024-09-25 02:41:24,TDB_CUST_7813896,TSLA,BUY,305,1477.03
TDB_00001798,2024-09-23 07:38:47,TDB_CUST_9883871,MSFT,SELL,199,1403.94
TDB_00001799,2024-09-24 06:43:47,TDB_CUST_4581405,NVDA,BUY,866,1193.85
TDB_00001800,2024-09-18 19:48:26,TDB_CUST_6276788,AAPL,SELL,268,107.9
TDB_00001801,2024-09-18 20:49:42,TDB_CUST_6039804,TSLA,BUY,752,508.16
TDB_00001802,2024-09-21 14:47:13,TDB_CUST_9871792,NFLX,SELL,92,1454.56
TDB_00001803,2024-09-23 20:57:07,TDB_CUST_8891912,NFLX,BUY,704,189.23
TDB_00001804,2024-09-21 18:05:54,TDB_CUST_3427268,MSFT,BUY,631,382.99
TDB_00001805,2024-09-25 15:33:39,TDB_CUST_2558350,AAPL,BUY,755,1492.58
TDB_00001806,2024-09-21 00:11:43,TDB_CUST_9469088,NVDA,SELL,650,1442.26
TDB_00001807,2024-09-20 13:27:42,TDB_CUST_5345296,GOOGL,SELL,448,863.35
TDB_00001808,2024-09-19 19:31:55,TDB_CUST_7645676,NFLX,BUY,496,15.98
TDB_00001809,2024-09-23 10:27:14,TDB_CUST_3844741,V,BUY,213,694.85
TDB_00001810,2024-09-24 10:19:59,TDB_CUST_1015411,JPM,BUY,310,366.98
TDB_00001811,2024-09-20 21:03:50,TDB_CUST_4962517,V,BUY,165,935.75
TDB_00001812,2024-09-25 12:49:11,TDB_CUST_2722328,V,BUY,938,232.76
TDB_00001813,2024-09-20 14:56:05,TDB_CUST_7451871,AMZN,SELL,701,1116.91
TDB_00001814,2024-09-18 23:01:58,TDB_CUST_2633472,V,SELL,394,815.58
TDB_00001815,2024-09-20 17:27:33,TDB_CUST_9907396,NVDA,SELL,243,251.74
TDB_00001816,2024-09-24 23:23:54,TDB_CUST_5660667,TSLA,BUY,207,1177.57
TDB_00001817,2024-09-24 16:14:04,TDB_CUST_5287385,NVDA,SELL,315,121.14
TDB_00001818,2024-09-25 02:17:00,TDB_CUST_8914252,FB,SELL,263,302.56
TDB_00001819,2024-09-20 23:37:09,TDB_CUST_2429962,JPM,BUY,620,112.17
TDB_00001820,2024-09-25 08:40:06,TDB_CUST_6663882,NFLX,BUY,911,1038.62
TDB_00001821,2024-09-23 14:30:22,TDB_CUST_9665634,V,BUY,412,220.38
TDB_00001822,2024-09-22 07:50:48,TDB_CUST_9796988,JPM,SELL,694,851.28
TDB_00001823,2024-09-21 12:14:46,TDB_CUST_8279134,GOOGL,SELL,746,17.43
TDB_00001824,2024-09-19 00:17:03,TDB_CUST_5889637,MSFT,SELL,102,126.71
TDB_00001825,2024-09-24 22:05:00,TDB_CUST_7856419,JPM,BUY,724,865.09
TDB_00001826,2024-09-19 01:54:54,TDB_CUST_6796187,AAPL,SELL,878,679.73
TDB_00001827,2024-09-21 03:42:03,TDB_CUST_2908030,FB,BUY,69,114.99
TDB_00001828,2024-09-24 02:25:56,TDB_CUST_1823675,NVDA,SELL,876,1486.77
TDB_00001829,2024-09-19 17:53:14,TDB_CUST_1738429,MSFT,SELL,88,939.98
TDB_00001830,2024-09-24 22:29:50,TDB_CUST_7497875,AAPL,SELL,678,494.06
TDB_00001831,2024-09-22 17:16:48,TDB_CUST_3141105,AMZN,BUY,203,1121.11
TDB_00001832,2024-09-21 15:36:12,TDB_CUST_2469591,JPM,SELL,395,1412.62
TDB_00001833,2024-09-25 09:43:57,TDB_CUST_2810137,TSLA,SELL,33,491.68
TDB_00001834,2024-09-23 16:26:26,TDB_CUST_2967850,NVDA,BUY,518,1291.82
TDB_00001835,2024-09-25 03:58:26,TDB_CUST_9407632,AAPL,BUY,880,168.71
TDB_00001836,2024-09-22 23:02:10,TDB_CUST_8664145,TSLA,SELL,203,1464.73
TDB_00001837,2024-09-21 05:04:18,TDB_CUST_4744194,MSFT,SELL,882,1282.63
TDB_00001838,2024-09-24 17:32:11,TDB_CUST_8805934,FB,SELL,391,692.18
TDB_00001839,2024-09-23 04:04:54,TDB_CUST_3241739,GOOGL,BUY,414,1173.01
TDB_00001840,2024-09-19 03:15:40,TDB_CUST_4624094,JPM,SELL,277,780.98
TDB_00001841,2024-09-22 13:30:20,TDB_CUST_7476679,FB,BUY,657,58.35
TDB_00001842,2024-09-22 08:05:14,TDB_CUST_9549761,JPM,BUY,548,241.46
TDB_00001843,2024-09-19 21:45:28,TDB_CUST_1504945,GOOGL,SELL,807,432.42
TDB_00001844,2024-09-25 06:47:23,TDB_CUST_9240682,NVDA,SELL,193,919.55
TDB_00001845,2024-09-23 00:53:03,TDB_CUST_5985027,JPM,SELL,25,53.16
TDB_00001846,2024-09-20 18:35:09,TDB_CUST_3672111,FB,BUY,457,903.38
TDB_00001847,2024-09-25 03:45:42,TDB_CUST_2558511,MSFT,SELL,4,1197.58
TDB_00001848,2024-09-22 22:25:13,TDB_CUST_7936584,AAPL,SELL,259,286.62
TDB_00001849,2024-09-20 02:30:03,TDB_CUST_7556471,NFLX,SELL,259,732.34
TDB_00001850,2024-09-23 14:06:43,TDB_CUST_5130387,NFLX,BUY,412,1409.63
TDB_00001851,2024-09-22 21:22:49,TDB_CUST_4670830,GOOGL,BUY,535,73.31
TDB_00001852,2024-09-24 16:21:04,TDB_CUST_1568548,GOOGL,BUY,24,261.94
TDB_00001853,2024-09-19 00:53:33,TDB_CUST_9971517,AMZN,BUY,983,1253.33
TDB_00001854,2024-09-18 22:32:24,TDB_CUST_5831657,AAPL,SELL,57,1432.69
TDB_00001855,2024-09-25 15:55:43,TDB_CUST_3210382,JPM,BUY,28,569.32
TDB_00001856,2024-09-19 17:58:17,TDB_CUST_5706995,FB,SELL,48,561.88
TDB_00001857,2024-09-24 19:04:36,TDB_CUST_5833008,MSFT,SELL,541,858.17
TDB_00001858,2024-09-19 14:07:09,TDB_CUST_2575480,GOOGL,SELL,205,1104.74
TDB_00001859,2024-09-23 05:12:34,TDB_CUST_6457354,MSFT,BUY,534,290.07
TDB_00001860,2024-09-18 20:30:56,TDB_CUST_2096395,TSLA,BUY,281,361.66
TDB_00001861,2024-09-22 02:19:33,TDB_CUST_1410940,NVDA,BUY,211,1081.95
TDB_00001862,2024-09-25 15:00:57,TDB_CUST_5401523,NFLX,SELL,330,136.12
TDB_00001863,2024-09-22 18:07:41,TDB_CUST_2456985,NVDA,BUY,496,754.07
TDB_00001864,2024-09-24 20:11:19,TDB_CUST_3772637,GOOGL,SELL,610,57.78
TDB_00001865,2024-09-21 18:31:49,TDB_CUST_7809031,FB,SELL,390,1122.6
TDB_00001866,2024-09-21 15:46:52,TDB_CUST_9375918,NVDA,SELL,946,277.22
TDB_00001867,2024-09-20 14:40:09,TDB_CUST_4614401,NVDA,SELL,838,494.8
TDB_00001868,2024-09-24 22:44:31,TDB_CUST_4980320,FB,SELL,452,301.5
TDB_00001869,2024-09-20 23:47:19,TDB_CUST_4367153,NVDA,BUY,455,357.11
TDB_00001870,2024-09-24 05:56:01,TDB_CUST_5327625,FB,SELL,261,907.73
TDB_00001871,2024-09-19 23:09:14,TDB_CUST_5595962,AMZN,SELL,888,1292.0
TDB_00001872,2024-09-22 13:57:43,TDB_CUST_1793306,V,SELL,23,340.25
TDB_00001873,2024-09-23 04:43:52,TDB_CUST_3743507,AMZN,BUY,477,1246.48
TDB_00001874,2024-09-20 21:13:29,TDB_CUST_2209779,MSFT,BUY,68,1364.44
TDB_00001875,2024-09-19 01:38:51,TDB_CUST_6692166,GOOGL,SELL,456,263.45
TDB_00001876,2024-09-23 01:01:43,TDB_CUST_2875529,GOOGL,SELL,696,1328.19
TDB_00001877,2024-09-19 12:38:51,TDB_CUST_3394176,AMZN,SELL,494,390.97
TDB_00001878,2024-09-22 01:06:23,TDB_CUST_6370615,JPM,SELL,982,692.27
TDB_00001879,2024-09-23 06:34:30,TDB_CUST_8174770,MSFT,BUY,486,1192.53
TDB_00001880,2024-09-19 05:53:04,TDB_CUST_3190635,JPM,BUY,607,1160.57
TDB_00001881,2024-09-24 12:05:47,TDB_CUST_1691148,TSLA,SELL,161,813.89
TDB_00001882,2024-09-20 07:32:15,TDB_CUST_5761969,AAPL,SELL,58,1137.13
TDB_00001883,2024-09-19 18:35:32,TDB_CUST_5578012,MSFT,SELL,735,1448.87
TDB_00001884,2024-09-24 23:27:27,TDB_CUST_5724870,AMZN,BUY,261,224.98
TDB_00001885,2024-09-18 23:19:56,TDB_CUST_7005186,JPM,BUY,99,94.21
TDB_00001886,2024-09-20 11:36:48,TDB_CUST_1123210,JPM,BUY,319,555.9
TDB_00001887,2024-09-20 09:10:10,TDB_CUST_4894547,AMZN,BUY,736,988.78
TDB_00001888,2024-09-20 14:38:30,TDB_CUST_7266395,MSFT,BUY,385,1216.28
TDB_00001889,2024-09-20 09:49:02,TDB_CUST_2098312,NVDA,SELL,233,458.28
TDB_00001890,2024-09-19 23:50:05,TDB_CUST_8547792,GOOGL,BUY,918,571.87
TDB_00001891,2024-09-19 21:45:06,TDB_CUST_8376114,JPM,SELL,794,746.05
TDB_00001892,2024-09-25 12:15:33,TDB_CUST_7090205,TSLA,SELL,543,394.22
TDB_00001893,2024-09-21 14:47:03,TDB_CUST_7335018,TSLA,SELL,304,1013.8
TDB_00001894,2024-09-25 11:08:50,TDB_CUST_6756206,V,BUY,697,42.86
TDB_00001895,2024-09-24 03:54:00,TDB_CUST_2921119,TSLA,SELL,698,489.43
TDB_00001896,2024-09-25 10:45:23,TDB_CUST_2990083,NFLX,SELL,496,1481.07
TDB_00001897,2024-09-20 10:24:27,TDB_CUST_7550203,GOOGL,BUY,896,1127.91
TDB_00001898,2024-09-25 00:26:36,TDB_CUST_8622125,V,BUY,930,1491.2
TDB_00001899,2024-09-22 01:45:38,TDB_CUST_7397219,AMZN,BUY,768,1351.93
TDB_00001900,2024-09-22 16:37:32,TDB_CUST_7841807,V,SELL,373,318.31
TDB_00001901,2024-09-21 02:32:48,TDB_CUST_7488450,FB,SELL,100,1221.64
TDB_00001902,2024-09-25 17:22:01,TDB_CUST_4383923,AMZN,BUY,930,1140.39
TDB_00001903,2024-09-24 09:58:03,TDB_CUST_6586845,NVDA,BUY,390,457.99
TDB_00001904,2024-09-23 12:45:27,TDB_CUST_7758070,GOOGL,SELL,421,808.25
TDB_00001905,2024-09-19 22:51:01,TDB_CUST_2869960,JPM,SELL,171,706.5
TDB_00001906,2024-09-24 11:02:04,TDB_CUST_6521379,AAPL,BUY,483,667.39
TDB_00001907,2024-09-20 02:46:21,TDB_CUST_5603650,FB,BUY,9,980.29
TDB_00001908,2024-09-22 01:36:46,TDB_CUST_9495690,AAPL,SELL,554,506.36
TDB_00001909,2024-09-20 05:07:10,TDB_CUST_8732777,NVDA,SELL,694,1317.77
TDB_00001910,2024-09-21 13:26:34,TDB_CUST_8686329,MSFT,SELL,292,1464.7
TDB_00001911,2024-09-20 14:11:56,TDB_CUST_8823692,AMZN,SELL,602,316.6
TDB_00001912,2024-09-19 14:31:11,TDB_CUST_9785721,NFLX,BUY,625,818.07
TDB_00001913,2024-09-20 16:26:06,TDB_CUST_2361948,TSLA,BUY,204,96.89
TDB_00001914,2024-09-21 08:23:48,TDB_CUST_1049698,FB,SELL,160,1227.52
TDB_00001915,2024-09-23 20:08:18,TDB_CUST_6078990,FB,BUY,602,490.29
TDB_00001916,2024-09-19 21:26:38,TDB_CUST_6608813,NVDA,SELL,639,48.07
TDB_00001917,2024-09-21 14:11:31,TDB_CUST_5757959,AAPL,BUY,573,495.4
TDB_00001918,2024-09-24 17:21:41,TDB_CUST_1862324,NVDA,BUY,788,37.85
TDB_00001919,2024-09-23 00:35:55,TDB_CUST_4981417,GOOGL,SELL,940,372.25
TDB_00001920,2024-09-23 20:47:30,TDB_CUST_6535743,FB,BUY,511,77.84
TDB_00001921,2024-09-18 20:16:50,TDB_CUST_2117429,MSFT,BUY,734,1383.16
TDB_00001922,2024-09-22 05:51:25,TDB_CUST_9333195,V,SELL,386,378.0
TDB_00001923,2024-09-20 09:56:06,TDB_CUST_9697144,NFLX,SELL,699,534.05
TDB_00001924,2024-09-23 21:56:33,TDB_CUST_1470048,FB,BUY,479,722.54
TDB_00001925,2024-09-24 17:58:40,TDB_CUST_4105143,JPM,SELL,721,1150.89
TDB_00001926,2024-09-22 05:04:34,TDB_CUST_4571887,NVDA,SELL,573,258.58
TDB_00001927,2024-09-22 00:42:02,TDB_CUST_1145446,JPM,BUY,425,743.4
TDB_00001928,2024-09-22 10:18:03,TDB_CUST_4874556,MSFT,SELL,666,120.92
TDB_00001929,2024-09-20 07:51:32,TDB_CUST_5584701,FB,BUY,792,58.97
TDB_00001930,2024-09-19 14:15:58,TDB_CUST_3133304,GOOGL,BUY,278,162.71
TDB_00001931,2024-09-22 19:42:07,TDB_CUST_9746873,AMZN,BUY,804,1069.24
TDB_00001932,2024-09-20 04:45:02,TDB_CUST_5388827,NFLX,SELL,413,224.32
TDB_00001933,2024-09-18 19:58:35,TDB_CUST_1037262,JPM,BUY,975,1495.6
TDB_00001934,2024-09-24 15:03:57,TDB_CUST_7629168,V,BUY,705,447.47
TDB_00001935,2024-09-25 14:58:57,TDB_CUST_4692130,NVDA,BUY,11,1101.26
TDB_00001936,2024-09-25 14:54:23,TDB_CUST_3886428,GOOGL,BUY,270,476.04
TDB_00001937,2024-09-24 08:29:56,TDB_CUST_4072773,JPM,SELL,978,1126.75
TDB_00001938,2024-09-19 09:45:07,TDB_CUST_5284190,NFLX,BUY,698,1080.75
TDB_00001939,2024-09-23 20:41:40,TDB_CUST_7355153,JPM,SELL,375,933.02
TDB_00001940,2024-09-22 15:18:42,TDB_CUST_6732236,TSLA,BUY,577,484.69
TDB_00001941,2024-09-22 05:44:20,TDB_CUST_7658015,MSFT,BUY,651,173.99
TDB_00001942,2024-09-24 15:03:34,TDB_CUST_5842894,GOOGL,SELL,900,1069.27
TDB_00001943,2024-09-23 13:23:01,TDB_CUST_4560258,NVDA,BUY,172,243.39
TDB_00001944,2024-09-22 13:42:00,TDB_CUST_4483074,GOOGL,SELL,512,521.72
TDB_00001945,2024-09-23 12:38:19,TDB_CUST_5092752,JPM,BUY,637,429.26
TDB_00001946,2024-09-22 02:36:42,TDB_CUST_7641248,V,SELL,685,920.48
TDB_00001947,2024-09-18 22:38:03,TDB_CUST_8957446,V,SELL,633,1151.73
TDB_00001948,2024-09-24 05:45:09,TDB_CUST_5242796,AAPL,SELL,261,1487.4
TDB_00001949,2024-09-19 00:40:25,TDB_CUST_1870233,NVDA,BUY,700,1413.27
TDB_00001950,2024-09-24 14:33:35,TDB_CUST_4199594,V,SELL,794,193.85
TDB_00001951,2024-09-19 00:55:35,TDB_CUST_6308154,JPM,SELL,937,546.1
TDB_00001952,2024-09-24 04:44:08,TDB_CUST_6933297,NFLX,SELL,569,1466.32
TDB_00001953,2024-09-23 13:42:39,TDB_CUST_4774479,FB,BUY,521,912.84
TDB_00001954,2024-09-25 08:10:02,TDB_CUST_7534279,FB,BUY,949,343.08
TDB_00001955,2024-09-19 09:44:15,TDB_CUST_2232196,AAPL,BUY,651,751.58
TDB_00001956,2024-09-18 20:05:25,TDB_CUST_1568208,FB,BUY,119,498.31
TDB_00001957,2024-09-24 08:34:37,TDB_CUST_5359574,MSFT,BUY,44,1310.83
TDB_00001958,2024-09-20 01:48:39,TDB_CUST_4768942,NVDA,BUY,40,1309.21
TDB_00001959,2024-09-21 04:38:32,TDB_CUST_7912007,NVDA,SELL,814,76.34
TDB_00001960,2024-09-20 23:32:20,TDB_CUST_4065122,JPM,SELL,644,686.46
TDB_00001961,2024-09-20 07:31:23,TDB_CUST_5978492,AAPL,BUY,642,1225.56
TDB_00001962,2024-09-21 19:31:52,TDB_CUST_8175137,AAPL,BUY,433,375.91
TDB_00001963,2024-09-20 07:47:37,TDB_CUST_2588675,V,SELL,828,699.0
TDB_00001964,2024-09-25 17:59:31,TDB_CUST_1829879,MSFT,BUY,916,849.62
TDB_00001965,2024-09-24 22:40:53,TDB_CUST_8435024,V,SELL,17,1192.12
TDB_00001966,2024-09-24 13:56:42,TDB_CUST_8983633,FB,SELL,308,705.13
TDB_00001967,2024-09-24 20:03:06,TDB_CUST_8187651,NVDA,SELL,790,50.43
TDB_00001968,2024-09-25 00:03:37,TDB_CUST_1745078,JPM,BUY,917,407.33
TDB_00001969,2024-09-23 14:06:32,TDB_CUST_6062721,AAPL,SELL,408,603.55
TDB_00001970,2024-09-24 19:42:59,TDB_CUST_7700074,V,SELL,274,693.29
TDB_00001971,2024-09-21 22:29:08,TDB_CUST_3727293,JPM,BUY,843,1445.1
TDB_00001972,2024-09-21 00:09:32,TDB_CUST_2232107,TSLA,BUY,683,1472.82
TDB_00001973,2024-09-22 18:30:44,TDB_CUST_6586208,GOOGL,SELL,547,337.0
TDB_00001974,2024-09-25 01:51:03,TDB_CUST_4858284,FB,SELL,248,502.94
TDB_00001975,2024-09-23 16:15:54,TDB_CUST_5637311,MSFT,BUY,356,1157.17
TDB_00001976,2024-09-23 05:34:17,TDB_CUST_3221199,V,SELL,929,901.29
TDB_00001977,2024-09-21 01:36:33,TDB_CUST_9855298,TSLA,SELL,945,888.68
TDB_00001978,2024-09-23 17:49:55,TDB_CUST_7744382,GOOGL,SELL,478,249.56
TDB_00001979,2024-09-23 06:09:34,TDB_CUST_8687019,TSLA,SELL,161,515.46
TDB_00001980,2024-09-20 01:30:17,TDB_CUST_8069136,NFLX,BUY,339,552.43
TDB_00001981,2024-09-18 18:35:44,TDB_CUST_3502117,AMZN,SELL,164,306.0
TDB_00001982,2024-09-24 06:55:39,TDB_CUST_7158821,AAPL,BUY,655,408.84
TDB_00001983,2024-09-25 04:03:54,TDB_CUST_9037971,AAPL,BUY,196,1215.19
TDB_00001984,2024-09-21 06:23:51,TDB_CUST_3389100,GOOGL,SELL,538,732.93
TDB_00001985,2024-09-19 13:45:47,TDB_CUST_6235589,FB,SELL,907,142.83
TDB_00001986,2024-09-19 06:31:11,TDB_CUST_8106523,GOOGL,BUY,833,1499.47
TDB_00001987,2024-09-24 19:15:36,TDB_CUST_3336526,NFLX,BUY,440,513.9
TDB_00001988,2024-09-25 15:43:43,TDB_CUST_6873617,TSLA,SELL,229,367.27
TDB_00001989,2024-09-23 05:53:55,TDB_CUST_5897625,AMZN,SELL,252,390.87
TDB_00001990,2024-09-25 15:30:26,TDB_CUST_7864801,MSFT,BUY,89,133.37
TDB_00001991,2024-09-18 23:45:27,TDB_CUST_5092209,NVDA,SELL,326,702.07
TDB_00001992,2024-09-21 20:09:47,TDB_CUST_3604117,JPM,BUY,346,1036.54
TDB_00001993,2024-09-19 20:56:52,TDB_CUST_8918198,AMZN,SELL,343,1024.27
TDB_00001994,2024-09-21 04:03:47,TDB_CUST_7276486,NVDA,BUY,374,226.14
TDB_00001995,2024-09-20 02:58:32,TDB_CUST_7270410,GOOGL,SELL,778,164.51
TDB_00001996,2024-09-25 11:53:10,TDB_CUST_3340762,JPM,BUY,158,1141.38
TDB_00001997,2024-09-24 18:00:24,TDB_CUST_1487828,MSFT,SELL,836,909.04
TDB_00001998,2024-09-19 04:24:10,TDB_CUST_7683741,V,SELL,588,1049.28
TDB_00001999,2024-09-21 21:34:12,TDB_CUST_9935069,JPM,SELL,991,628.33
TDB_00002000,2024-09-22 21:10:17,TDB_CUST_9805246,AAPL,BUY,538,262.02
TDB_00002001,2024-09-20 09:38:11,TDB_CUST_3901605,TSLA,BUY,894,1245.16
TDB_00002002,2024-09-25 03:23:26,TDB_CUST_5123589,GOOGL,SELL,224,1181.76
TDB_00002003,2024-09-21 20:52:56,TDB_CUST_2040858,JPM,BUY,734,504.0
TDB_00002004,2024-09-24 02:07:26,TDB_CUST_7947791,FB,BUY,459,601.15
TDB_00002005,2024-09-24 07:37:04,TDB_CUST_4028294,MSFT,SELL,410,1372.19
TDB_00002006,2024-09-21 14:11:18,TDB_CUST_4157798,NFLX,SELL,998,631.92
TDB_00002007,2024-09-23 17:52:30,TDB_CUST_3112505,TSLA,BUY,156,1283.15
TDB_00002008,2024-09-24 16:36:53,TDB_CUST_7702421,AAPL,SELL,774,530.13
TDB_00002009,2024-09-25 05:48:01,TDB_CUST_2090027,AMZN,SELL,399,1424.85
TDB_00002010,2024-09-24 14:38:34,TDB_CUST_9114947,AAPL,BUY,606,865.94
TDB_00002011,2024-09-24 22:10:18,TDB_CUST_9408195,MSFT,BUY,255,1324.99
TDB_00002012,2024-09-20 02:49:11,TDB_CUST_1504633,JPM,SELL,950,1077.37
TDB_00002013,2024-09-21 12:24:07,TDB_CUST_1647675,V,SELL,295,770.79
TDB_00002014,2024-09-20 13:27:31,TDB_CUST_6534116,JPM,BUY,486,1480.48
TDB_00002015,2024-09-19 01:55:32,TDB_CUST_7729001,NVDA,BUY,803,558.78
TDB_00002016,2024-09-20 10:02:52,TDB_CUST_3588309,JPM,BUY,731,428.83
TDB_00002017,2024-09-21 16:50:24,TDB_CUST_4741989,GOOGL,BUY,378,518.0
TDB_00002018,2024-09-24 10:59:42,TDB_CUST_9083645,NFLX,BUY,185,429.61
TDB_00002019,2024-09-24 16:20:56,TDB_CUST_6240946,NFLX,SELL,292,734.37
TDB_00002020,2024-09-21 16:57:06,TDB_CUST_1642629,MSFT,BUY,862,1253.34
TDB_00002021,2024-09-22 18:48:16,TDB_CUST_2763166,AMZN,SELL,96,1085.32
TDB_00002022,2024-09-22 21:55:42,TDB_CUST_3481400,FB,SELL,710,1241.84
TDB_00002023,2024-09-19 01:01:05,TDB_CUST_9249211,NVDA,BUY,411,414.85
TDB_00002024,2024-09-24 08:52:42,TDB_CUST_4994773,JPM,BUY,483,176.43
TDB_00002025,2024-09-24 08:23:54,TDB_CUST_5226137,AAPL,BUY,130,201.87
TDB_00002026,2024-09-23 23:33:02,TDB_CUST_5317403,TSLA,BUY,37,1304.35
TDB_00002027,2024-09-19 14:27:56,TDB_CUST_3733711,V,SELL,428,607.23
TDB_00002028,2024-09-24 14:06:43,TDB_CUST_9601590,AMZN,BUY,85,1211.3
TDB_00002029,2024-09-25 15:23:24,TDB_CUST_2071921,NFLX,BUY,131,213.61
TDB_00002030,2024-09-25 07:09:27,TDB_CUST_4428517,JPM,BUY,459,434.41
TDB_00002031,2024-09-24 20:23:14,TDB_CUST_8563317,JPM,BUY,771,1444.42
TDB_00002032,2024-09-20 07:49:38,TDB_CUST_4158714,FB,BUY,504,172.1
TDB_00002033,2024-09-19 02:19:43,TDB_CUST_6153797,AMZN,SELL,630,252.0
TDB_00002034,2024-09-20 11:34:12,TDB_CUST_3039986,TSLA,SELL,381,543.09
TDB_00002035,2024-09-20 22:40:05,TDB_CUST_9041534,AMZN,BUY,795,1156.55
TDB_00002036,2024-09-18 18:41:01,TDB_CUST_3127090,FB,SELL,684,1294.51
TDB_00002037,2024-09-19 07:13:14,TDB_CUST_9082680,FB,SELL,954,1455.46
TDB_00002038,2024-09-19 05:43:26,TDB_CUST_8553139,AMZN,BUY,562,870.07
TDB_00002039,2024-09-21 14:44:55,TDB_CUST_3252210,FB,SELL,572,965.53
TDB_00002040,2024-09-20 17:05:55,TDB_CUST_4883358,JPM,BUY,600,812.94
TDB_00002041,2024-09-22 19:55:28,TDB_CUST_6616860,NVDA,SELL,756,978.49
TDB_00002042,2024-09-25 13:20:21,TDB_CUST_7275273,AMZN,BUY,929,1015.75
TDB_00002043,2024-09-21 02:03:54,TDB_CUST_3863445,JPM,SELL,378,943.15
TDB_00002044,2024-09-19 02:37:24,TDB_CUST_3882266,FB,SELL,604,136.99
TDB_00002045,2024-09-24 09:31:42,TDB_CUST_1840319,AAPL,SELL,570,1260.78
TDB_00002046,2024-09-18 22:04:32,TDB_CUST_2781502,NFLX,SELL,384,1197.63
TDB_00002047,2024-09-21 01:53:38,TDB_CUST_8368883,JPM,SELL,29,534.32
TDB_00002048,2024-09-20 05:32:19,TDB_CUST_9848274,GOOGL,BUY,914,103.51
TDB_00002049,2024-09-18 22:08:54,TDB_CUST_8787752,AMZN,SELL,358,943.3
TDB_00002050,2024-09-18 21:23:37,TDB_CUST_2557641,AMZN,BUY,480,782.01
TDB_00002051,2024-09-25 09:34:44,TDB_CUST_2702019,NFLX,BUY,450,462.17
TDB_00002052,2024-09-20 00:58:46,TDB_CUST_5133985,AAPL,BUY,661,372.97
TDB_00002053,2024-09-20 14:13:29,TDB_CUST_5497975,MSFT,SELL,205,116.26
TDB_00002054,2024-09-21 01:24:57,TDB_CUST_8898551,V,SELL,559,1184.7
TDB_00002055,2024-09-23 22:32:46,TDB_CUST_7588499,JPM,BUY,327,844.58
TDB_00002056,2024-09-25 17:21:07,TDB_CUST_6078235,GOOGL,BUY,178,798.88
TDB_00002057,2024-09-22 16:32:17,TDB_CUST_8558779,AMZN,SELL,710,1033.05
TDB_00002058,2024-09-25 12:21:46,TDB_CUST_2534068,MSFT,BUY,538,349.7
TDB_00002059,2024-09-22 22:11:29,TDB_CUST_1434704,NFLX,SELL,945,1099.4
TDB_00002060,2024-09-25 00:08:35,TDB_CUST_3005125,MSFT,SELL,557,912.24
TDB_00002061,2024-09-18 19:09:17,TDB_CUST_4685631,TSLA,BUY,434,495.08
TDB_00002062,2024-09-21 02:31:49,TDB_CUST_5933157,GOOGL,BUY,785,69.5
TDB_00002063,2024-09-22 10:58:25,TDB_CUST_3070295,NFLX,BUY,91,1285.48
TDB_00002064,2024-09-22 01:47:03,TDB_CUST_7957227,TSLA,SELL,948,1347.98
TDB_00002065,2024-09-21 06:16:19,TDB_CUST_5777070,AMZN,BUY,999,778.65
TDB_00002066,2024-09-21 03:40:23,TDB_CUST_4424531,MSFT,SELL,892,552.43
TDB_00002067,2024-09-19 14:54:32,TDB_CUST_1785911,AMZN,BUY,396,941.66
TDB_00002068,2024-09-24 01:59:13,TDB_CUST_8981433,NFLX,BUY,13,934.04
TDB_00002069,2024-09-24 18:45:55,TDB_CUST_9984296,AMZN,BUY,998,1160.24
TDB_00002070,2024-09-24 11:18:50,TDB_CUST_1767805,MSFT,BUY,851,436.68
TDB_00002071,2024-09-20 23:02:12,TDB_CUST_7700304,GOOGL,SELL,402,912.47
TDB_00002072,2024-09-23 18:09:32,TDB_CUST_4392684,FB,BUY,368,1249.05
TDB_00002073,2024-09-20 11:12:56,TDB_CUST_7640985,NVDA,BUY,149,490.73
TDB_00002074,2024-09-24 06:23:22,TDB_CUST_3288557,GOOGL,BUY,149,320.19
TDB_00002075,2024-09-20 22:15:10,TDB_CUST_7828674,NFLX,SELL,587,1474.48
TDB_00002076,2024-09-20 11:51:19,TDB_CUST_5729519,NVDA,BUY,859,1149.2
TDB_00002077,2024-09-21 19:28:31,TDB_CUST_3589668,JPM,SELL,236,40.97
TDB_00002078,2024-09-24 14:42:07,TDB_CUST_2058493,JPM,BUY,660,1322.3
TDB_00002079,2024-09-22 16:32:14,TDB_CUST_1942836,GOOGL,BUY,238,768.97
TDB_00002080,2024-09-24 09:16:20,TDB_CUST_6819940,AMZN,BUY,610,681.83
TDB_00002081,2024-09-25 06:25:33,TDB_CUST_6991136,MSFT,SELL,730,855.43
TDB_00002082,2024-09-19 11:42:50,TDB_CUST_2390418,AMZN,SELL,786,710.93
TDB_00002083,2024-09-20 22:32:31,TDB_CUST_6387715,V,BUY,347,580.56
TDB_00002084,2024-09-20 04:10:07,TDB_CUST_6367191,TSLA,BUY,634,1186.87
TDB_00002085,2024-09-21 22:01:55,TDB_CUST_4807395,NFLX,SELL,518,1361.93
TDB_00002086,2024-09-21 22:23:27,TDB_CUST_1598003,MSFT,BUY,472,1077.55
TDB_00002087,2024-09-24 09:34:37,TDB_CUST_9628780,GOOGL,BUY,84,434.24
TDB_00002088,2024-09-23 04:36:06,TDB_CUST_5790580,GOOGL,SELL,852,143.02
TDB_00002089,2024-09-25 05:15:56,TDB_CUST_3046758,AMZN,SELL,89,348.77
TDB_00002090,2024-09-21 15:21:06,TDB_CUST_9346620,GOOGL,SELL,243,158.23
TDB_00002091,2024-09-18 18:07:26,TDB_CUST_3260696,FB,BUY,710,667.68
TDB_00002092,2024-09-19 08:58:41,TDB_CUST_9717325,JPM,SELL,966,42.06
TDB_00002093,2024-09-22 07:03:21,TDB_CUST_3553233,AAPL,SELL,398,1484.96
TDB_00002094,2024-09-21 21:04:24,TDB_CUST_4352726,AAPL,SELL,85,1297.76
TDB_00002095,2024-09-19 04:26:27,TDB_CUST_1909554,NVDA,SELL,691,835.86
TDB_00002096,2024-09-23 07:42:29,TDB_CUST_6014942,FB,SELL,981,1083.53
TDB_00002097,2024-09-19 14:30:30,TDB_CUST_8063489,AAPL,BUY,80,170.34
TDB_00002098,2024-09-24 07:46:29,TDB_CUST_4822775,NVDA,SELL,36,313.23
TDB_00002099,2024-09-22 10:04:46,TDB_CUST_7770440,MSFT,BUY,120,868.17
TDB_00002100,2024-09-23 07:58:57,TDB_CUST_6810718,MSFT,BUY,966,648.32
TDB_00002101,2024-09-21 18:19:57,TDB_CUST_9976882,V,SELL,933,1336.31
TDB_00002102,2024-09-22 09:44:01,TDB_CUST_5437479,V,SELL,407,664.89
TDB_00002103,2024-09-23 01:39:25,TDB_CUST_8549337,AMZN,BUY,291,649.5
TDB_00002104,2024-09-21 00:12:59,TDB_CUST_3217101,AAPL,BUY,188,580.88
TDB_00002105,2024-09-25 06:26:22,TDB_CUST_2662836,TSLA,SELL,591,315.97
TDB_00002106,2024-09-20 11:15:45,TDB_CUST_2172980,NFLX,BUY,884,606.58
TDB_00002107,2024-09-23 07:04:26,TDB_CUST_7908358,AAPL,SELL,468,1314.24
TDB_00002108,2024-09-20 10:24:54,TDB_CUST_1052878,NVDA,BUY,894,372.75
TDB_00002109,2024-09-20 20:09:34,TDB_CUST_8705945,NFLX,BUY,197,703.58
TDB_00002110,2024-09-20 06:25:20,TDB_CUST_3018447,FB,BUY,689,1373.9
TDB_00002111,2024-09-20 19:35:17,TDB_CUST_9910491,AAPL,BUY,382,435.03
TDB_00002112,2024-09-23 21:55:49,TDB_CUST_5302937,MSFT,SELL,259,938.19
TDB_00002113,2024-09-20 10:02:35,TDB_CUST_2492837,TSLA,SELL,716,1275.67
TDB_00002114,2024-09-19 04:13:58,TDB_CUST_8851770,MSFT,BUY,497,1313.62
TDB_00002115,2024-09-25 15:28:21,TDB_CUST_6847368,NFLX,SELL,977,1097.76
TDB_00002116,2024-09-23 11:32:33,TDB_CUST_2112866,V,SELL,401,326.65
TDB_00002117,2024-09-22 10:43:34,TDB_CUST_7042571,NFLX,BUY,500,1025.22
TDB_00002118,2024-09-22 00:56:27,TDB_CUST_4465173,NVDA,BUY,982,916.5
TDB_00002119,2024-09-21 17:58:58,TDB_CUST_1961848,FB,BUY,23,1291.11
TDB_00002120,2024-09-22 20:30:37,TDB_CUST_5695379,V,BUY,403,398.47
TDB_00002121,2024-09-18 18:12:47,TDB_CUST_7797166,JPM,BUY,211,589.0
TDB_00002122,2024-09-24 15:45:56,TDB_CUST_2316326,V,BUY,344,1339.46
TDB_00002123,2024-09-19 01:45:21,TDB_CUST_9031648,NVDA,BUY,114,121.51
TDB_00002124,2024-09-24 21:34:37,TDB_CUST_9424398,GOOGL,SELL,552,207.76
TDB_00002125,2024-09-20 21:46:30,TDB_CUST_2290671,GOOGL,SELL,145,414.95
TDB_00002126,2024-09-23 23:00:39,TDB_CUST_5464620,GOOGL,BUY,656,1193.09
TDB_00002127,2024-09-24 13:04:55,TDB_CUST_4639073,TSLA,SELL,174,623.23
TDB_00002128,2024-09-22 11:15:26,TDB_CUST_4086411,NFLX,BUY,632,870.52
TDB_00002129,2024-09-18 18:14:06,TDB_CUST_9393278,JPM,SELL,213,1448.78
TDB_00002130,2024-09-20 22:50:05,TDB_CUST_3162169,TSLA,BUY,914,1417.91
TDB_00002131,2024-09-24 18:13:21,TDB_CUST_2507085,NFLX,BUY,769,1091.86
TDB_00002132,2024-09-18 23:26:23,TDB_CUST_4298744,NVDA,SELL,723,460.91
TDB_00002133,2024-09-24 09:55:03,TDB_CUST_9157425,JPM,SELL,717,759.87
TDB_00002134,2024-09-24 12:39:02,TDB_CUST_5820443,AAPL,SELL,231,1420.69
TDB_00002135,2024-09-21 05:09:23,TDB_CUST_7981177,FB,BUY,870,288.79
TDB_00002136,2024-09-23 04:48:13,TDB_CUST_4613676,NFLX,SELL,275,170.63
TDB_00002137,2024-09-24 16:52:42,TDB_CUST_9879164,V,BUY,92,1063.07
TDB_00002138,2024-09-22 03:06:48,TDB_CUST_3005158,AMZN,BUY,747,504.02
TDB_00002139,2024-09-21 06:43:12,TDB_CUST_3196507,NVDA,SELL,162,315.63
TDB_00002140,2024-09-21 10:06:54,TDB_CUST_5227053,NVDA,SELL,468,1365.88
TDB_00002141,2024-09-24 09:49:30,TDB_CUST_6971513,TSLA,BUY,395,713.62
TDB_00002142,2024-09-19 13:59:12,TDB_CUST_9021172,MSFT,SELL,366,758.34
TDB_00002143,2024-09-21 20:48:40,TDB_CUST_5472906,AMZN,BUY,355,309.64
TDB_00002144,2024-09-21 10:34:48,TDB_CUST_5812901,V,BUY,630,1471.72
TDB_00002145,2024-09-22 08:56:57,TDB_CUST_6746868,FB,SELL,367,690.23
TDB_00002146,2024-09-24 09:30:59,TDB_CUST_5540702,NVDA,BUY,804,368.81
TDB_00002147,2024-09-24 21:28:03,TDB_CUST_7774566,NFLX,SELL,966,134.16
TDB_00002148,2024-09-19 18:04:31,TDB_CUST_4138412,V,BUY,818,327.68
TDB_00002149,2024-09-20 21:50:36,TDB_CUST_2455139,V,BUY,692,1337.79
TDB_00002150,2024-09-21 15:27:02,TDB_CUST_1791346,FB,SELL,249,1347.27
TDB_00002151,2024-09-23 16:28:58,TDB_CUST_2022928,FB,BUY,662,1403.19
TDB_00002152,2024-09-18 21:29:54,TDB_CUST_8335000,JPM,BUY,323,697.27
TDB_00002153,2024-09-23 17:42:51,TDB_CUST_8072250,AMZN,BUY,141,1093.51
TDB_00002154,2024-09-24 00:51:11,TDB_CUST_1094596,V,BUY,55,1013.14
TDB_00002155,2024-09-23 07:41:54,TDB_CUST_4980190,NVDA,BUY,617,265.16
TDB_00002156,2024-09-20 10:13:13,TDB_CUST_3835663,NFLX,BUY,734,199.75
TDB_00002157,2024-09-21 23:50:08,TDB_CUST_6458023,AMZN,SELL,814,1210.45
TDB_00002158,2024-09-24 08:44:04,TDB_CUST_8365995,NVDA,SELL,184,350.81
TDB_00002159,2024-09-20 03:37:39,TDB_CUST_5702284,GOOGL,SELL,458,316.69
TDB_00002160,2024-09-22 00:30:42,TDB_CUST_4777381,JPM,SELL,550,1373.17
TDB_00002161,2024-09-19 02:05:08,TDB_CUST_5531367,V,BUY,684,1212.38
TDB_00002162,2024-09-23 05:18:42,TDB_CUST_4858652,NVDA,BUY,590,44.25
TDB_00002163,2024-09-19 15:56:42,TDB_CUST_8676993,TSLA,BUY,501,549.27
TDB_00002164,2024-09-22 20:29:54,TDB_CUST_8479754,MSFT,BUY,297,878.04
TDB_00002165,2024-09-23 23:21:45,TDB_CUST_2000635,V,SELL,207,420.99
TDB_00002166,2024-09-19 11:38:58,TDB_CUST_2183593,MSFT,BUY,823,103.45
TDB_00002167,2024-09-23 17:16:43,TDB_CUST_4936014,MSFT,SELL,569,762.04
TDB_00002168,2024-09-22 03:49:00,TDB_CUST_1070636,AMZN,SELL,514,1300.22
TDB_00002169,2024-09-24 14:59:39,TDB_CUST_5810648,AMZN,BUY,147,79.62
TDB_00002170,2024-09-25 17:54:30,TDB_CUST_1623454,GOOGL,BUY,350,522.56
TDB_00002171,2024-09-20 08:15:23,TDB_CUST_5928376,FB,BUY,222,1407.2
TDB_00002172,2024-09-22 19:55:32,TDB_CUST_5935669,V,SELL,199,869.78
TDB_00002173,2024-09-24 10:23:04,TDB_CUST_7796374,FB,SELL,487,484.04
TDB_00002174,2024-09-21 02:03:50,TDB_CUST_5708276,NVDA,BUY,763,422.14
TDB_00002175,2024-09-19 10:24:08,TDB_CUST_7034336,TSLA,BUY,323,449.46
TDB_00002176,2024-09-20 05:12:42,TDB_CUST_3494600,V,BUY,74,416.94
TDB_00002177,2024-09-25 15:23:36,TDB_CUST_3776049,NFLX,SELL,984,72.46
TDB_00002178,2024-09-18 23:11:14,TDB_CUST_7114373,NFLX,SELL,600,492.08
TDB_00002179,2024-09-22 16:34:03,TDB_CUST_4809561,MSFT,SELL,706,1477.37
TDB_00002180,2024-09-19 14:51:36,TDB_CUST_6416349,JPM,BUY,469,1311.77
TDB_00002181,2024-09-24 14:05:42,TDB_CUST_6145433,GOOGL,BUY,769,1250.37
TDB_00002182,2024-09-24 19:35:08,TDB_CUST_1366798,JPM,SELL,798,125.12
TDB_00002183,2024-09-20 02:59:05,TDB_CUST_2168499,AMZN,SELL,407,1344.12
TDB_00002184,2024-09-25 01:35:40,TDB_CUST_1382433,AAPL,SELL,538,673.04
TDB_00002185,2024-09-20 13:28:24,TDB_CUST_5982610,GOOGL,BUY,81,212.81
TDB_00002186,2024-09-22 16:04:46,TDB_CUST_2111315,TSLA,SELL,755,540.04
TDB_00002187,2024-09-23 16:10:53,TDB_CUST_1808171,AAPL,SELL,607,743.19
TDB_00002188,2024-09-21 02:51:10,TDB_CUST_9510350,NFLX,BUY,551,84.74
TDB_00002189,2024-09-23 14:05:33,TDB_CUST_4643688,AMZN,SELL,858,1054.88
TDB_00002190,2024-09-20 07:25:48,TDB_CUST_4650058,GOOGL,BUY,631,933.91
TDB_00002191,2024-09-20 09:05:59,TDB_CUST_8881340,AAPL,BUY,180,1249.07
TDB_00002192,2024-09-23 02:09:15,TDB_CUST_6751921,NVDA,BUY,134,1002.67
TDB_00002193,2024-09-24 13:04:01,TDB_CUST_4344510,AMZN,BUY,410,17.34
TDB_00002194,2024-09-22 11:13:48,TDB_CUST_6567174,JPM,BUY,667,735.87
TDB_00002195,2024-09-22 10:50:31,TDB_CUST_2541133,GOOGL,SELL,825,827.27
TDB_00002196,2024-09-22 14:02:49,TDB_CUST_3433696,GOOGL,SELL,914,918.19
TDB_00002197,2024-09-24 18:08:22,TDB_CUST_7941844,NVDA,SELL,88,1369.97
TDB_00002198,2024-09-19 19:31:35,TDB_CUST_9249522,V,BUY,430,1272.04
TDB_00002199,2024-09-22 14:58:21,TDB_CUST_1850394,NFLX,BUY,635,243.43
TDB_00002200,2024-09-19 09:51:26,TDB_CUST_2360745,FB,BUY,789,1179.1
TDB_00002201,2024-09-20 00:49:10,TDB_CUST_9121863,NFLX,SELL,730,197.04
TDB_00002202,2024-09-18 18:14:53,TDB_CUST_3978635,JPM,BUY,325,333.6
TDB_00002203,2024-09-23 22:17:20,TDB_CUST_5624193,V,SELL,975,1194.97
TDB_00002204,2024-09-20 21:29:58,TDB_CUST_9201845,NFLX,BUY,180,459.39
TDB_00002205,2024-09-24 09:52:44,TDB_CUST_8588835,TSLA,SELL,384,145.21
TDB_00002206,2024-09-22 11:47:03,TDB_CUST_7731774,AAPL,BUY,69,529.35
TDB_00002207,2024-09-24 13:20:26,TDB_CUST_4632821,JPM,SELL,349,535.47
TDB_00002208,2024-09-25 13:40:28,TDB_CUST_9856277,GOOGL,BUY,413,1082.5
TDB_00002209,2024-09-25 05:45:38,TDB_CUST_1262049,V,SELL,210,1168.17
TDB_00002210,2024-09-19 08:53:29,TDB_CUST_9400929,AAPL,BUY,668,1471.53
TDB_00002211,2024-09-25 09:00:38,TDB_CUST_8892611,NFLX,SELL,149,1384.62
TDB_00002212,2024-09-21 17:56:58,TDB_CUST_2631204,FB,SELL,637,884.86
TDB_00002213,2024-09-25 01:44:30,TDB_CUST_7592522,MSFT,BUY,986,770.82
TDB_00002214,2024-09-20 05:02:19,TDB_CUST_2179710,GOOGL,BUY,944,795.42
TDB_00002215,2024-09-22 01:27:45,TDB_CUST_5073663,AMZN,BUY,447,707.5
TDB_00002216,2024-09-22 03:49:23,TDB_CUST_6073973,NVDA,BUY,346,712.15
TDB_00002217,2024-09-25 16:47:04,TDB_CUST_8890602,FB,SELL,726,881.09
TDB_00002218,2024-09-24 10:39:31,TDB_CUST_5473036,TSLA,BUY,324,811.01
TDB_00002219,2024-09-23 19:38:39,TDB_CUST_5679864,NFLX,BUY,336,1226.14
TDB_00002220,2024-09-23 16:43:36,TDB_CUST_8958424,NFLX,SELL,514,1074.74
TDB_00002221,2024-09-24 19:49:44,TDB_CUST_6179806,NVDA,BUY,194,724.81
TDB_00002222,2024-09-19 20:40:52,TDB_CUST_6247107,TSLA,SELL,581,303.63
TDB_00002223,2024-09-23 20:19:32,TDB_CUST_2507766,FB,SELL,410,275.18
TDB_00002224,2024-09-21 13:43:19,TDB_CUST_1092682,TSLA,BUY,336,430.04
TDB_00002225,2024-09-20 11:06:52,TDB_CUST_3589932,TSLA,BUY,197,1209.58
TDB_00002226,2024-09-25 13:41:25,TDB_CUST_9044931,MSFT,BUY,420,127.1
TDB_00002227,2024-09-24 20:50:22,TDB_CUST_6819924,MSFT,BUY,441,1000.76
TDB_00002228,2024-09-23 18:13:14,TDB_CUST_7032636,NFLX,SELL,16,560.22
TDB_00002229,2024-09-19 12:25:49,TDB_CUST_6906764,NFLX,BUY,675,91.87
TDB_00002230,2024-09-20 14:15:56,TDB_CUST_9828923,NFLX,BUY,669,689.19
TDB_00002231,2024-09-25 00:15:00,TDB_CUST_2840281,NFLX,SELL,1,1491.16
TDB_00002232,2024-09-23 18:55:50,TDB_CUST_5629660,FB,SELL,278,346.87
TDB_00002233,2024-09-24 07:52:00,TDB_CUST_1795834,JPM,BUY,3,621.23
TDB_00002234,2024-09-21 16:19:27,TDB_CUST_5893112,AMZN,SELL,629,914.58
TDB_00002235,2024-09-20 04:17:07,TDB_CUST_3292459,V,BUY,414,641.48
TDB_00002236,2024-09-20 10:37:01,TDB_CUST_3000447,JPM,BUY,474,458.78
TDB_00002237,2024-09-23 07:39:29,TDB_CUST_5151874,AMZN,BUY,886,599.15
TDB_00002238,2024-09-20 02:28:19,TDB_CUST_2273346,AAPL,SELL,351,867.62
TDB_00002239,2024-09-22 18:45:23,TDB_CUST_9343941,TSLA,SELL,71,1401.39
TDB_00002240,2024-09-24 11:12:13,TDB_CUST_2512746,JPM,SELL,21,264.79
TDB_00002241,2024-09-21 01:10:54,TDB_CUST_8751029,JPM,BUY,334,452.21
TDB_00002242,2024-09-23 01:14:15,TDB_CUST_6835324,GOOGL,SELL,375,201.59
TDB_00002243,2024-09-24 10:47:14,TDB_CUST_9585217,MSFT,SELL,871,756.01
TDB_00002244,2024-09-22 19:38:27,TDB_CUST_7424036,NFLX,SELL,495,1009.05
TDB_00002245,2024-09-22 23:04:24,TDB_CUST_2483374,GOOGL,BUY,865,539.88
TDB_00002246,2024-09-22 06:13:07,TDB_CUST_6551486,JPM,SELL,921,214.7
TDB_00002247,2024-09-24 07:31:42,TDB_CUST_9241089,AAPL,SELL,324,483.11
TDB_00002248,2024-09-23 20:46:47,TDB_CUST_2082793,JPM,BUY,226,274.31
TDB_00002249,2024-09-21 18:33:18,TDB_CUST_6818823,JPM,BUY,961,315.98
TDB_00002250,2024-09-22 07:50:53,TDB_CUST_2411103,FB,BUY,893,487.16
TDB_00002251,2024-09-18 22:22:10,TDB_CUST_6295521,V,BUY,638,1165.98
TDB_00002252,2024-09-21 23:37:37,TDB_CUST_4081575,GOOGL,BUY,762,1402.1
TDB_00002253,2024-09-23 09:13:10,TDB_CUST_5440718,NFLX,BUY,494,1161.12
TDB_00002254,2024-09-25 07:13:12,TDB_CUST_3972414,NFLX,BUY,589,809.8
TDB_00002255,2024-09-21 06:37:09,TDB_CUST_3165659,TSLA,SELL,897,278.37
TDB_00002256,2024-09-24 12:15:45,TDB_CUST_9775176,AAPL,SELL,843,1260.9
TDB_00002257,2024-09-25 05:57:54,TDB_CUST_4956542,JPM,BUY,795,856.02
TDB_00002258,2024-09-19 02:40:27,TDB_CUST_7053097,GOOGL,BUY,846,636.13
TDB_00002259,2024-09-19 03:15:41,TDB_CUST_6933616,AMZN,SELL,326,118.71
TDB_00002260,2024-09-21 06:47:06,TDB_CUST_6605664,MSFT,BUY,125,930.91
TDB_00002261,2024-09-25 05:29:05,TDB_CUST_9761672,AAPL,BUY,1000,1312.17
TDB_00002262,2024-09-25 01:18:32,TDB_CUST_7199600,JPM,SELL,403,419.68
TDB_00002263,2024-09-23 16:17:15,TDB_CUST_2049535,V,BUY,535,503.94
TDB_00002264,2024-09-22 12:45:23,TDB_CUST_6046132,AAPL,SELL,131,203.61
TDB_00002265,2024-09-22 13:34:49,TDB_CUST_9038650,TSLA,BUY,205,667.25
TDB_00002266,2024-09-19 17:09:35,TDB_CUST_1227263,AMZN,SELL,239,728.94
TDB_00002267,2024-09-20 18:36:35,TDB_CUST_3921938,NFLX,BUY,444,1062.59
TDB_00002268,2024-09-24 21:53:40,TDB_CUST_2860989,TSLA,SELL,366,850.96
TDB_00002269,2024-09-24 05:06:36,TDB_CUST_3525281,GOOGL,SELL,752,1257.89
TDB_00002270,2024-09-23 01:55:22,TDB_CUST_7712674,AAPL,SELL,909,192.92
TDB_00002271,2024-09-19 01:06:55,TDB_CUST_9480135,AAPL,BUY,761,1407.23
TDB_00002272,2024-09-22 11:24:38,TDB_CUST_8763339,NFLX,BUY,504,1459.55
TDB_00002273,2024-09-22 14:24:38,TDB_CUST_8173495,V,SELL,77,1346.09
TDB_00002274,2024-09-23 11:22:11,TDB_CUST_4426719,TSLA,BUY,270,1144.2
TDB_00002275,2024-09-19 01:48:47,TDB_CUST_5403638,AMZN,SELL,249,1163.64
TDB_00002276,2024-09-24 05:19:25,TDB_CUST_3749284,TSLA,SELL,71,522.49
TDB_00002277,2024-09-24 18:16:37,TDB_CUST_8139683,GOOGL,BUY,645,868.34
TDB_00002278,2024-09-21 20:29:57,TDB_CUST_1072641,GOOGL,BUY,434,194.46
TDB_00002279,2024-09-24 12:16:24,TDB_CUST_8923982,JPM,BUY,779,36.06
TDB_00002280,2024-09-21 16:44:31,TDB_CUST_8855684,V,SELL,815,327.88
TDB_00002281,2024-09-24 22:29:21,TDB_CUST_7102449,JPM,SELL,965,559.7
TDB_00002282,2024-09-24 13:44:02,TDB_CUST_1038875,TSLA,BUY,839,665.56
TDB_00002283,2024-09-20 11:01:29,TDB_CUST_2022509,NFLX,SELL,757,699.36
TDB_00002284,2024-09-19 16:30:43,TDB_CUST_7497859,AMZN,SELL,400,796.61
TDB_00002285,2024-09-23 03:24:08,TDB_CUST_4562699,AMZN,BUY,875,84.26
TDB_00002286,2024-09-25 14:23:09,TDB_CUST_3782257,V,BUY,476,64.48
TDB_00002287,2024-09-21 09:50:33,TDB_CUST_1084727,NVDA,BUY,650,108.04
TDB_00002288,2024-09-24 00:27:27,TDB_CUST_8654523,JPM,BUY,573,812.18
TDB_00002289,2024-09-24 22:31:30,TDB_CUST_5208845,GOOGL,SELL,30,1242.3
TDB_00002290,2024-09-25 07:06:53,TDB_CUST_9124564,AMZN,BUY,400,737.97
TDB_00002291,2024-09-19 05:11:56,TDB_CUST_1822489,NFLX,SELL,136,294.67
TDB_00002292,2024-09-20 09:34:20,TDB_CUST_6927289,FB,BUY,366,553.27
TDB_00002293,2024-09-22 14:29:42,TDB_CUST_4300228,MSFT,SELL,345,1214.44
TDB_00002294,2024-09-22 14:41:58,TDB_CUST_7174730,TSLA,BUY,604,1282.2
TDB_00002295,2024-09-25 00:19:20,TDB_CUST_4680369,NFLX,SELL,909,113.39
TDB_00002296,2024-09-24 23:34:10,TDB_CUST_2456801,JPM,BUY,788,1481.25
TDB_00002297,2024-09-18 18:15:28,TDB_CUST_5145358,GOOGL,SELL,296,1324.25
TDB_00002298,2024-09-22 23:35:43,TDB_CUST_6751452,NFLX,BUY,341,96.19
TDB_00002299,2024-09-24 10:50:16,TDB_CUST_1140806,AAPL,BUY,840,109.39
TDB_00002300,2024-09-21 05:29:12,TDB_CUST_4278552,JPM,BUY,973,1425.73
TDB_00002301,2024-09-22 01:54:52,TDB_CUST_9513372,AMZN,SELL,306,276.85
TDB_00002302,2024-09-25 12:41:34,TDB_CUST_8504150,V,SELL,813,258.16
TDB_00002303,2024-09-24 10:20:53,TDB_CUST_1788701,NVDA,BUY,113,426.69
TDB_00002304,2024-09-19 14:04:12,TDB_CUST_1299925,AMZN,SELL,686,1431.61
TDB_00002305,2024-09-20 09:15:52,TDB_CUST_5126003,AMZN,SELL,56,85.55
TDB_00002306,2024-09-23 12:26:30,TDB_CUST_2674584,AAPL,SELL,3,1284.9
TDB_00002307,2024-09-25 15:58:13,TDB_CUST_8506728,MSFT,BUY,851,922.11
TDB_00002308,2024-09-22 22:49:18,TDB_CUST_1668782,JPM,SELL,115,1327.88
TDB_00002309,2024-09-19 09:19:44,TDB_CUST_5024783,AAPL,BUY,376,223.59
TDB_00002310,2024-09-20 17:43:09,TDB_CUST_8851933,AAPL,BUY,919,679.6
TDB_00002311,2024-09-20 18:10:25,TDB_CUST_1248219,GOOGL,SELL,47,13.61
TDB_00002312,2024-09-22 13:19:56,TDB_CUST_2713170,V,SELL,187,618.22
TDB_00002313,2024-09-25 00:13:47,TDB_CUST_6364827,FB,BUY,120,19.33
TDB_00002314,2024-09-21 06:18:50,TDB_CUST_9928111,NFLX,SELL,654,282.27
TDB_00002315,2024-09-20 06:39:33,TDB_CUST_4646848,FB,SELL,860,152.27
TDB_00002316,2024-09-19 19:21:37,TDB_CUST_2575370,AMZN,SELL,424,1156.13
TDB_00002317,2024-09-21 13:23:18,TDB_CUST_9407220,GOOGL,SELL,544,1244.19
TDB_00002318,2024-09-24 00:08:30,TDB_CUST_3376367,TSLA,SELL,693,687.65
TDB_00002319,2024-09-19 10:29:28,TDB_CUST_6786228,NFLX,SELL,835,1205.16
TDB_00002320,2024-09-24 00:02:36,TDB_CUST_5887898,FB,SELL,778,19.66
TDB_00002321,2024-09-24 10:52:56,TDB_CUST_7816465,V,SELL,879,1141.95
TDB_00002322,2024-09-22 21:12:25,TDB_CUST_8286306,AAPL,SELL,891,1126.02
TDB_00002323,2024-09-24 12:04:19,TDB_CUST_9345895,FB,SELL,203,68.24
TDB_00002324,2024-09-20 03:09:24,TDB_CUST_1299900,FB,BUY,97,432.81
TDB_00002325,2024-09-22 06:27:42,TDB_CUST_3494136,AAPL,SELL,373,658.46
TDB_00002326,2024-09-24 03:31:41,TDB_CUST_1908347,GOOGL,SELL,165,833.11
TDB_00002327,2024-09-22 12:26:59,TDB_CUST_3968520,NVDA,BUY,135,284.3
TDB_00002328,2024-09-21 13:52:28,TDB_CUST_7375508,JPM,SELL,710,1305.72
TDB_00002329,2024-09-20 02:32:30,TDB_CUST_3494893,V,SELL,37,142.59
TDB_00002330,2024-09-23 21:09:57,TDB_CUST_1800261,GOOGL,BUY,327,379.58
TDB_00002331,2024-09-23 10:52:01,TDB_CUST_7062068,AAPL,SELL,725,512.21
TDB_00002332,2024-09-24 02:03:27,TDB_CUST_5885517,TSLA,SELL,709,73.13
TDB_00002333,2024-09-21 02:38:50,TDB_CUST_5517169,V,BUY,739,1002.83
TDB_00002334,2024-09-20 02:22:03,TDB_CUST_5955009,GOOGL,SELL,941,20.27
TDB_00002335,2024-09-23 11:33:52,TDB_CUST_6109012,GOOGL,BUY,649,188.43
TDB_00002336,2024-09-21 12:11:23,TDB_CUST_2626143,V,BUY,325,997.22
TDB_00002337,2024-09-24 14:34:01,TDB_CUST_2342806,TSLA,BUY,775,1355.52
TDB_00002338,2024-09-22 15:11:45,TDB_CUST_4457907,JPM,BUY,503,1422.94
TDB_00002339,2024-09-24 08:16:58,TDB_CUST_7378391,FB,BUY,85,907.8
TDB_00002340,2024-09-20 14:23:54,TDB_CUST_5383072,AAPL,BUY,733,121.38
TDB_00002341,2024-09-19 00:29:51,TDB_CUST_5887727,AMZN,BUY,275,621.77
TDB_00002342,2024-09-21 18:35:08,TDB_CUST_8286066,AMZN,BUY,300,761.57
TDB_00002343,2024-09-21 01:18:20,TDB_CUST_4212656,AAPL,BUY,879,113.22
TDB_00002344,2024-09-21 14:28:14,TDB_CUST_5481283,V,BUY,911,451.74
TDB_00002345,2024-09-21 01:14:09,TDB_CUST_4895993,TSLA,BUY,414,584.95
TDB_00002346,2024-09-21 02:08:34,TDB_CUST_2274701,JPM,SELL,376,483.82
TDB_00002347,2024-09-24 23:13:00,TDB_CUST_7001933,AAPL,BUY,234,531.67
TDB_00002348,2024-09-23 12:38:42,TDB_CUST_4504168,GOOGL,BUY,885,787.31
TDB_00002349,2024-09-20 14:28:42,TDB_CUST_6442952,TSLA,SELL,547,21.92
TDB_00002350,2024-09-22 12:29:55,TDB_CUST_1771677,AMZN,BUY,915,633.46
TDB_00002351,2024-09-21 22:17:28,TDB_CUST_1294372,MSFT,SELL,708,1422.06
TDB_00002352,2024-09-19 00:33:04,TDB_CUST_6173074,NVDA,BUY,947,1281.09
TDB_00002353,2024-09-24 15:32:21,TDB_CUST_6092653,JPM,SELL,73,109.85
TDB_00002354,2024-09-24 20:16:34,TDB_CUST_3601929,GOOGL,BUY,266,288.2
TDB_00002355,2024-09-19 06:44:24,TDB_CUST_6075482,GOOGL,BUY,310,485.17
TDB_00002356,2024-09-20 20:10:12,TDB_CUST_7796437,FB,SELL,450,537.93
TDB_00002357,2024-09-23 10:53:02,TDB_CUST_5264913,V,BUY,458,666.12
TDB_00002358,2024-09-25 09:42:48,TDB_CUST_8666943,V,BUY,552,950.27
TDB_00002359,2024-09-20 23:49:36,TDB_CUST_7938904,V,SELL,368,1437.67
TDB_00002360,2024-09-20 18:09:50,TDB_CUST_4742017,FB,SELL,848,1403.73
TDB_00002361,2024-09-18 21:27:44,TDB_CUST_4415765,V,BUY,134,1079.06
TDB_00002362,2024-09-23 21:00:00,TDB_CUST_2616271,GOOGL,BUY,700,1236.1
TDB_00002363,2024-09-19 11:20:33,TDB_CUST_7745807,NFLX,SELL,937,21.59
TDB_00002364,2024-09-21 06:54:39,TDB_CUST_1702026,JPM,BUY,962,293.97
TDB_00002365,2024-09-21 23:40:17,TDB_CUST_6392424,NVDA,BUY,763,1315.52
TDB_00002366,2024-09-22 13:25:38,TDB_CUST_2172697,NVDA,BUY,992,606.93
TDB_00002367,2024-09-20 01:32:06,TDB_CUST_9564673,AMZN,SELL,388,948.3
TDB_00002368,2024-09-23 22:16:38,TDB_CUST_4401716,MSFT,BUY,889,383.9
TDB_00002369,2024-09-24 04:50:50,TDB_CUST_5469554,JPM,SELL,248,1397.63
TDB_00002370,2024-09-20 21:48:30,TDB_CUST_3749600,AAPL,SELL,249,1481.31
TDB_00002371,2024-09-24 16:16:00,TDB_CUST_2676462,V,BUY,413,1284.33
TDB_00002372,2024-09-22 14:01:35,TDB_CUST_6299587,JPM,SELL,491,921.64
TDB_00002373,2024-09-18 23:48:19,TDB_CUST_8189156,NFLX,BUY,295,328.76
TDB_00002374,2024-09-23 00:27:23,TDB_CUST_4231545,NVDA,BUY,140,1496.98
TDB_00002375,2024-09-22 07:49:21,TDB_CUST_5027692,AMZN,BUY,86,1350.24
TDB_00002376,2024-09-19 19:51:08,TDB_CUST_6899423,V,SELL,469,1465.7
TDB_00002377,2024-09-19 18:33:35,TDB_CUST_9768637,MSFT,SELL,333,1438.52
TDB_00002378,2024-09-21 19:20:58,TDB_CUST_3841492,AAPL,BUY,265,1418.73
TDB_00002379,2024-09-25 08:18:37,TDB_CUST_4235833,FB,SELL,208,1186.94
TDB_00002380,2024-09-19 13:39:04,TDB_CUST_4093232,FB,BUY,890,360.47
TDB_00002381,2024-09-19 13:19:05,TDB_CUST_9560061,MSFT,BUY,296,1388.81
TDB_00002382,2024-09-21 12:24:35,TDB_CUST_7009968,FB,BUY,170,1422.09
TDB_00002383,2024-09-25 11:23:28,TDB_CUST_5959857,FB,BUY,940,803.18
TDB_00002384,2024-09-21 01:02:10,TDB_CUST_9227796,NFLX,SELL,497,402.09
TDB_00002385,2024-09-20 08:52:50,TDB_CUST_5933225,AMZN,BUY,294,599.0
TDB_00002386,2024-09-21 03:34:03,TDB_CUST_8799437,FB,BUY,55,128.88
TDB_00002387,2024-09-19 13:42:47,TDB_CUST_3900438,AAPL,SELL,234,111.96
TDB_00002388,2024-09-25 15:54:29,TDB_CUST_3222424,TSLA,BUY,325,328.31
TDB_00002389,2024-09-23 08:15:13,TDB_CUST_6808217,MSFT,SELL,989,33.25
TDB_00002390,2024-09-24 10:59:09,TDB_CUST_1619420,AAPL,BUY,859,98.21
TDB_00002391,2024-09-20 12:24:06,TDB_CUST_9122403,NVDA,BUY,37,1483.66
TDB_00002392,2024-09-18 19:19:37,TDB_CUST_3251960,V,SELL,761,1076.92
TDB_00002393,2024-09-22 02:42:36,TDB_CUST_6198839,AAPL,SELL,20,1155.4
TDB_00002394,2024-09-24 06:05:58,TDB_CUST_3187685,AMZN,BUY,502,1384.02
TDB_00002395,2024-09-25 03:39:33,TDB_CUST_2166845,GOOGL,SELL,747,152.35
TDB_00002396,2024-09-22 20:57:01,TDB_CUST_2282202,NVDA,SELL,354,1399.04
TDB_00002397,2024-09-21 00:53:47,TDB_CUST_9461056,FB,BUY,75,1261.92
TDB_00002398,2024-09-23 17:39:25,TDB_CUST_1365818,TSLA,SELL,137,194.4
TDB_00002399,2024-09-23 11:39:13,TDB_CUST_1622122,MSFT,SELL,673,588.89
TDB_00002400,2024-09-22 08:10:48,TDB_CUST_7128697,JPM,SELL,142,793.01
TDB_00002401,2024-09-25 00:58:00,TDB_CUST_5548954,AAPL,BUY,839,539.88
TDB_00002402,2024-09-23 13:58:25,TDB_CUST_5811366,TSLA,SELL,644,1234.45
TDB_00002403,2024-09-24 02:59:55,TDB_CUST_8562261,AAPL,SELL,286,505.62
TDB_00002404,2024-09-20 13:33:53,TDB_CUST_6346221,TSLA,SELL,671,807.19
TDB_00002405,2024-09-25 08:49:47,TDB_CUST_6705539,FB,BUY,150,939.62
TDB_00002406,2024-09-24 11:09:55,TDB_CUST_1045367,TSLA,SELL,207,274.74
TDB_00002407,2024-09-19 15:48:45,TDB_CUST_4438370,MSFT,SELL,353,1000.56
TDB_00002408,2024-09-20 21:26:28,TDB_CUST_4958882,V,BUY,190,276.05
TDB_00002409,2024-09-24 13:27:25,TDB_CUST_6222688,TSLA,SELL,311,1362.3
TDB_00002410,2024-09-21 06:16:00,TDB_CUST_4305680,AAPL,SELL,445,430.13
TDB_00002411,2024-09-24 23:01:04,TDB_CUST_7426518,MSFT,SELL,677,243.82
TDB_00002412,2024-09-19 11:22:23,TDB_CUST_1134873,V,SELL,286,1369.98
TDB_00002413,2024-09-22 07:33:11,TDB_CUST_6022773,TSLA,SELL,53,1393.21
TDB_00002414,2024-09-20 09:32:12,TDB_CUST_5421312,JPM,BUY,973,1222.29
TDB_00002415,2024-09-23 18:54:32,TDB_CUST_4349897,TSLA,SELL,115,171.99
TDB_00002416,2024-09-23 17:10:56,TDB_CUST_7829641,JPM,SELL,311,482.18
TDB_00002417,2024-09-20 07:46:17,TDB_CUST_1713754,V,BUY,605,1307.36
TDB_00002418,2024-09-25 11:39:56,TDB_CUST_2015870,AMZN,SELL,87,1382.21
TDB_00002419,2024-09-24 16:30:27,TDB_CUST_6428103,MSFT,SELL,692,114.92
TDB_00002420,2024-09-24 18:49:01,TDB_CUST_4756960,AAPL,BUY,221,1339.11
TDB_00002421,2024-09-20 17:41:26,TDB_CUST_1696341,GOOGL,BUY,916,684.79
TDB_00002422,2024-09-24 01:41:59,TDB_CUST_1704326,AAPL,SELL,725,62.87
TDB_00002423,2024-09-20 17:47:21,TDB_CUST_5565962,NFLX,SELL,749,1442.55
TDB_00002424,2024-09-21 03:26:18,TDB_CUST_5482930,FB,SELL,173,508.64
TDB_00002425,2024-09-19 21:09:10,TDB_CUST_2027087,AAPL,BUY,312,256.04
TDB_00002426,2024-09-23 21:45:11,TDB_CUST_9122597,NFLX,SELL,410,273.52
TDB_00002427,2024-09-18 20:07:29,TDB_CUST_8476154,AAPL,SELL,947,1415.59
TDB_00002428,2024-09-24 14:51:10,TDB_CUST_7435428,JPM,BUY,851,888.22
TDB_00002429,2024-09-20 17:35:40,TDB_CUST_7675662,V,BUY,19,1007.74
TDB_00002430,2024-09-19 18:10:06,TDB_CUST_8455562,GOOGL,SELL,244,436.06
TDB_00002431,2024-09-19 21:44:09,TDB_CUST_8670436,MSFT,SELL,199,92.68
TDB_00002432,2024-09-21 03:15:58,TDB_CUST_6515420,NFLX,BUY,896,374.34
TDB_00002433,2024-09-20 21:03:51,TDB_CUST_6926765,GOOGL,SELL,462,1337.1
TDB_00002434,2024-09-23 10:49:01,TDB_CUST_3743322,JPM,SELL,435,426.98
TDB_00002435,2024-09-21 13:35:25,TDB_CUST_7041601,NVDA,BUY,211,506.93
TDB_00002436,2024-09-24 12:24:51,TDB_CUST_1215380,MSFT,BUY,950,1239.01
TDB_00002437,2024-09-19 01:58:18,TDB_CUST_8787120,FB,SELL,482,1325.15
TDB_00002438,2024-09-24 11:44:45,TDB_CUST_4594160,V,BUY,26,507.85
TDB_00002439,2024-09-19 07:08:41,TDB_CUST_1588034,TSLA,BUY,535,695.81
TDB_00002440,2024-09-23 17:46:24,TDB_CUST_4628570,V,BUY,567,1161.68
TDB_00002441,2024-09-18 19:52:43,TDB_CUST_3559716,AAPL,BUY,156,123.03
TDB_00002442,2024-09-21 21:26:32,TDB_CUST_7437301,FB,SELL,677,308.7
TDB_00002443,2024-09-23 00:20:15,TDB_CUST_1893227,GOOGL,SELL,758,744.34
TDB_00002444,2024-09-20 01:58:05,TDB_CUST_6811236,AMZN,BUY,175,453.95
TDB_00002445,2024-09-22 13:39:02,TDB_CUST_5115906,GOOGL,BUY,477,88.31
TDB_00002446,2024-09-22 14:30:45,TDB_CUST_1510449,AMZN,BUY,385,151.78
TDB_00002447,2024-09-19 04:16:51,TDB_CUST_3897993,MSFT,BUY,336,28.46
TDB_00002448,2024-09-24 00:13:24,TDB_CUST_9530647,V,SELL,477,277.94
TDB_00002449,2024-09-19 00:59:14,TDB_CUST_6993107,TSLA,SELL,408,846.54
TDB_00002450,2024-09-21 01:54:57,TDB_CUST_9509063,AAPL,BUY,719,483.53
TDB_00002451,2024-09-21 16:20:24,TDB_CUST_8990922,TSLA,SELL,881,868.68
TDB_00002452,2024-09-24 00:08:48,TDB_CUST_9718046,V,SELL,337,204.14
TDB_00002453,2024-09-21 23:13:39,TDB_CUST_7826691,AAPL,SELL,902,1366.82
TDB_00002454,2024-09-20 07:46:04,TDB_CUST_4134098,AAPL,SELL,139,13.55
TDB_00002455,2024-09-21 06:53:22,TDB_CUST_6171049,AAPL,BUY,395,1380.83
TDB_00002456,2024-09-24 17:28:12,TDB_CUST_4295938,AAPL,BUY,11,632.33
TDB_00002457,2024-09-22 19:41:06,TDB_CUST_2826657,GOOGL,BUY,764,209.37
TDB_00002458,2024-09-19 22:42:59,TDB_CUST_6924989,NVDA,SELL,505,633.76
TDB_00002459,2024-09-24 14:53:23,TDB_CUST_3340877,V,SELL,326,917.3
TDB_00002460,2024-09-23 10:32:20,TDB_CUST_4096668,NFLX,SELL,437,727.14
TDB_00002461,2024-09-23 03:34:13,TDB_CUST_1335339,NFLX,SELL,939,529.62
TDB_00002462,2024-09-19 04:04:41,TDB_CUST_9810529,JPM,SELL,629,346.54
TDB_00002463,2024-09-20 07:28:56,TDB_CUST_5629251,NFLX,SELL,835,1422.45
TDB_00002464,2024-09-21 06:34:52,TDB_CUST_3413025,NFLX,SELL,697,1156.3
TDB_00002465,2024-09-23 18:35:07,TDB_CUST_8218022,GOOGL,SELL,785,1235.09
TDB_00002466,2024-09-20 03:02:55,TDB_CUST_6683551,AMZN,SELL,553,980.45
TDB_00002467,2024-09-21 06:54:11,TDB_CUST_7608681,AMZN,SELL,516,456.09
TDB_00002468,2024-09-25 07:24:36,TDB_CUST_1525324,TSLA,SELL,263,446.61
TDB_00002469,2024-09-22 04:42:11,TDB_CUST_5416422,TSLA,BUY,210,1290.12
TDB_00002470,2024-09-23 04:17:44,TDB_CUST_1690825,NVDA,BUY,661,1438.45
TDB_00002471,2024-09-24 12:24:38,TDB_CUST_8023782,AAPL,BUY,946,1139.31
TDB_00002472,2024-09-24 02:37:02,TDB_CUST_8210514,NVDA,BUY,27,132.34
TDB_00002473,2024-09-20 10:03:37,TDB_CUST_1366517,AAPL,SELL,967,228.34
TDB_00002474,2024-09-24 11:08:25,TDB_CUST_7735872,TSLA,SELL,116,1115.29
TDB_00002475,2024-09-19 21:40:23,TDB_CUST_8930305,AMZN,SELL,184,798.2
TDB_00002476,2024-09-20 01:33:09,TDB_CUST_1538943,NVDA,BUY,810,218.09
TDB_00002477,2024-09-22 23:31:11,TDB_CUST_3938752,NVDA,SELL,486,42.76
TDB_00002478,2024-09-25 16:59:56,TDB_CUST_5029226,FB,SELL,786,1069.42
TDB_00002479,2024-09-24 11:58:19,TDB_CUST_4632247,NFLX,BUY,990,1465.46
TDB_00002480,2024-09-20 13:28:28,TDB_CUST_4021760,AAPL,SELL,277,936.22
TDB_00002481,2024-09-22 19:02:16,TDB_CUST_2305796,JPM,SELL,575,535.04
TDB_00002482,2024-09-22 12:48:39,TDB_CUST_4951875,GOOGL,SELL,272,643.98
TDB_00002483,2024-09-24 21:37:04,TDB_CUST_2338077,MSFT,SELL,393,604.38
TDB_00002484,2024-09-24 05:05:40,TDB_CUST_4363486,AAPL,SELL,184,1349.32
TDB_00002485,2024-09-24 09:35:35,TDB_CUST_8925022,NVDA,SELL,70,311.92
TDB_00002486,2024-09-24 02:42:59,TDB_CUST_5818408,AAPL,SELL,11,530.88
TDB_00002487,2024-09-24 13:58:52,TDB_CUST_7096478,NVDA,BUY,353,1019.45
TDB_00002488,2024-09-23 19:01:42,TDB_CUST_6257049,TSLA,SELL,312,725.16
TDB_00002489,2024-09-23 07:11:13,TDB_CUST_6784705,NVDA,SELL,338,757.76
TDB_00002490,2024-09-21 11:33:02,TDB_CUST_5406930,MSFT,SELL,297,1420.54
TDB_00002491,2024-09-20 14:45:46,TDB_CUST_4855098,JPM,SELL,873,386.13
TDB_00002492,2024-09-21 05:02:57,TDB_CUST_2919644,NFLX,BUY,553,1266.66
TDB_00002493,2024-09-24 08:39:24,TDB_CUST_2323937,AMZN,BUY,754,1276.63
TDB_00002494,2024-09-24 08:36:14,TDB_CUST_3866179,GOOGL,BUY,171,894.61
TDB_00002495,2024-09-25 06:32:22,TDB_CUST_3390536,AMZN,BUY,727,102.83
TDB_00002496,2024-09-19 01:03:26,TDB_CUST_7287859,FB,SELL,422,457.84
TDB_00002497,2024-09-19 13:49:43,TDB_CUST_2421176,FB,BUY,817,1283.98
TDB_00002498,2024-09-25 04:27:01,TDB_CUST_3002749,MSFT,BUY,412,89.53
TDB_00002499,2024-09-25 08:00:33,TDB_CUST_8873329,MSFT,SELL,479,1145.21
