6001,349420304,sell,4G0WKHRD5,4566,319.49,2024-09-25 14:06:36
6002,298959843,buy,9TOJBMRD4,8528,391.08,2024-09-25 14:06:36
6003,229653446,sell,LURL4EBX8,2947,153.52,2024-09-25 14:06:36
6004,910090315,sell,03DPLIZK1,9231,179.89,2024-09-25 14:06:36
6005,936544995,sell,1QTJKBE66,7398,226.13,2024-09-25 14:06:36
6006,756313838,sell,LS2689KB8,6593,164.12,2024-09-25 14:06:36
6007,350882034,sell,3QIOB0KY1,1730,275.51,2024-09-25 14:06:36
6008,572857621,sell,8H9073BX9,6216,439.97,2024-09-25 14:06:36
6009,987622686,sell,KDMTR9PV0,2774,481.20,2024-09-25 14:06:36
6010,744002025,sell,OBFJPGKI0,6398,70.98,2024-09-25 14:06:36
6011,213060124,buy,R9UA9AV69,1872,475.50,2024-09-25 14:06:36
6012,703833410,buy,4H73DYBO4,8606,395.51,2024-09-25 14:06:36
6013,443266367,buy,ACNGFX8O5,5010,469.96,2024-09-25 14:06:36
6014,813369717,sell,04DRCFJO1,4773,190.72,2024-09-25 14:06:36
6015,346733622,sell,5L30VYHZ3,82,496.33,2024-09-25 14:06:36
6016,964948246,buy,FKIGIHJQ3,3699,45.60,2024-09-25 14:06:36
6017,932360125,buy,CFTARB0D0,4066,351.17,2024-09-25 14:06:36
6018,518327028,sell,YLDYELSI9,8805,123.06,2024-09-25 14:06:36
6019,186374998,buy,J4F07J4B0,8023,17.73,2024-09-25 14:06:36
6020,532044932,buy,EMYSG2RZ2,5970,13.44,2024-09-25 14:06:36
6021,439154508,buy,DR6JIROY2,7238,443.91,2024-09-25 14:06:36
6022,326709656,sell,HEKL7MHM3,5354,76.74,2024-09-25 14:06:36
6023,181430898,sell,XBCC8IDD2,7674,73.87,2024-09-25 14:06:36
6024,294264255,buy,5COY1QAB6,5172,442.12,2024-09-25 14:06:36
6025,376637048,buy,K2PYJNH54,26,40.03,2024-09-25 14:06:36
6026,219654655,sell,6AG7S2QH1,1531,109.81,2024-09-25 14:06:36
6027,295518784,sell,O5Z5SWT29,8758,434.92,2024-09-25 14:06:36
6028,896428852,buy,U6J0HZ7X0,9393,255.16,2024-09-25 14:06:36
6029,980223299,buy,7FWI6H1C6,9749,120.62,2024-09-25 14:06:36
6030,403600861,buy,WQZSNK2H1,6690,141.68,2024-09-25 14:06:36
6031,635900793,sell,PQ351ACE6,7063,99.59,2024-09-25 14:06:36
6032,458550170,sell,LZWVN38S7,5331,144.62,2024-09-25 14:06:36
6033,623043801,buy,KXBKG1B66,1439,59.22,2024-09-25 14:06:36
6034,630146074,sell,QUIKFTHK2,1869,34.95,2024-09-25 14:06:36
6035,527275563,sell,877F9ID05,6757,78.68,2024-09-25 14:06:36
6036,890511008,sell,44SPDO1Q9,6545,156.43,2024-09-25 14:06:36
6037,138948662,sell,WC1LR90Q7,5896,403.97,2024-09-25 14:06:36
6038,521548654,sell,65SEU7RM8,2552,485.85,2024-09-25 14:06:36
6039,904305567,buy,VXQ182TI2,3784,33.17,2024-09-25 14:06:36
6040,584798724,buy,GBA4407J8,9452,399.26,2024-09-25 14:06:36
6041,144485194,sell,VWNLBGYW1,7305,57.39,2024-09-25 14:06:36
6042,746274449,sell,6I33DSHW3,4256,468.97,2024-09-25 14:06:36
6043,790773868,sell,HGB8W7JR9,6967,390.16,2024-09-25 14:06:36
6044,736061955,buy,C5HX3P347,6968,454.49,2024-09-25 14:06:36
6045,442092024,buy,082H7R131,3167,442.66,2024-09-25 14:06:36
6046,558953060,buy,AQAITUYZ1,2030,278.18,2024-09-25 14:06:36
6047,454598467,sell,U9339SF60,3619,364.60,2024-09-25 14:06:36
6048,143326465,buy,GJ24HUVT1,794,406.02,2024-09-25 14:06:36
6049,588513473,sell,SRWSZJ4I3,4892,233.16,2024-09-25 14:06:36
6050,908895549,buy,NCUMWPGA9,6840,261.76,2024-09-25 14:06:36
6051,988541141,buy,2LK60OWU4,3027,146.29,2024-09-25 14:06:36
6052,354879963,buy,6MXP2DVA9,7678,380.21,2024-09-25 14:06:36
6053,855542282,sell,L0L9TH700,1898,117.61,2024-09-25 14:06:36
6054,309770934,buy,UDKBBS1Z2,5415,402.65,2024-09-25 14:06:36
6055,296778162,buy,EZYFGRT76,7759,420.00,2024-09-25 14:06:36
6056,669259244,buy,8BGF70UR9,5158,438.80,2024-09-25 14:06:36
6057,550886183,buy,V4VLAIUN5,6734,110.26,2024-09-25 14:06:36
6058,727877293,buy,QE9OIG346,46,442.97,2024-09-25 14:06:36
6059,240437845,sell,SOFEU03Z9,5294,26.61,2024-09-25 14:06:36
6060,478960145,sell,65VS48IR9,607,411.24,2024-09-25 14:06:36
6061,392098033,buy,4CZ8ULVV4,7410,73.20,2024-09-25 14:06:36
6062,271251247,buy,0E3E5KR25,3138,196.63,2024-09-25 14:06:36
6063,132935393,sell,GGAHU3118,4941,118.80,2024-09-25 14:06:36
6064,717319493,sell,HMZOW0FE3,5276,468.85,2024-09-25 14:06:36
6065,438988275,sell,9WUGPELN3,6134,61.85,2024-09-25 14:06:36
6066,971781186,buy,IPY3COU88,565,369.30,2024-09-25 14:06:36
6067,651604216,buy,FJLXEP1Z0,8163,124.06,2024-09-25 14:06:36
6068,119763437,sell,QDSVASK77,7928,235.62,2024-09-25 14:06:36
6069,769182627,sell,ITGCNTS80,9988,317.62,2024-09-25 14:06:36
6070,839703938,sell,C3373Y915,9379,44.49,2024-09-25 14:06:36
6071,309429924,sell,7NML2XGB8,8793,278.96,2024-09-25 14:06:36
6072,229788146,buy,BAY02J0O4,4646,28.11,2024-09-25 14:06:36
6073,607384737,buy,1P3O2QX12,5670,347.86,2024-09-25 14:06:36
6074,961815079,buy,AWMO4VF39,6623,443.13,2024-09-25 14:06:36
6075,216051686,sell,HFMM01526,6818,416.58,2024-09-25 14:06:36
6076,552941082,buy,YVQL2BK45,9962,458.75,2024-09-25 14:06:36
6077,763610729,buy,LM1SNZLZ5,7839,323.66,2024-09-25 14:06:36
6078,280118914,buy,HFR7DR3E9,1651,411.63,2024-09-25 14:06:36
6079,186214531,buy,D1GS9N4B9,330,213.62,2024-09-25 14:06:36
6080,355746854,buy,8EOVKPFE5,9801,411.49,2024-09-25 14:06:36
6081,798315000,sell,AG02DTVG4,6337,376.38,2024-09-25 14:06:36
6082,282473388,sell,WETWACC38,6312,359.64,2024-09-25 14:06:36
6083,740514379,buy,GB5CNPKZ9,5801,496.00,2024-09-25 14:06:36
6084,485582127,sell,YAT7VQXC2,221,477.50,2024-09-25 14:06:36
6085,910836200,sell,ELPDIZWI4,8323,473.04,2024-09-25 14:06:36
6086,266960126,buy,G9Z8P1FB0,6893,190.10,2024-09-25 14:06:36
6087,614830134,sell,2GIDF5LH9,278,137.01,2024-09-25 14:06:36
6088,720280204,sell,CITZGMVM3,5514,209.33,2024-09-25 14:06:36
6089,335120264,sell,QZCD6PZM7,4628,60.21,2024-09-25 14:06:36
6090,756063072,buy,M9Z5REQK7,4924,220.60,2024-09-25 14:06:36
6091,846497254,sell,MOHNNKRL2,6843,142.65,2024-09-25 14:06:36
6092,400875165,buy,ILIRPREH9,7579,318.14,2024-09-25 14:06:36
6093,501083227,buy,O0VTNZPP3,2068,206.95,2024-09-25 14:06:36
6094,106993611,buy,JYLQ7CI53,8619,155.34,2024-09-25 14:06:36
6095,942021813,sell,NBLUNBK76,4777,362.49,2024-09-25 14:06:36
6096,901034861,buy,VH04PVPQ2,3629,430.21,2024-09-25 14:06:36
6097,622602495,buy,DNU5G3OL7,8057,172.24,2024-09-25 14:06:36
6098,731168390,buy,L56C3GZV0,2479,153.70,2024-09-25 14:06:36
6099,428335936,sell,HGNRSBFB9,75,421.77,2024-09-25 14:06:36
6100,642270048,buy,ZMOYBSML1,9281,295.99,2024-09-25 14:06:36
6101,833269454,buy,P62HAWYK9,52,266.35,2024-09-25 14:06:36
6102,646280082,buy,TLIVA9AI6,987,372.45,2024-09-25 14:06:36
6103,125289010,buy,L1KPQPU77,6803,130.90,2024-09-25 14:06:36
6104,820473564,buy,9LEKCLIT5,1176,371.21,2024-09-25 14:06:36
6105,497025599,sell,IG8XEIWN7,7237,295.56,2024-09-25 14:06:36
6106,194259945,buy,Q1P0X9LV7,9823,375.71,2024-09-25 14:06:36
6107,676507499,buy,8IPUF4287,6207,126.16,2024-09-25 14:06:36
6108,834482891,buy,CSS99VIZ4,3117,411.59,2024-09-25 14:06:36
6109,429493011,sell,FL3N62NI1,3136,358.32,2024-09-25 14:06:36
6110,568568656,sell,OFRZ4ZQ71,4740,35.69,2024-09-25 14:06:36
6111,333669505,buy,HSRQZOBM5,1745,55.52,2024-09-25 14:06:36
6112,185254859,sell,IRFFD8Q20,1517,358.23,2024-09-25 14:06:36
6113,545881696,sell,LABRMOH26,9922,175.01,2024-09-25 14:06:36
6114,150199556,sell,4PTV3PON8,5679,313.19,2024-09-25 14:06:36
6115,222821621,buy,43DX482S0,3439,142.44,2024-09-25 14:06:36
6116,689215209,buy,ZDXA94KD9,1337,362.79,2024-09-25 14:06:36
6117,326828995,buy,YL3SA9UX8,4518,341.58,2024-09-25 14:06:36
6118,368566804,sell,P3W6QQS87,5857,212.26,2024-09-25 14:06:36
6119,613228487,buy,JEO4HIS17,2564,243.28,2024-09-25 14:06:36
6120,129883691,sell,W60G2X6I8,5502,366.90,2024-09-25 14:06:36
6121,807292692,sell,WIVCA2ET3,7740,472.67,2024-09-25 14:06:36
6122,945078701,buy,59XVJ3NL5,5076,117.71,2024-09-25 14:06:36
6123,798985218,buy,MXVUEHRC7,2980,266.40,2024-09-25 14:06:36
6124,200324380,buy,5Q2P8J6A4,1908,321.13,2024-09-25 14:06:36
6125,240385942,sell,U9XANUZW1,5591,134.42,2024-09-25 14:06:36
6126,859613480,sell,1PGD36PJ5,500,286.89,2024-09-25 14:06:36
6127,302388844,sell,BYMLFIYP7,9965,151.74,2024-09-25 14:06:36
6128,231288901,buy,3GJM77RW3,1534,474.49,2024-09-25 14:06:36
6129,555785918,sell,FKESRW039,3335,242.88,2024-09-25 14:06:36
6130,305176926,buy,4BWAZPA76,6693,141.70,2024-09-25 14:06:36
6131,944064309,buy,XX60WGCS2,510,26.14,2024-09-25 14:06:36
6132,339192747,buy,2O77I5EV1,5217,213.58,2024-09-25 14:06:36
6133,753836591,buy,GJ3YVYXK7,6386,175.19,2024-09-25 14:06:36
6134,523180198,buy,UQSDW4X60,8081,249.08,2024-09-25 14:06:36
6135,123777090,buy,WXZY63W61,5054,270.33,2024-09-25 14:06:36
6136,752601572,sell,OXNYWZB09,6357,316.37,2024-09-25 14:06:36
6137,811676575,sell,BMRX0SCY1,3937,165.25,2024-09-25 14:06:36
6138,420850956,sell,UVOLWWZJ3,333,349.14,2024-09-25 14:06:36
6139,100477864,sell,9LZ59T6P3,9932,199.14,2024-09-25 14:06:36
6140,872060361,sell,ZZBQYHCY5,2714,236.61,2024-09-25 14:06:36
6141,373086172,sell,92QDLGW08,3007,175.46,2024-09-25 14:06:36
6142,414301426,sell,28ROP8DN2,13,260.25,2024-09-25 14:06:36
6143,757786391,sell,K9L67W2E4,2559,361.20,2024-09-25 14:06:36
6144,921185443,buy,XI18U9H72,8218,135.89,2024-09-25 14:06:36
6145,774994784,sell,8G480K8M6,2765,469.67,2024-09-25 14:06:36
6146,235933661,buy,VHLDYVXH0,7791,327.18,2024-09-25 14:06:36
6147,638702824,sell,AQQ36PL79,8635,77.48,2024-09-25 14:06:36
6148,328877895,buy,AY22ZVQB1,6834,36.85,2024-09-25 14:06:36
6149,933892306,sell,TE8EGWF24,5369,96.57,2024-09-25 14:06:36
6150,558165048,buy,G1YS0GN52,8249,35.34,2024-09-25 14:06:36
6151,452789008,sell,JVND1W0Y4,7196,407.70,2024-09-25 14:06:36
6152,111495323,buy,3WGNWC3L0,9255,480.39,2024-09-25 14:06:36
6153,437777068,sell,LE56YR2K7,692,137.97,2024-09-25 14:06:36
6154,723726238,sell,HIZKIHKI4,7530,307.56,2024-09-25 14:06:36
6155,892821905,buy,61WERSV60,7524,172.74,2024-09-25 14:06:36
6156,551221484,buy,4VBSDDAH5,3932,28.58,2024-09-25 14:06:36
6157,590008008,sell,33FAXIZE0,8343,235.07,2024-09-25 14:06:36
6158,163692369,sell,YNLIM07J9,4670,484.99,2024-09-25 14:06:36
6159,810015636,sell,YGYFZD663,4487,140.26,2024-09-25 14:06:36
6160,393489787,sell,2T6P7UMX5,4025,220.56,2024-09-25 14:06:36
6161,676464960,sell,V4WL2DUZ7,2855,231.94,2024-09-25 14:06:36
6162,859705631,buy,YUVJPXAC6,1318,241.88,2024-09-25 14:06:36
6163,576714864,buy,0E3FEFGW9,7476,463.51,2024-09-25 14:06:36
6164,847073726,buy,5FLOSQ3Y3,7240,466.49,2024-09-25 14:06:36
6165,135547249,sell,DFWGGKRE3,4467,100.13,2024-09-25 14:06:36
6166,820644615,sell,JWGPVJF56,9630,285.02,2024-09-25 14:06:36
6167,275772310,sell,9VGVOA5C9,6218,184.76,2024-09-25 14:06:36
6168,947787032,buy,W49VJ2C78,822,263.79,2024-09-25 14:06:36
6169,296613111,buy,UNSWWJD49,9075,439.37,2024-09-25 14:06:36
6170,601444223,sell,LIEH2U0E8,3864,294.95,2024-09-25 14:06:36
6171,352963997,buy,RX6F8FPL6,3319,222.14,2024-09-25 14:06:36
6172,799491920,sell,B55EV3747,6781,206.17,2024-09-25 14:06:36
6173,973889214,buy,TTU2TZF70,7571,498.24,2024-09-25 14:06:36
6174,925355462,buy,N4HAJJ8F5,7452,182.49,2024-09-25 14:06:36
6175,744135295,buy,AN6XWQ330,3690,276.80,2024-09-25 14:06:36
6176,363808936,buy,N94N82ES4,2702,405.62,2024-09-25 14:06:36
6177,186623158,buy,U0J7CISA8,2657,40.81,2024-09-25 14:06:36
6178,598852290,sell,KTT8FSHD4,2587,410.40,2024-09-25 14:06:36
6179,739455745,buy,RNWPOOJD5,6755,59.07,2024-09-25 14:06:36
6180,890790395,buy,UHSWMCPI4,7040,462.65,2024-09-25 14:06:36
6181,457372250,sell,3HUFC8F40,605,297.75,2024-09-25 14:06:36
6182,811222388,sell,T8FBPGC72,5409,483.56,2024-09-25 14:06:36
6183,769207946,buy,GCFN7WKF9,2742,417.49,2024-09-25 14:06:36
6184,255266363,sell,096147BO0,5366,197.93,2024-09-25 14:06:36
6185,657706391,buy,QI2H7LRL6,4082,277.63,2024-09-25 14:06:36
6186,328121774,buy,YGB39T5Q6,3667,26.76,2024-09-25 14:06:36
6187,478973857,buy,61KY16NV9,6649,47.94,2024-09-25 14:06:36
6188,451283967,sell,Q8EG4DYT3,3830,474.34,2024-09-25 14:06:36
6189,993389064,sell,7BWLNF4M8,5185,241.64,2024-09-25 14:06:36
6190,481672420,buy,9ZTH5ZH30,1666,127.06,2024-09-25 14:06:36
6191,354785739,sell,Q00R4LO07,2314,41.60,2024-09-25 14:06:36
6192,978450121,sell,PWY6PCOY0,9331,259.45,2024-09-25 14:06:36
6193,848379726,sell,1AQYE2BA2,4179,109.36,2024-09-25 14:06:36
6194,811739388,sell,E3VX5R389,1300,116.24,2024-09-25 14:06:36
6195,493906669,buy,PS9PWMW91,5750,52.03,2024-09-25 14:06:36
6196,111156533,sell,DQK1GFTE4,9659,253.51,2024-09-25 14:06:36
6197,913915412,sell,CA6M83R08,8246,223.25,2024-09-25 14:06:36
6198,472592779,sell,2HH9W8YO3,5207,213.95,2024-09-25 14:06:36
6199,906050432,sell,OPGMWPCS0,2863,465.27,2024-09-25 14:06:36
6200,945245990,buy,KA69FCJB5,9469,81.56,2024-09-25 14:06:36
6201,575480435,buy,OMOO4SNI9,471,151.54,2024-09-25 14:06:36
6202,863632986,buy,KZ6W5QA51,6742,287.80,2024-09-25 14:06:36
6203,780078822,sell,X0VH32LK9,1383,271.31,2024-09-25 14:06:36
6204,314286690,buy,BKBKP7CW3,4690,69.82,2024-09-25 14:06:36
6205,771348214,sell,KGRIOV696,3946,198.94,2024-09-25 14:06:36
6206,391887664,sell,WJQVKNUN3,2713,442.59,2024-09-25 14:06:36
6207,250955776,buy,L34Q81K81,2404,92.07,2024-09-25 14:06:36
6208,567162029,buy,55SBCFHY2,4191,307.72,2024-09-25 14:06:36
6209,941033664,sell,LGJ2PLA61,65,467.80,2024-09-25 14:06:36
6210,739521976,buy,03RUVIA47,1325,123.27,2024-09-25 14:06:36
6211,351354540,sell,552VXGJI4,7547,88.94,2024-09-25 14:06:36
6212,673067242,buy,XPV03KNX1,2845,114.24,2024-09-25 14:06:36
6213,920909741,sell,2BKG1PUX6,2522,416.41,2024-09-25 14:06:36
6214,585282102,sell,PWEQQD0L9,975,230.05,2024-09-25 14:06:36
6215,287455138,buy,ZDF8SQW41,5733,481.68,2024-09-25 14:06:36
6216,290692838,buy,6PK77V5U6,1307,296.45,2024-09-25 14:06:36
6217,207583191,sell,XCXQOVJK7,8423,99.81,2024-09-25 14:06:36
6218,864331465,buy,NLRGA5R38,4510,395.24,2024-09-25 14:06:36
6219,358715207,buy,CZMTLLND1,6053,141.87,2024-09-25 14:06:36
6220,640753300,buy,MO7DSBKU7,6929,245.30,2024-09-25 14:06:36
6221,655778371,buy,UMXMVRAC5,1809,172.39,2024-09-25 14:06:36
6222,324442589,sell,UCBCSULA2,7107,394.99,2024-09-25 14:06:36
6223,877883542,buy,3S53OYNV2,5551,103.86,2024-09-25 14:06:36
6224,833277701,buy,0TBAY8SY5,651,309.57,2024-09-25 14:06:36
6225,163864223,buy,V9UTRAMS5,1562,332.89,2024-09-25 14:06:36
6226,562615825,sell,LPVJ76Z82,2409,187.33,2024-09-25 14:06:36
6227,581276201,buy,8J1A8QH88,6931,461.97,2024-09-25 14:06:36
6228,837774633,buy,W07FMEME7,4968,54.30,2024-09-25 14:06:36
6229,903297283,sell,R37RUOBE2,1803,325.54,2024-09-25 14:06:36
6230,823253901,sell,0KKW0PWW4,8843,290.48,2024-09-25 14:06:36
6231,427353535,buy,GOF8IUV41,180,332.30,2024-09-25 14:06:36
6232,251381648,buy,LNJMCRCM6,396,209.12,2024-09-25 14:06:36
6233,917735505,sell,7KH60IL55,3154,61.83,2024-09-25 14:06:36
6234,176575343,sell,K9TA9ZJ00,3549,125.70,2024-09-25 14:06:36
6235,571126542,sell,MQPGB3I34,2494,413.71,2024-09-25 14:06:36
6236,931676271,buy,2U3OX2HV1,5724,128.51,2024-09-25 14:06:36
6237,921409017,sell,8OF4SX780,188,16.04,2024-09-25 14:06:36
6238,548054222,sell,HQOB8DR91,1297,421.22,2024-09-25 14:06:36
6239,479053293,buy,N13Z1FBR8,7036,34.12,2024-09-25 14:06:36
6240,383015629,sell,WE7YJL7D3,5273,156.93,2024-09-25 14:06:36
6241,616867945,sell,LLIT8M2K7,2151,180.08,2024-09-25 14:06:36
6242,549585326,buy,2NBTV7OP3,9313,233.96,2024-09-25 14:06:36
6243,898806276,sell,9DHG0WSS9,462,496.15,2024-09-25 14:06:36
6244,727858107,sell,AIQCADUE4,2504,466.38,2024-09-25 14:06:36
6245,899708523,sell,USMAOHCJ3,2401,213.71,2024-09-25 14:06:36
6246,902463172,sell,2DGEX20V5,94,437.38,2024-09-25 14:06:36
6247,579795421,sell,A4UQBX8E9,604,171.72,2024-09-25 14:06:36
6248,855696043,buy,YW68VK9Y9,6943,182.70,2024-09-25 14:06:36
6249,307906331,sell,L37S0DUL6,8070,335.14,2024-09-25 14:06:36
6250,296823459,buy,FR9M81PQ4,66,468.51,2024-09-25 14:06:36
6251,725398160,sell,AK69FQPE0,1726,118.17,2024-09-25 14:06:36
6252,430964991,sell,WZVKKPYS5,260,288.78,2024-09-25 14:06:36
6253,230048072,sell,3G6FYOK51,504,478.42,2024-09-25 14:06:36
6254,560206008,sell,2YRVO3ER1,8867,332.50,2024-09-25 14:06:36
6255,741747460,sell,FAPW58CX8,216,135.75,2024-09-25 14:06:36
6256,478084570,buy,FTHFVXLA9,9069,274.68,2024-09-25 14:06:36
6257,165309664,sell,7XJTON3P4,3498,85.54,2024-09-25 14:06:36
6258,872800154,buy,1KH2B7N19,5449,110.91,2024-09-25 14:06:36
6259,543699273,buy,6CDH2REQ4,6613,435.86,2024-09-25 14:06:36
6260,189519632,buy,D2K01TK04,3212,350.07,2024-09-25 14:06:36
6261,769731185,buy,QFTUPY5C0,97,268.55,2024-09-25 14:06:36
6262,617320920,buy,6DKQ4ANE6,8691,248.03,2024-09-25 14:06:36
6263,645440650,sell,MZQYUWZ48,9533,471.51,2024-09-25 14:06:36
6264,712313474,sell,L4SCIA9D5,1276,406.51,2024-09-25 14:06:36
6265,725944267,buy,UE2H5JQ12,1354,230.30,2024-09-25 14:06:36
6266,514626304,sell,YV04M4X66,5551,266.20,2024-09-25 14:06:36
6267,905630891,buy,EBZJOOOY4,9168,114.80,2024-09-25 14:06:36
6268,708365451,sell,04WT84VG9,3128,166.65,2024-09-25 14:06:36
6269,434716148,buy,ATSLDMM46,340,293.17,2024-09-25 14:06:36
6270,383312554,sell,MWKEHOFK4,2079,433.34,2024-09-25 14:06:36
6271,464999157,sell,48T4E4EX0,8477,263.51,2024-09-25 14:06:36
6272,756953837,sell,BB2VXHV64,5690,202.35,2024-09-25 14:06:36
6273,947079157,sell,7HPB4OQ27,1729,418.51,2024-09-25 14:06:36
6274,528511769,buy,DDNO7E3M3,5006,155.03,2024-09-25 14:06:36
6275,554858056,sell,0DAA1PWL2,183,161.37,2024-09-25 14:06:36
6276,758581257,buy,EETTS8OO6,9148,123.81,2024-09-25 14:06:36
6277,692312116,buy,T3BCOHB67,5804,425.95,2024-09-25 14:06:36
6278,459151743,sell,GJ88PWZX0,4420,92.00,2024-09-25 14:06:36
6279,294488673,sell,242XMFHW1,3447,189.34,2024-09-25 14:06:36
6280,880084496,buy,4P7DRR6L6,5774,33.86,2024-09-25 14:06:36
6281,499653516,buy,RLGH0AE12,319,91.90,2024-09-25 14:06:36
6282,579281030,buy,FG59RDAM9,7550,430.20,2024-09-25 14:06:36
6283,362206594,sell,6Y1KXXJ23,6128,261.10,2024-09-25 14:06:36
6284,227779480,sell,Q9F9XB2F3,3036,37.19,2024-09-25 14:06:36
6285,369651344,sell,DM59RWW18,1568,233.59,2024-09-25 14:06:36
6286,653017260,sell,B34DKAAH8,7404,219.20,2024-09-25 14:06:36
6287,763602896,buy,JM59AADD3,8293,125.40,2024-09-25 14:06:36
6288,823060180,buy,D8T9EL3L9,5297,151.05,2024-09-25 14:06:36
6289,307522234,buy,1NG17UHX7,7381,214.05,2024-09-25 14:06:36
6290,525498207,buy,W8Y7S7WD8,1199,237.85,2024-09-25 14:06:36
6291,192067485,buy,B0O9W7BK7,4460,308.94,2024-09-25 14:06:36
6292,456373118,buy,2VNUEVJR7,4292,225.38,2024-09-25 14:06:36
6293,698047228,sell,6D7P1L460,2994,22.09,2024-09-25 14:06:36
6294,572870104,sell,1D5RC0OS7,7185,226.51,2024-09-25 14:06:36
6295,925921502,buy,9JU2M7RG0,2730,39.69,2024-09-25 14:06:36
6296,686660971,buy,7CC5QBEN6,8949,198.64,2024-09-25 14:06:36
6297,621478649,buy,69XB9GKN9,8356,410.56,2024-09-25 14:06:36
6298,135014797,buy,98H2A1L48,8167,425.68,2024-09-25 14:06:36
6299,131287046,buy,GWGQF6P94,5443,334.18,2024-09-25 14:06:36
6300,965810784,buy,1IVPZM450,1788,410.30,2024-09-25 14:06:36
6301,932312862,sell,IOC046918,8331,210.06,2024-09-25 14:06:36
6302,831832089,sell,BN3HQOJL2,2553,94.19,2024-09-25 14:06:36
6303,979142845,sell,ZDUMGZTG3,99,366.52,2024-09-25 14:06:36
6304,738836646,buy,Q70MUXCP6,5101,416.88,2024-09-25 14:06:36
6305,994918868,sell,HE01O3883,6375,418.66,2024-09-25 14:06:36
6306,162881228,buy,0B1V4Y1J7,2111,357.59,2024-09-25 14:06:36
6307,569452285,sell,3UKY3N2F7,5730,488.23,2024-09-25 14:06:36
6308,520815755,buy,JWV58OK52,4812,152.62,2024-09-25 14:06:36
6309,497002099,buy,NGSA471D0,1667,271.45,2024-09-25 14:06:36
6310,934837368,sell,MJQNTIMR4,4809,324.74,2024-09-25 14:06:36
6311,890528883,sell,L8A7Q6RW4,7579,59.53,2024-09-25 14:06:36
6312,173716265,sell,PC0M2CYR5,4283,428.97,2024-09-25 14:06:36
6313,993525521,buy,964JVLQO3,5811,14.68,2024-09-25 14:06:36
6314,232797772,buy,UFVC7VH92,9488,404.49,2024-09-25 14:06:36
6315,834341345,sell,NQRSQACH8,6042,240.59,2024-09-25 14:06:36
6316,646406646,sell,D7IK8DGC9,9039,189.55,2024-09-25 14:06:36
6317,633950109,buy,D5L8EXIF6,3753,419.16,2024-09-25 14:06:36
6318,766933237,sell,O7AU3JD87,3321,360.63,2024-09-25 14:06:36
6319,506962745,sell,J0DBXKYR6,8508,282.35,2024-09-25 14:06:36
6320,102998386,sell,LSBJ88C54,7580,427.13,2024-09-25 14:06:36
6321,138525007,sell,BJQT02BB6,7600,427.84,2024-09-25 14:06:36
6322,817133846,buy,K6X6UCRN8,1392,226.31,2024-09-25 14:06:36
6323,889285688,buy,9HYQ6RDB7,4529,192.28,2024-09-25 14:06:36
6324,489074539,sell,5VSIX0GA3,5613,430.09,2024-09-25 14:06:36
6325,548435740,sell,W3566LYZ5,5997,234.43,2024-09-25 14:06:36
6326,936568331,buy,U9CX0K3L0,7606,127.49,2024-09-25 14:06:36
6327,608395470,sell,FHZ6KLYV3,2405,450.97,2024-09-25 14:06:36
6328,948890927,sell,4T6DAS1B2,43,75.08,2024-09-25 14:06:36
6329,934350568,buy,FGILNK8M9,2029,375.00,2024-09-25 14:06:36
6330,794738850,buy,Y9M7OVDM9,7225,242.37,2024-09-25 14:06:36
6331,955914738,buy,33CA00K61,8841,60.31,2024-09-25 14:06:36
6332,964977260,sell,E3NTP5953,1389,128.43,2024-09-25 14:06:36
6333,109171140,buy,843YFY5K8,734,219.55,2024-09-25 14:06:36
6334,214325119,buy,2VTEXYDV7,8295,230.57,2024-09-25 14:06:36
6335,246242139,sell,AMSIJIJI4,4114,386.88,2024-09-25 14:06:36
6336,589230639,sell,Q3RVM8QW0,889,35.83,2024-09-25 14:06:36
6337,905731042,buy,NNIHCGDY3,2996,398.34,2024-09-25 14:06:36
6338,233347744,buy,6USFTC4D6,6921,454.28,2024-09-25 14:06:36
6339,578369576,sell,5ACSOOA18,2675,474.35,2024-09-25 14:06:36
6340,893585409,sell,E0KHHOHF5,574,374.94,2024-09-25 14:06:36
6341,458514052,buy,GZ2V6DFM8,8125,491.57,2024-09-25 14:06:36
6342,548633350,sell,4KIW26LN5,5087,111.89,2024-09-25 14:06:36
6343,187046910,buy,RDP1DAIV1,3989,276.38,2024-09-25 14:06:36
6344,901359089,sell,RWOE2JSV4,8934,195.79,2024-09-25 14:06:36
6345,570201425,sell,E59HCDSV9,5138,262.84,2024-09-25 14:06:36
6346,502268355,sell,52AUZ6JH6,1464,273.27,2024-09-25 14:06:36
6347,750450766,sell,LLBBP0T98,1579,318.14,2024-09-25 14:06:36
6348,933953114,sell,XYKE64ZW6,3485,174.28,2024-09-25 14:06:36
6349,398127610,sell,IFAA1VFH3,2179,142.66,2024-09-25 14:06:36
6350,225688691,buy,KV5JFGQZ8,8997,74.52,2024-09-25 14:06:36
6351,210790347,sell,HE7MLYXY0,7485,428.92,2024-09-25 14:06:36
6352,943562531,sell,JCUSN8UL9,7648,138.82,2024-09-25 14:06:36
6353,667634722,sell,9P3WBKVQ6,3706,79.04,2024-09-25 14:06:36
6354,659764876,buy,AL04OFQ99,8181,150.47,2024-09-25 14:06:36
6355,606710427,buy,N2P4KVXV2,9436,160.76,2024-09-25 14:06:36
6356,393220987,sell,3G6IDYJH2,1812,366.40,2024-09-25 14:06:36
6357,709489602,buy,J7U91TIC4,8133,402.83,2024-09-25 14:06:36
6358,120118777,buy,G7RMGH7G5,3075,103.39,2024-09-25 14:06:36
6359,928918222,buy,P6CL6DCT1,7210,408.53,2024-09-25 14:06:36
6360,787484045,buy,V1ELPPH60,5942,20.36,2024-09-25 14:06:36
6361,983237581,buy,CWQW712Z1,2998,349.14,2024-09-25 14:06:36
6362,124549807,buy,RU789VX65,6524,25.21,2024-09-25 14:06:36
6363,369533077,sell,GWKGOEZS1,5617,77.64,2024-09-25 14:06:36
6364,205527964,sell,JUMT6AX45,2682,243.07,2024-09-25 14:06:36
6365,465392530,sell,1ND8AJ378,4337,313.34,2024-09-25 14:06:36
6366,102654583,buy,LET2V0X85,1417,477.98,2024-09-25 14:06:36
6367,214187025,buy,C6QMJ6B60,184,202.73,2024-09-25 14:06:36
6368,904400452,sell,5WTIPPXD9,4290,181.12,2024-09-25 14:06:36
6369,205175206,buy,2P0698YM9,9924,301.85,2024-09-25 14:06:36
6370,501498688,sell,TI6HE2AO5,8270,320.38,2024-09-25 14:06:36
6371,224966375,buy,8RKO3F5I9,1756,467.11,2024-09-25 14:06:36
6372,402451848,buy,TC8UD91C9,7987,406.37,2024-09-25 14:06:36
6373,366937669,sell,A6AAENCM7,3929,477.07,2024-09-25 14:06:36
6374,879363508,sell,P9IO9HXR2,1669,123.68,2024-09-25 14:06:36
6375,818220645,buy,B3C9Y6315,5380,320.51,2024-09-25 14:06:36
6376,685911956,sell,AQIE9YBP3,5973,479.27,2024-09-25 14:06:36
6377,791843582,buy,1XGG4UEU4,1231,377.74,2024-09-25 14:06:36
6378,164676735,buy,MMW3DKJH2,7693,302.79,2024-09-25 14:06:36
6379,697355344,buy,C9WCBQVY0,7106,30.80,2024-09-25 14:06:36
6380,290663340,sell,T7Y8MB9Z6,6861,162.78,2024-09-25 14:06:36
6381,501894717,sell,Y2NZV6UC1,2482,183.16,2024-09-25 14:06:36
6382,341524394,sell,AV0XTDXC8,9257,373.10,2024-09-25 14:06:36
6383,648486442,sell,BW5QZF6E9,6496,360.13,2024-09-25 14:06:36
6384,791524140,buy,CXV750BU3,6717,419.27,2024-09-25 14:06:36
6385,854001261,sell,B7FML3182,7629,179.38,2024-09-25 14:06:36
6386,128066897,sell,AHWU7ISR6,241,163.92,2024-09-25 14:06:36
6387,490868558,buy,J4DDE5GW7,9561,271.97,2024-09-25 14:06:36
6388,398953935,buy,R2PCXI6X1,577,55.85,2024-09-25 14:06:36
6389,400106163,buy,IGLLPQRI5,4882,15.53,2024-09-25 14:06:36
6390,951566818,sell,CKMHJQQO5,8934,372.21,2024-09-25 14:06:36
6391,206353323,sell,4RKJ5M9H5,7615,252.24,2024-09-25 14:06:36
6392,672992680,buy,WJ8JX1SZ0,8639,451.31,2024-09-25 14:06:36
6393,585407719,buy,7MXQURY11,3993,208.88,2024-09-25 14:06:36
6394,241275775,buy,KR71DF011,8276,162.74,2024-09-25 14:06:36
6395,877599183,sell,2NPBPECE7,1841,406.29,2024-09-25 14:06:36
6396,559064263,buy,P80Y4M4V8,3317,122.41,2024-09-25 14:06:36
6397,802130581,sell,KHRVOK301,7298,53.81,2024-09-25 14:06:36
6398,845454531,sell,LROU2RI71,5281,27.28,2024-09-25 14:06:36
6399,694231222,buy,T9IOMZPP6,293,102.92,2024-09-25 14:06:36
6400,914136720,sell,S629UXZP8,1613,384.09,2024-09-25 14:06:36
6401,693395216,buy,DP0H7L2R0,2931,441.94,2024-09-25 14:06:36
6402,949031581,buy,NK4V7OI27,7659,450.06,2024-09-25 14:06:36
6403,391936799,buy,BY34B6VI5,2165,55.25,2024-09-25 14:06:36
6404,746020448,sell,A397DAJV5,4247,379.06,2024-09-25 14:06:36
6405,226237295,buy,PYGR6ZGJ2,4794,418.60,2024-09-25 14:06:36
6406,564868665,buy,1LMOLQBK1,6260,390.82,2024-09-25 14:06:36
6407,108699398,sell,CFTT5ODQ2,5517,93.33,2024-09-25 14:06:36
6408,634822897,buy,ATW9MZQD5,2226,272.26,2024-09-25 14:06:36
6409,777506724,sell,H43KSO0J4,114,225.09,2024-09-25 14:06:36
6410,194558728,sell,Z92B4RRM7,75,385.87,2024-09-25 14:06:36
6411,614731224,buy,QN2KCJ8V6,1971,158.21,2024-09-25 14:06:36
6412,362134234,sell,WGM2WF3P6,6561,223.48,2024-09-25 14:06:36
6413,694807933,buy,I3RTW96H6,2087,224.00,2024-09-25 14:06:36
6414,946977257,sell,RK9WGHZZ9,6191,253.30,2024-09-25 14:06:36
6415,854783091,sell,WBRZQLNR7,4599,254.00,2024-09-25 14:06:36
6416,465501569,sell,XXPF486X3,2915,178.26,2024-09-25 14:06:36
6417,121818152,buy,URQAYTWM5,7110,412.53,2024-09-25 14:06:36
6418,777412764,sell,1YXRN9SI7,7683,297.32,2024-09-25 14:06:36
6419,639102541,sell,TWJZ4S7I1,237,276.52,2024-09-25 14:06:36
6420,885228928,buy,IJ8GUR4V3,4223,341.33,2024-09-25 14:06:36
6421,713228859,sell,KD5OQ3AL2,5761,373.01,2024-09-25 14:06:36
6422,422820785,buy,H3GHGPHO0,6056,456.22,2024-09-25 14:06:36
6423,269523215,sell,6BY6VVYR2,3960,49.84,2024-09-25 14:06:36
6424,261055787,sell,O3J3GBR77,9496,263.20,2024-09-25 14:06:36
6425,599996518,buy,FBJ3XIDP0,3536,46.91,2024-09-25 14:06:36
6426,357371322,sell,BA4DVKF75,1612,195.52,2024-09-25 14:06:36
6427,761915246,buy,W5XII23S2,2500,249.54,2024-09-25 14:06:36
6428,150170468,buy,4W5YS3QZ6,6894,312.73,2024-09-25 14:06:36
6429,451197938,sell,0IHH5TWK9,2058,275.13,2024-09-25 14:06:36
6430,735443336,buy,5IB74W2C7,3420,436.83,2024-09-25 14:06:36
6431,933082504,sell,EFY6IL6B7,8426,314.83,2024-09-25 14:06:36
6432,245276752,buy,BD03TOJE1,846,330.57,2024-09-25 14:06:36
6433,597683313,sell,X8S1EP161,4283,239.89,2024-09-25 14:06:36
6434,821252177,sell,D8NHP2GU3,8980,416.57,2024-09-25 14:06:36
6435,803806972,sell,KBC72NOR9,1095,140.64,2024-09-25 14:06:36
6436,225243003,sell,L91YRKYM5,696,439.25,2024-09-25 14:06:36
6437,107200673,buy,3LBI6OOY2,9539,369.80,2024-09-25 14:06:36
6438,174036337,sell,RQ4ZIM7A7,8767,238.47,2024-09-25 14:06:36
6439,128088011,buy,8FEM8ELA3,2375,226.43,2024-09-25 14:06:36
6440,965416452,sell,A963ZNMY2,6447,275.07,2024-09-25 14:06:36
6441,840228407,sell,V6YX4ZJX1,2676,38.97,2024-09-25 14:06:36
6442,916447132,buy,NDZUM8A27,9042,133.83,2024-09-25 14:06:36
6443,447948779,buy,WTIVWTTD8,6074,71.73,2024-09-25 14:06:36
6444,594058182,buy,NZZBDXF95,4334,338.70,2024-09-25 14:06:36
6445,300061934,buy,TG67NUF89,6749,278.75,2024-09-25 14:06:36
6446,883724949,sell,JWB505PT6,73,53.44,2024-09-25 14:06:36
6447,703191428,buy,PX9GUCJ81,3771,449.97,2024-09-25 14:06:36
6448,494952394,sell,EB7JG1VP5,5616,252.67,2024-09-25 14:06:36
6449,671348209,buy,8G8EZPTL9,2723,341.02,2024-09-25 14:06:36
6450,168304950,buy,IAC6LN182,1088,58.94,2024-09-25 14:06:36
6451,208236631,buy,GT2C7I998,3077,159.92,2024-09-25 14:06:36
6452,979094013,sell,IZTN8AXD9,3610,283.69,2024-09-25 14:06:36
6453,684407539,buy,D6YJFTIF4,2614,311.30,2024-09-25 14:06:36
6454,154637255,buy,KBKB5B496,2529,152.03,2024-09-25 14:06:36
6455,987025206,buy,0HKLTZLX2,1466,436.23,2024-09-25 14:06:36
6456,211837556,sell,QGO9BBY25,5343,321.29,2024-09-25 14:06:36
6457,209570267,sell,9NTPFKNZ3,6328,424.84,2024-09-25 14:06:36
6458,566202551,sell,5CX1WYSE2,2410,236.98,2024-09-25 14:06:36
6459,700866355,sell,SXWXKE728,2528,302.96,2024-09-25 14:06:36
6460,698365260,sell,H60FONOY0,9382,160.37,2024-09-25 14:06:36
6461,266009713,sell,DYQM6DYH8,9943,208.48,2024-09-25 14:06:36
6462,515895615,buy,JCHNHJXO9,8901,286.68,2024-09-25 14:06:36
6463,846830819,buy,1K6CFMJU3,5605,207.83,2024-09-25 14:06:36
6464,666660646,buy,WDML91402,5843,243.52,2024-09-25 14:06:36
6465,233324277,sell,FJUXT74M0,280,440.64,2024-09-25 14:06:36
6466,392576311,sell,MS04WNC66,9696,256.20,2024-09-25 14:06:36
6467,798081794,sell,PRYNFUD92,8696,157.77,2024-09-25 14:06:36
6468,330544099,sell,28SIW7SG7,2553,355.38,2024-09-25 14:06:36
6469,812007933,buy,JFGYONVG1,5223,174.85,2024-09-25 14:06:36
6470,357472281,sell,PAW3U4L63,5054,390.28,2024-09-25 14:06:36
6471,496699379,sell,0AGS50X90,5775,328.89,2024-09-25 14:06:36
6472,275961787,buy,YZV1RCL44,9307,148.04,2024-09-25 14:06:36
6473,792339858,sell,WQEOA8GX4,4931,74.38,2024-09-25 14:06:36
6474,194423579,sell,G01Q6P8K2,840,157.61,2024-09-25 14:06:36
6475,800757170,buy,XJSW45I09,7627,261.15,2024-09-25 14:06:36
6476,354174351,sell,LNMF3H8W2,7073,488.98,2024-09-25 14:06:36
6477,741800664,buy,S20NLQTU9,7318,222.70,2024-09-25 14:06:36
6478,834892235,buy,7S5GS9WT5,9836,245.18,2024-09-25 14:06:36
6479,829592121,sell,DX3SJXA23,223,420.12,2024-09-25 14:06:36
6480,558539621,buy,M7KH2QNT5,2888,492.27,2024-09-25 14:06:36
6481,187120489,sell,65PS16S35,1068,405.24,2024-09-25 14:06:36
6482,981731590,sell,FBGL1A707,4207,240.42,2024-09-25 14:06:36
6483,454164324,sell,2Y3J5DTL0,6195,185.11,2024-09-25 14:06:36
6484,481800674,buy,ZOS74LAU8,9129,167.65,2024-09-25 14:06:36
6485,811496127,buy,CLYR890O6,1843,348.20,2024-09-25 14:06:36
6486,187026690,sell,5OZC3MWL7,7356,213.92,2024-09-25 14:06:36
6487,295750584,buy,BIM5LHGT4,9349,171.67,2024-09-25 14:06:36
6488,699172532,buy,9P8648061,9644,205.01,2024-09-25 14:06:36
6489,853426412,buy,T28ZZ4QB2,66,424.73,2024-09-25 14:06:36
6490,315850429,buy,GAKE5G7X0,4148,252.17,2024-09-25 14:06:36
6491,877356979,buy,J1T3B06Z6,653,34.33,2024-09-25 14:06:36
6492,554460694,buy,3PN470FN6,6343,447.30,2024-09-25 14:06:36
6493,908320537,buy,E13G3J563,7219,198.52,2024-09-25 14:06:36
6494,231516485,sell,DOMH95AX0,6723,132.31,2024-09-25 14:06:36
6495,849982705,buy,HP58QFA03,8219,257.63,2024-09-25 14:06:36
6496,203604788,buy,HR7SYMXF1,3524,334.00,2024-09-25 14:06:36
6497,469800709,buy,HBIRNZ3Q8,4948,424.18,2024-09-25 14:06:36
6498,902806327,buy,ZMZB56HU0,745,489.75,2024-09-25 14:06:36
6499,791909885,sell,M2XEOB4I3,9572,190.13,2024-09-25 14:06:36
6500,478289431,sell,TQMK9TOB2,877,172.95,2024-09-25 14:06:36
6501,390852908,sell,01632N798,7720,217.98,2024-09-25 14:06:36
6502,731411881,sell,AZVBCOGN2,5497,427.17,2024-09-25 14:06:36
6503,148178688,buy,WCXL97T44,6182,159.30,2024-09-25 14:06:36
6504,128460043,buy,5K1SWHR57,7263,102.95,2024-09-25 14:06:36
6505,799339576,buy,F1WHTA2B1,2862,333.20,2024-09-25 14:06:36
6506,112543591,buy,YGKKNTJH7,9883,191.28,2024-09-25 14:06:36
6507,324448882,buy,WG4JL7AU0,9110,82.13,2024-09-25 14:06:36
6508,191246799,buy,PGZ3V8VO7,6280,372.50,2024-09-25 14:06:36
6509,488882239,buy,7KZ7MVYI8,4754,472.19,2024-09-25 14:06:36
6510,464485774,sell,PJZ9SF4G3,7632,30.78,2024-09-25 14:06:36
6511,143041066,buy,VY0T4MCX2,8035,362.88,2024-09-25 14:06:36
6512,238896262,buy,CO7PZSC27,6533,32.18,2024-09-25 14:06:36
6513,185241818,buy,FZVBLWJE6,4465,213.80,2024-09-25 14:06:36
6514,648587288,sell,WV21IBBP3,9529,198.95,2024-09-25 14:06:36
6515,660721641,sell,JNOS02934,3864,408.68,2024-09-25 14:06:36
6516,984940190,sell,6UYZUS7J2,9289,34.03,2024-09-25 14:06:36
6517,300347485,sell,MMQTMLYY6,3709,281.20,2024-09-25 14:06:36
6518,841029043,sell,M5GZDY0P8,4180,12.63,2024-09-25 14:06:36
6519,447411240,buy,YX3TNPB45,2495,250.62,2024-09-25 14:06:36
6520,566213087,sell,QFDTAMUV2,9086,454.55,2024-09-25 14:06:36
6521,530175878,sell,3KYJB6KD0,4384,86.73,2024-09-25 14:06:36
6522,977321212,buy,N7NXR50N3,5442,158.61,2024-09-25 14:06:36
6523,595021972,sell,J69K8EVG7,4892,218.46,2024-09-25 14:06:36
6524,389660225,buy,P1K7LDOP2,9524,181.61,2024-09-25 14:06:36
6525,955576055,buy,C4IX21BR3,1124,311.32,2024-09-25 14:06:36
6526,251956493,sell,8IFR90G85,8876,311.44,2024-09-25 14:06:36
6527,386403955,sell,WNDVYBAU5,7316,373.73,2024-09-25 14:06:36
6528,540003330,buy,1UZ5H7M15,3788,382.68,2024-09-25 14:06:36
6529,562273125,sell,QCJ0Q9QV3,2864,28.88,2024-09-25 14:06:36
6530,173463598,buy,I6VCL1A69,5755,296.47,2024-09-25 14:06:36
6531,221776082,sell,5G6835003,3127,46.51,2024-09-25 14:06:36
6532,263723820,sell,RBHIQRSD5,7419,282.08,2024-09-25 14:06:36
6533,130951989,buy,HTHXKT8Q9,9536,360.02,2024-09-25 14:06:36
6534,298169515,sell,BT0UJM647,7986,377.23,2024-09-25 14:06:36
6535,633635841,buy,OA3S39790,51,471.30,2024-09-25 14:06:36
6536,848432208,buy,3W6PBV3W3,6399,231.66,2024-09-25 14:06:36
6537,427616983,buy,DVCKEX7P2,5846,475.77,2024-09-25 14:06:36
6538,398968690,sell,JQRKHAYG8,9689,110.29,2024-09-25 14:06:36
6539,323991397,buy,5AX13RVR0,664,332.01,2024-09-25 14:06:36
6540,280504191,sell,PCXF8IEO4,270,281.77,2024-09-25 14:06:36
6541,585289324,sell,RRHQLBA90,8805,58.56,2024-09-25 14:06:36
6542,894224812,sell,1VZDRTIF1,9224,156.77,2024-09-25 14:06:36
6543,430744801,buy,RQIRVM6A6,3323,134.36,2024-09-25 14:06:36
6544,539854681,buy,NZYNN3RE1,8512,318.30,2024-09-25 14:06:36
6545,618133328,buy,IM5OBTLL2,7461,452.79,2024-09-25 14:06:36
6546,531858067,buy,YOA5TD8I3,220,194.85,2024-09-25 14:06:36
6547,873368226,buy,31LZMIFX4,4963,173.79,2024-09-25 14:06:36
6548,717798214,buy,56CF5E4Q0,6135,269.96,2024-09-25 14:06:36
6549,606179887,sell,749POVWU6,126,129.50,2024-09-25 14:06:36
6550,781337758,sell,JNHCFFNF9,1830,324.37,2024-09-25 14:06:36
6551,870000854,buy,81LW099Z2,4157,45.42,2024-09-25 14:06:36
6552,904825041,buy,FVAV5OK16,2848,74.86,2024-09-25 14:06:36
6553,794807697,sell,DPEDQI4I8,5827,418.59,2024-09-25 14:06:36
6554,978654083,sell,6JTSGKRI2,8388,363.96,2024-09-25 14:06:36
6555,573000037,sell,9QBP8H457,4873,81.59,2024-09-25 14:06:36
6556,764840307,sell,O2XI01ZQ8,1606,311.81,2024-09-25 14:06:36
6557,405172867,buy,0IJPP1I16,6894,43.01,2024-09-25 14:06:36
6558,143269698,sell,KO0YV5I40,536,354.00,2024-09-25 14:06:36
6559,885474890,sell,7OI1O11Y7,1367,197.61,2024-09-25 14:06:36
6560,177439017,buy,S7HFQ9OW1,7485,110.70,2024-09-25 14:06:36
6561,272312891,buy,YC8LAU2D6,5216,331.69,2024-09-25 14:06:36
6562,277770712,sell,5TYOEIXH6,5641,334.19,2024-09-25 14:06:36
6563,182583173,sell,OGHHTWRK0,5732,396.11,2024-09-25 14:06:36
6564,803851863,buy,XKR9SJCS7,3329,225.78,2024-09-25 14:06:36
6565,801470230,sell,DTCTA6441,157,328.93,2024-09-25 14:06:36
6566,735872456,sell,YC1Q03RQ7,3696,239.15,2024-09-25 14:06:36
6567,893611187,buy,59KO27HM9,8426,303.35,2024-09-25 14:06:36
6568,191864680,buy,X32MUIH40,6041,472.31,2024-09-25 14:06:36
6569,810778892,buy,39WDRHCK2,6146,321.00,2024-09-25 14:06:36
6570,193174050,sell,YV9YF9197,4911,227.69,2024-09-25 14:06:36
6571,713445562,buy,27RMRQ4P1,3624,321.21,2024-09-25 14:06:36
6572,990205732,buy,41NJWONY2,4352,42.66,2024-09-25 14:06:36
6573,581548076,buy,B84SZ8NP1,8852,324.84,2024-09-25 14:06:36
6574,568809778,sell,8FNV5AI59,2181,109.22,2024-09-25 14:06:36
6575,778075606,buy,KOPRNFX14,8191,357.58,2024-09-25 14:06:36
6576,654943782,buy,TJD1XICB0,5925,131.80,2024-09-25 14:06:36
6577,638442392,buy,UE60PG7R3,7172,193.93,2024-09-25 14:06:36
6578,381051165,buy,LALAUITL1,5609,135.91,2024-09-25 14:06:36
6579,487718369,sell,0US0DTSW7,2919,425.38,2024-09-25 14:06:36
6580,673003226,sell,61OMPN936,1420,486.84,2024-09-25 14:06:36
6581,181223334,sell,15B7KNDY1,4937,180.06,2024-09-25 14:06:36
6582,128539243,buy,KWWQ1AA69,4023,234.40,2024-09-25 14:06:36
6583,611916495,sell,J00ZUYHP3,220,342.47,2024-09-25 14:06:36
6584,722559854,buy,DYKZIWST1,8674,396.83,2024-09-25 14:06:36
6585,638681247,buy,MFLX4RYM0,6034,119.28,2024-09-25 14:06:36
6586,121745456,buy,10DFK3ZM8,8390,214.41,2024-09-25 14:06:36
6587,508288654,buy,4CQ0NKP14,3127,432.26,2024-09-25 14:06:36
6588,508927052,sell,G5B0EU3M8,8964,296.69,2024-09-25 14:06:36
6589,657300956,buy,OUA945FH0,4905,357.14,2024-09-25 14:06:36
6590,301091755,buy,8VAIWQ9X1,9528,227.34,2024-09-25 14:06:36
6591,172053192,sell,JH8YRIZ62,2707,148.83,2024-09-25 14:06:36
6592,745364939,sell,JQVTOGGK4,4220,205.13,2024-09-25 14:06:36
6593,684724202,sell,QICBCPZM2,7383,240.43,2024-09-25 14:06:36
6594,680010179,buy,CI1WNBR09,2411,371.41,2024-09-25 14:06:36
6595,168385976,sell,XKRP4FWP9,276,140.76,2024-09-25 14:06:36
6596,464034000,sell,4O8OWXKT2,3325,429.25,2024-09-25 14:06:36
6597,576981242,sell,NQAL1L0A2,2101,313.51,2024-09-25 14:06:36
6598,794185860,buy,WTZ2RVUI1,7787,331.90,2024-09-25 14:06:36
6599,620298611,buy,YYSDAGKE3,9662,203.69,2024-09-25 14:06:36
6600,408594941,sell,KY8ZBBB19,2905,185.02,2024-09-25 14:06:36
6601,928500177,sell,MC5NZ5XK6,5400,14.85,2024-09-25 14:06:36
6602,201014406,sell,DIJ12J6Z9,7346,144.41,2024-09-25 14:06:36
6603,686991338,sell,DRA1BXL23,890,88.15,2024-09-25 14:06:36
6604,127638109,sell,9KS9VMRZ0,5435,240.52,2024-09-25 14:06:36
6605,815646134,buy,M6KXZ0H60,3766,11.63,2024-09-25 14:06:36
6606,977742573,buy,QWN7LIE88,5177,467.91,2024-09-25 14:06:36
6607,395329149,buy,F6VECFMO5,3893,238.35,2024-09-25 14:06:36
6608,564400703,buy,G8DLZ9AH1,8143,148.12,2024-09-25 14:06:36
6609,988610061,sell,PEQNZ3NH9,5371,341.04,2024-09-25 14:06:36
6610,993464620,sell,Q86FZFWH3,5621,389.99,2024-09-25 14:06:36
6611,280361433,sell,THBLCWAZ3,3888,331.46,2024-09-25 14:06:36
6612,157747399,buy,938Z1GNC3,9550,314.69,2024-09-25 14:06:36
6613,440947081,buy,JLMNI3DZ4,5713,46.45,2024-09-25 14:06:36
6614,484506118,buy,ICEYJWFN0,3715,333.75,2024-09-25 14:06:36
6615,831277585,sell,LH1YOVF05,1572,310.18,2024-09-25 14:06:36
6616,967153118,sell,A1ZFWY767,6630,119.33,2024-09-25 14:06:36
6617,176023042,buy,WVPIQNCJ9,158,284.32,2024-09-25 14:06:36
6618,962745679,buy,4V9YC6IL4,9820,303.37,2024-09-25 14:06:36
6619,633970560,sell,BCJUI06O9,1019,294.08,2024-09-25 14:06:36
6620,404094513,buy,NXET5GKT0,4085,474.58,2024-09-25 14:06:36
6621,250339810,buy,39DE7LS68,6450,115.21,2024-09-25 14:06:36
6622,103526153,buy,P2WSL00X8,2706,283.56,2024-09-25 14:06:36
6623,793474777,sell,02U4S7KS7,7142,117.27,2024-09-25 14:06:36
6624,573380977,sell,9D4G8ISY3,7843,200.64,2024-09-25 14:06:36
6625,100135949,sell,GJQWAB2F4,2844,466.24,2024-09-25 14:06:36
6626,901114121,sell,RWMEJI4Z7,3878,405.78,2024-09-25 14:06:36
6627,538244027,sell,Q7AR6VSH6,7936,428.32,2024-09-25 14:06:36
6628,480985306,buy,H3W158WE2,9576,222.98,2024-09-25 14:06:36
6629,193880924,sell,N5NK8Z2I9,3677,403.83,2024-09-25 14:06:36
6630,608562212,buy,KWLT0FVA3,1571,150.88,2024-09-25 14:06:36
6631,727081134,buy,VZBLHKR67,608,408.92,2024-09-25 14:06:36
6632,496451408,sell,ER4U6U1S2,8584,280.80,2024-09-25 14:06:36
6633,256468708,sell,7S3YFTR64,4689,297.82,2024-09-25 14:06:36
6634,172712171,buy,I0CBIMV94,3078,35.24,2024-09-25 14:06:36
6635,273301338,buy,9VREWIVF3,680,455.70,2024-09-25 14:06:36
6636,170040104,sell,VL52XRRL1,8821,69.60,2024-09-25 14:06:36
6637,809855902,buy,BF50B6TW4,269,364.07,2024-09-25 14:06:36
6638,490052107,sell,Z02G47BX2,7924,466.66,2024-09-25 14:06:36
6639,409774178,sell,ZF6F6S6V9,5216,455.52,2024-09-25 14:06:36
6640,478252985,buy,RKQMQO7R5,5299,463.32,2024-09-25 14:06:36
6641,307583424,buy,JCSQY9H45,2683,484.45,2024-09-25 14:06:36
6642,886540984,buy,XX5CD2SR4,7329,432.13,2024-09-25 14:06:36
6643,223451731,sell,983GF82J0,4156,473.39,2024-09-25 14:06:36
6644,357013190,sell,PS71RO655,1245,172.26,2024-09-25 14:06:36
6645,232020326,buy,J18CZRMA1,9841,162.38,2024-09-25 14:06:36
6646,684156288,buy,6KK5249J7,48,406.10,2024-09-25 14:06:36
6647,748157256,sell,OIGU9KH50,8588,249.37,2024-09-25 14:06:36
6648,475984446,buy,C8HFJUW57,440,430.11,2024-09-25 14:06:36
6649,677726795,buy,GA4LWH5C8,434,485.63,2024-09-25 14:06:36
6650,594017328,buy,MRVCXHMB6,9024,184.65,2024-09-25 14:06:36
6651,680562116,sell,7HGN0IXI5,7853,377.51,2024-09-25 14:06:36
6652,700014944,sell,A1LE0OLO7,109,436.44,2024-09-25 14:06:36
6653,594309094,sell,MG7Y00ON4,2480,120.51,2024-09-25 14:06:36
6654,822443760,buy,1M2DWNOK6,1815,197.53,2024-09-25 14:06:36
6655,204250159,buy,72SIABXF6,1537,320.53,2024-09-25 14:06:36
6656,923527220,sell,ME85EION7,3931,200.37,2024-09-25 14:06:36
6657,866391948,buy,NZZ8RPCP1,3477,295.96,2024-09-25 14:06:36
6658,669409368,sell,TFON71BS8,3983,477.34,2024-09-25 14:06:36
6659,387255433,buy,6B7MEB0K2,6018,54.22,2024-09-25 14:06:36
6660,162483623,sell,ILM7TV957,979,317.98,2024-09-25 14:06:36
6661,867019664,buy,IJ17IV5R3,483,30.52,2024-09-25 14:06:36
6662,758599640,buy,RKSSNYRA6,7616,38.57,2024-09-25 14:06:36
6663,198398899,sell,OXV0QHUZ3,6533,318.51,2024-09-25 14:06:36
6664,807519612,sell,CA5VMLM57,1565,17.96,2024-09-25 14:06:36
6665,322290788,buy,M1LKDQRH0,1713,225.30,2024-09-25 14:06:36
6666,324230315,sell,FWPASIEE1,7944,130.81,2024-09-25 14:06:36
6667,189299849,sell,OGIZOFVJ9,7732,457.02,2024-09-25 14:06:36
6668,979198909,buy,D84Y5KRN3,723,412.83,2024-09-25 14:06:36
6669,375504472,buy,JISD19ZR6,5571,486.85,2024-09-25 14:06:36
6670,923198347,sell,H81EET1J4,386,478.86,2024-09-25 14:06:36
6671,263087326,buy,AS0UH7M05,5846,141.83,2024-09-25 14:06:36
6672,360995557,buy,W59UFFUR8,7462,448.92,2024-09-25 14:06:36
6673,440085093,sell,3A0PL7L17,6228,334.65,2024-09-25 14:06:36
6674,567970454,buy,OFD5R1V68,4090,346.11,2024-09-25 14:06:36
6675,173724510,buy,PMB2PT4W5,5714,161.87,2024-09-25 14:06:36
6676,642389943,buy,QRLKVJYR5,8306,431.92,2024-09-25 14:06:36
6677,200235293,sell,J3JCOZG32,9858,37.46,2024-09-25 14:06:36
6678,669036715,buy,KI0AH0O78,6658,480.38,2024-09-25 14:06:36
6679,723101235,sell,KVVFQ0ZY3,2277,351.01,2024-09-25 14:06:36
6680,754703160,buy,V0X912H57,8305,453.76,2024-09-25 14:06:36
6681,907777927,sell,W2CED3FK8,2704,190.15,2024-09-25 14:06:36
6682,122918824,sell,2FROWF2U8,4750,242.64,2024-09-25 14:06:36
6683,400609436,sell,F59579AU0,5101,118.25,2024-09-25 14:06:36
6684,690927785,sell,RKVJX5U36,2491,484.16,2024-09-25 14:06:36
6685,901495128,buy,2EAC9K453,7017,241.47,2024-09-25 14:06:36
6686,732589579,buy,U0DKN3OM4,9734,29.98,2024-09-25 14:06:36
6687,192749394,buy,9RBWKULK5,9377,482.60,2024-09-25 14:06:36
6688,124675685,sell,SI1U8C984,2484,138.50,2024-09-25 14:06:36
6689,956732580,sell,6K9RRP8M2,998,462.82,2024-09-25 14:06:36
6690,228138361,buy,9C26DVSQ1,8193,362.58,2024-09-25 14:06:36
6691,720297046,buy,O5B8YYZE5,2975,331.80,2024-09-25 14:06:36
6692,364620870,sell,SAOLG7KB8,1826,43.77,2024-09-25 14:06:36
6693,367577904,sell,D648DXP66,2064,442.51,2024-09-25 14:06:36
6694,636262837,buy,67WLFEXS5,7023,59.87,2024-09-25 14:06:36
6695,416989630,buy,O006SO6M5,9460,213.91,2024-09-25 14:06:36
6696,531595559,sell,YXSY8ZVP3,4487,29.74,2024-09-25 14:06:36
6697,573076152,buy,1ZS1ZVMY6,8981,314.23,2024-09-25 14:06:36
6698,213237995,buy,72LWHI041,846,120.53,2024-09-25 14:06:36
6699,640431311,sell,9E11692R2,268,476.69,2024-09-25 14:06:36
6700,524737876,sell,YNTD4M1U5,4209,300.76,2024-09-25 14:06:36
6701,450897791,sell,0361XB5Z4,355,35.21,2024-09-25 14:06:36
6702,845486701,buy,0P2K4ZM20,941,380.32,2024-09-25 14:06:36
6703,739499668,buy,8H9WZI0X7,8491,318.95,2024-09-25 14:06:36
6704,143300946,sell,CEFRTR4M0,3395,227.61,2024-09-25 14:06:36
6705,951968708,buy,JALEDBDB9,432,499.32,2024-09-25 14:06:36
6706,352009268,sell,HE4R363S9,3305,106.63,2024-09-25 14:06:36
6707,305592607,buy,6TSUG84K3,9982,184.41,2024-09-25 14:06:36
6708,288255863,buy,D8UEI95F0,3809,330.15,2024-09-25 14:06:36
6709,226835226,sell,QJC140ZN4,4849,493.14,2024-09-25 14:06:36
6710,146466915,sell,7A20R59V2,3346,402.01,2024-09-25 14:06:36
6711,409797957,sell,893KMBVU8,5922,259.60,2024-09-25 14:06:36
6712,611534368,buy,HG11C3SD7,2300,427.65,2024-09-25 14:06:36
6713,279195163,buy,IYXSID896,2037,191.32,2024-09-25 14:06:36
6714,344495234,sell,4CSYK9LX0,4848,167.69,2024-09-25 14:06:36
6715,896165508,sell,AXKP5FP54,3379,222.90,2024-09-25 14:06:36
6716,595079761,buy,PA2IJ4MA6,7319,490.29,2024-09-25 14:06:36
6717,328150421,buy,MSVUWUVR1,285,32.65,2024-09-25 14:06:36
6718,979096815,buy,OAWQLXH31,8961,102.15,2024-09-25 14:06:36
6719,329062506,buy,XYGDAX424,2990,368.64,2024-09-25 14:06:36
6720,869735822,sell,KXEMOWUF1,244,460.82,2024-09-25 14:06:36
6721,283624524,buy,C2V5LXRV6,5456,171.08,2024-09-25 14:06:36
6722,955194649,sell,2YMD63VX4,9629,232.41,2024-09-25 14:06:36
6723,828551710,buy,ZZQBAUYB5,5139,466.45,2024-09-25 14:06:36
6724,120138649,sell,KBAH1BUZ1,3086,310.06,2024-09-25 14:06:36
6725,513764657,buy,SIBS7AB64,3630,297.15,2024-09-25 14:06:36
6726,125372265,buy,KBIZL4MA1,2397,71.98,2024-09-25 14:06:36
6727,517369647,buy,ZVVQI0H55,8598,352.42,2024-09-25 14:06:36
6728,165071433,sell,AEWIXZEH0,9990,372.40,2024-09-25 14:06:36
6729,246928337,sell,J0F50O8T0,7145,279.19,2024-09-25 14:06:36
6730,781020513,buy,HAIBPJCI7,9331,448.09,2024-09-25 14:06:36
6731,697985344,buy,J0LM6BF03,8920,118.39,2024-09-25 14:06:36
6732,115275262,sell,DJYJ2WAU8,1022,80.05,2024-09-25 14:06:36
6733,806534295,buy,R76F6IJV4,6252,17.12,2024-09-25 14:06:36
6734,581045202,buy,505MLVHU7,1770,435.22,2024-09-25 14:06:36
6735,712604317,buy,7L2ZNHOL4,8409,351.22,2024-09-25 14:06:36
6736,730308032,sell,O6H24GQQ5,2988,400.92,2024-09-25 14:06:36
6737,793187903,buy,ZSIEC6Z81,1647,116.22,2024-09-25 14:06:36
6738,222601556,buy,B9V2PLJV0,6300,128.65,2024-09-25 14:06:36
6739,198604910,buy,4J9I0KRW4,1974,289.14,2024-09-25 14:06:36
6740,861206548,sell,2H53LXQ56,1478,33.92,2024-09-25 14:06:36
6741,136045993,buy,7F8RTXOR5,7240,119.33,2024-09-25 14:06:36
6742,657205222,sell,EU46KRPL8,4496,124.09,2024-09-25 14:06:36
6743,231845707,sell,IP9C191W0,8279,320.73,2024-09-25 14:06:36
6744,879444048,sell,PQKENHD65,3633,396.82,2024-09-25 14:06:36
6745,436814874,sell,3KDHDGHB1,9811,440.42,2024-09-25 14:06:36
6746,392975873,buy,9YLBY54K4,6036,126.57,2024-09-25 14:06:36
6747,769406373,sell,2DUTTB5A2,8334,432.37,2024-09-25 14:06:36
6748,499586570,buy,26TAE66R9,2838,194.40,2024-09-25 14:06:36
6749,155575847,sell,4RO9FH4L9,260,154.91,2024-09-25 14:06:36
6750,843015410,sell,QOQ5YSK43,8205,271.24,2024-09-25 14:06:36
6751,217035602,sell,6WDZU89I5,5040,455.99,2024-09-25 14:06:36
6752,844018515,sell,02PSRYCA0,9970,284.98,2024-09-25 14:06:36
6753,278048257,sell,XJA5FBQ94,2522,142.50,2024-09-25 14:06:36
6754,299267234,sell,XKX0NDDU1,4125,193.08,2024-09-25 14:06:36
6755,967288986,sell,MC9KEX612,7923,222.25,2024-09-25 14:06:36
6756,527959258,buy,H8Y9XOQC7,3133,334.75,2024-09-25 14:06:36
6757,901746290,buy,PM96UNWZ8,6633,354.82,2024-09-25 14:06:36
6758,761620938,sell,7LN3G6ZP3,3538,165.94,2024-09-25 14:06:36
6759,961649618,buy,21TT7QYQ4,7394,311.11,2024-09-25 14:06:36
6760,374004911,buy,Q7OJ5WAD6,5622,400.76,2024-09-25 14:06:36
6761,307756922,sell,MX7MSX5K8,1610,109.33,2024-09-25 14:06:36
6762,987088172,buy,A1479IF12,7652,214.43,2024-09-25 14:06:36
6763,537336657,buy,1R02CE9P9,6610,334.73,2024-09-25 14:06:36
6764,880429213,sell,TVO99VAM0,666,361.88,2024-09-25 14:06:36
6765,701689091,buy,06ZNKMW87,7681,243.39,2024-09-25 14:06:36
6766,622804897,sell,0VU82JG85,1857,284.51,2024-09-25 14:06:36
6767,371277004,buy,CSMWPYA26,7583,229.82,2024-09-25 14:06:36
6768,232413793,buy,5Z4B5Y787,2545,264.44,2024-09-25 14:06:36
6769,334897378,sell,5M2WD4F56,9020,124.46,2024-09-25 14:06:36
6770,554480343,sell,1VBM2XVQ6,3148,483.36,2024-09-25 14:06:36
6771,269648557,buy,7IN3A8NB6,3905,365.45,2024-09-25 14:06:36
6772,823535266,sell,5I7GYHCC1,3053,298.59,2024-09-25 14:06:36
6773,474254529,sell,QLT21G9R7,2526,237.47,2024-09-25 14:06:36
6774,176321357,buy,G59KMGO95,7797,325.75,2024-09-25 14:06:36
6775,418507370,buy,SJJ4DUY38,4959,184.05,2024-09-25 14:06:36
6776,546240110,buy,IXZOMN8R8,3713,272.49,2024-09-25 14:06:36
6777,534527715,buy,L3X8GK379,3176,15.59,2024-09-25 14:06:36
6778,919444932,buy,GM8I52975,567,220.89,2024-09-25 14:06:36
6779,157887110,buy,HXOXCQCI0,1574,45.99,2024-09-25 14:06:36
6780,412009943,sell,GT8RG4KP1,5673,385.03,2024-09-25 14:06:36
6781,192036146,sell,TEGGV90V6,6236,431.68,2024-09-25 14:06:36
6782,482661291,sell,WAY9WD9M7,800,69.06,2024-09-25 14:06:36
6783,814164028,buy,E57JZIU06,5252,327.69,2024-09-25 14:06:36
6784,601600132,buy,PGU4PEWJ4,4988,299.98,2024-09-25 14:06:36
6785,464673881,buy,ME4OWRRI8,1229,436.74,2024-09-25 14:06:36
6786,505922784,sell,ZAWZX5274,2318,245.54,2024-09-25 14:06:36
6787,252103617,buy,S1AR5GQ75,1761,263.46,2024-09-25 14:06:36
6788,943789577,sell,SLW8PAH47,3683,29.79,2024-09-25 14:06:36
6789,744395969,buy,U21QM3V27,4134,142.03,2024-09-25 14:06:36
6790,447071050,buy,7X0WHTOQ7,143,140.37,2024-09-25 14:06:36
6791,321564532,buy,C9LQEP7L5,7020,198.99,2024-09-25 14:06:36
6792,454253756,buy,U3SBLELA9,7207,167.43,2024-09-25 14:06:36
6793,541565255,buy,CG6THVG00,5455,448.93,2024-09-25 14:06:36
6794,435658365,sell,M4XAQ0ZL8,3303,62.12,2024-09-25 14:06:36
6795,423582775,sell,N4EHUFLZ9,6510,110.22,2024-09-25 14:06:36
6796,697013455,buy,AETH6PI84,3511,18.27,2024-09-25 14:06:36
6797,738256394,sell,OWI8M3ZN0,3292,303.93,2024-09-25 14:06:36
6798,200494026,sell,IHK8AWAV5,2703,287.65,2024-09-25 14:06:36
6799,913149346,buy,J64O5KNV9,927,331.33,2024-09-25 14:06:36
6800,614262956,sell,GY2KSVUF9,7440,143.95,2024-09-25 14:06:36
6801,350059412,buy,D2XUE8O02,9748,240.18,2024-09-25 14:06:36
6802,451721856,buy,CE1840I89,9026,180.00,2024-09-25 14:06:36
6803,446947104,buy,QTVOAE6T3,4173,146.59,2024-09-25 14:06:36
6804,144257193,buy,ETILIBLH4,7318,148.75,2024-09-25 14:06:36
6805,447429420,sell,L4ZA9QOA5,2332,165.87,2024-09-25 14:06:36
6806,657850300,buy,37JJR8161,9269,34.19,2024-09-25 14:06:36
6807,694288108,buy,NDFSC7PJ4,7103,19.96,2024-09-25 14:06:36
6808,687895996,buy,C05UXSY36,410,262.11,2024-09-25 14:06:36
6809,685625883,buy,MQZ8QEEZ4,9886,441.62,2024-09-25 14:06:36
6810,542029148,buy,511ZCG0U1,4481,225.23,2024-09-25 14:06:36
6811,417067953,buy,HIXA2K4L9,1479,176.57,2024-09-25 14:06:36
6812,170220467,sell,8BCDISL61,789,18.53,2024-09-25 14:06:36
6813,709564943,sell,YESRWOY75,772,207.49,2024-09-25 14:06:36
6814,993921502,buy,35F7YAJQ9,7445,494.14,2024-09-25 14:06:36
6815,299532501,sell,L2P2G73N7,161,116.10,2024-09-25 14:06:36
6816,134603214,buy,UW9UY8ED5,7751,434.15,2024-09-25 14:06:36
6817,780636723,buy,YJ8F99PU0,9869,177.99,2024-09-25 14:06:36
6818,409424193,sell,A3L6B7EP0,236,479.93,2024-09-25 14:06:36
6819,339651169,sell,VIITIXBK8,4049,145.39,2024-09-25 14:06:36
6820,733720365,sell,8UXXZSHZ4,4199,370.61,2024-09-25 14:06:36
6821,676035025,sell,RFBSHK0N3,6474,420.48,2024-09-25 14:06:36
6822,154514512,buy,9R8GL82W7,1091,417.98,2024-09-25 14:06:36
6823,919223258,buy,F79Q0OJH4,5376,174.33,2024-09-25 14:06:36
6824,920547437,sell,TTCXJ2RE8,1385,345.76,2024-09-25 14:06:36
6825,642068390,buy,GNHCUH4M7,1216,357.31,2024-09-25 14:06:36
6826,570415937,buy,0BMMA8OH3,6319,381.35,2024-09-25 14:06:36
6827,281633315,buy,HLWS5DE36,9927,52.23,2024-09-25 14:06:36
6828,708756517,buy,UN1F9YEW5,216,290.57,2024-09-25 14:06:36
6829,296850939,sell,EMKBVJ9K3,1673,234.55,2024-09-25 14:06:36
6830,996941804,sell,S5VUQ03Q1,9068,407.16,2024-09-25 14:06:36
6831,443339770,sell,JS8668W18,3873,335.47,2024-09-25 14:06:36
6832,386774612,buy,8LFYVDLO9,3415,17.17,2024-09-25 14:06:36
6833,327870334,buy,KH94UG7S8,186,470.98,2024-09-25 14:06:36
6834,179592123,sell,N1VTLZPV1,6804,401.46,2024-09-25 14:06:36
6835,455866230,buy,I5YSL7137,2807,383.71,2024-09-25 14:06:36
6836,167616202,sell,R9S8CZFK5,9619,274.83,2024-09-25 14:06:36
6837,183623346,sell,38VO4OQQ3,2779,237.67,2024-09-25 14:06:36
6838,263461538,buy,R2IRHM5X6,4571,96.18,2024-09-25 14:06:36
6839,224331895,sell,P3I192WR9,7109,461.78,2024-09-25 14:06:36
6840,947653105,sell,XX1ILJ7E1,7905,307.99,2024-09-25 14:06:36
6841,653897977,sell,OWQZBZ8G7,7214,466.35,2024-09-25 14:06:36
6842,276950882,buy,CAV3R7AZ3,4558,397.84,2024-09-25 14:06:36
6843,597218977,sell,YSFIC5F49,5955,112.89,2024-09-25 14:06:36
6844,822104822,buy,I0E6R2Q10,9171,83.92,2024-09-25 14:06:36
6845,396474820,sell,Y0CNQ4OB4,3040,182.04,2024-09-25 14:06:36
6846,270820022,sell,1S97DCJ12,8807,486.76,2024-09-25 14:06:36
6847,140607480,sell,SO8ENYVB3,6032,132.44,2024-09-25 14:06:36
6848,179174593,buy,ZXP63J295,7727,343.27,2024-09-25 14:06:36
6849,947807545,sell,VI4SGLLS5,4632,389.10,2024-09-25 14:06:36
6850,628778417,buy,CKUOR9D55,6386,321.02,2024-09-25 14:06:36
6851,223221041,sell,2O154M0Y8,3796,450.68,2024-09-25 14:06:36
6852,879876618,sell,R4M5FB420,2437,231.05,2024-09-25 14:06:36
6853,114994058,buy,6E935SMJ8,5458,209.73,2024-09-25 14:06:36
6854,985544023,buy,GSCTKI5Y6,6637,137.26,2024-09-25 14:06:36
6855,974221458,buy,3LLMLGR29,6516,117.88,2024-09-25 14:06:36
6856,645634184,buy,8TL5XCKO9,7881,23.73,2024-09-25 14:06:36
6857,238147866,buy,XLA6PC3E8,4372,201.68,2024-09-25 14:06:36
6858,734373440,sell,C8HQPTFY5,4891,447.77,2024-09-25 14:06:36
6859,579989286,buy,JRDGVMYY9,5658,54.00,2024-09-25 14:06:36
6860,931113851,buy,PKXLZ5LR6,5356,110.76,2024-09-25 14:06:36
6861,196022413,buy,W0VL6OIU2,2577,50.14,2024-09-25 14:06:36
6862,106250904,sell,2X3T30VF0,5185,198.89,2024-09-25 14:06:36
6863,698688282,buy,FK9U5C8D8,6220,211.54,2024-09-25 14:06:36
6864,129172441,buy,S3D6ANB79,8307,481.38,2024-09-25 14:06:36
6865,217870911,buy,2QTG9KLA7,6109,395.50,2024-09-25 14:06:36
6866,129429017,sell,UUQHMRYX4,4760,312.09,2024-09-25 14:06:36
6867,773575446,buy,HYLZ3H1G2,3031,273.24,2024-09-25 14:06:36
6868,513836877,buy,FV2AIMOQ2,8341,60.21,2024-09-25 14:06:36
6869,635350725,sell,1FAWLQDD3,3246,233.80,2024-09-25 14:06:36
6870,818098926,sell,XNQBUF956,7553,428.22,2024-09-25 14:06:36
6871,715859470,buy,H229X4ON7,573,121.02,2024-09-25 14:06:36
6872,796967347,buy,JY0YUHE56,4636,361.45,2024-09-25 14:06:36
6873,544779189,sell,P3FFHWXF1,3525,72.80,2024-09-25 14:06:36
6874,750172385,buy,6O3ZIDU44,2492,345.42,2024-09-25 14:06:36
6875,945557001,sell,12H1XZ8B0,6592,25.02,2024-09-25 14:06:36
6876,241644471,buy,NDP921GQ3,7482,398.58,2024-09-25 14:06:36
6877,207005802,sell,P7MKOENL3,7855,190.76,2024-09-25 14:06:36
6878,617784212,sell,30T3B7G89,6783,32.00,2024-09-25 14:06:36
6879,309424214,buy,XFMBADCS0,9784,483.38,2024-09-25 14:06:36
6880,246768082,buy,KEKWWWYI5,8393,314.21,2024-09-25 14:06:36
6881,333805511,buy,00H04T0N5,2096,93.13,2024-09-25 14:06:36
6882,797472560,buy,Z3BAN3YD6,1345,267.16,2024-09-25 14:06:36
6883,412978945,sell,QLXKQQMI8,6284,128.29,2024-09-25 14:06:36
6884,735995038,buy,A5Z5D8DH7,2376,200.30,2024-09-25 14:06:36
6885,297684439,sell,P6EQEF919,4028,476.51,2024-09-25 14:06:36
6886,963506062,sell,EMUY2JIP3,3173,44.53,2024-09-25 14:06:36
6887,312787850,buy,2MEZCCG02,8227,396.46,2024-09-25 14:06:36
6888,321760744,sell,1LP01MCW4,6215,404.12,2024-09-25 14:06:36
6889,355374743,buy,N2RDQ9T89,589,66.45,2024-09-25 14:06:36
6890,247566833,buy,534K3O9M9,8453,189.83,2024-09-25 14:06:36
6891,543166816,sell,U440PGP22,9280,422.28,2024-09-25 14:06:36
6892,680638812,buy,VL8DU71B1,220,350.51,2024-09-25 14:06:36
6893,251705607,buy,CXTHVQNJ0,9382,375.16,2024-09-25 14:06:36
6894,370469598,sell,97HBEV399,2937,290.95,2024-09-25 14:06:36
6895,132617772,sell,A5N4FPN58,350,332.00,2024-09-25 14:06:36
6896,538382620,buy,N92P1JBF2,1070,474.47,2024-09-25 14:06:36
6897,176614998,sell,EIQZQ92G7,5983,155.33,2024-09-25 14:06:36
6898,815936528,buy,L6FYKVH55,3665,166.93,2024-09-25 14:06:36
6899,908978556,sell,LUOYAQ3P5,322,399.88,2024-09-25 14:06:36
6900,305420437,sell,09OT6JIP1,2885,333.54,2024-09-25 14:06:36
6901,924638651,sell,C5MVWH747,6802,303.07,2024-09-25 14:06:36
6902,441227078,buy,T2RQTPDY5,3220,474.88,2024-09-25 14:06:36
6903,248687927,buy,SVNAE1933,5972,437.98,2024-09-25 14:06:36
6904,484427384,buy,FX17AVTL0,8918,196.00,2024-09-25 14:06:36
6905,519317920,sell,K46JOPY47,5679,184.38,2024-09-25 14:06:36
6906,170054903,buy,N4BZKFHU9,9870,316.03,2024-09-25 14:06:36
6907,259137202,sell,4I5UOUAE3,9912,253.63,2024-09-25 14:06:36
6908,762783086,buy,AQ2BQTXM1,2757,435.83,2024-09-25 14:06:36
6909,900272019,buy,QSEICWS61,9153,82.71,2024-09-25 14:06:36
6910,958798646,buy,0IGV7MZX1,658,65.10,2024-09-25 14:06:36
6911,566310085,sell,55WR10AY4,4069,424.05,2024-09-25 14:06:36
6912,794133918,buy,GKCZEAVY4,6421,315.92,2024-09-25 14:06:36
6913,619923144,sell,B7WUNQZV4,7757,31.96,2024-09-25 14:06:36
6914,344973940,sell,7BT2JAXP1,9547,15.02,2024-09-25 14:06:36
6915,893429532,sell,9PU1BSTO5,7203,79.51,2024-09-25 14:06:36
6916,176481210,sell,DP6SGB227,9497,131.08,2024-09-25 14:06:36
6917,710457080,sell,YHBUJ2RG0,373,43.93,2024-09-25 14:06:36
6918,183495579,sell,DV557ZF85,5542,341.93,2024-09-25 14:06:36
6919,878132844,buy,IWOSLXJE9,5383,151.05,2024-09-25 14:06:36
6920,686452032,buy,THKBBUA23,1732,130.12,2024-09-25 14:06:36
6921,426061309,sell,QV8JTOXJ5,4913,449.19,2024-09-25 14:06:36
6922,941646880,buy,I8NKM0QH6,6765,452.90,2024-09-25 14:06:36
6923,812829204,sell,FE1LMWG63,1589,59.70,2024-09-25 14:06:36
6924,240518436,sell,LO6MWF4O7,305,395.84,2024-09-25 14:06:36
6925,752491109,buy,41EGQB7O3,9670,99.77,2024-09-25 14:06:36
6926,867568885,sell,LDD0ML7U2,8783,226.92,2024-09-25 14:06:36
6927,318492438,sell,DROQBKN29,3506,93.59,2024-09-25 14:06:36
6928,684710995,buy,6C5ITDR89,3117,264.26,2024-09-25 14:06:36
6929,601853638,buy,X8LDCVRU0,7356,231.31,2024-09-25 14:06:36
6930,193485412,buy,WA31PBHE9,8399,331.84,2024-09-25 14:06:36
6931,332476763,buy,8WGPDF7C0,5260,100.50,2024-09-25 14:06:36
6932,247132025,buy,ML60JR849,5923,484.53,2024-09-25 14:06:36
6933,117937616,buy,ZTYMW6S06,7898,299.97,2024-09-25 14:06:36
6934,700832305,sell,1OFRB8VI0,9444,319.21,2024-09-25 14:06:36
6935,384731723,buy,C3EC4ODV2,7920,394.00,2024-09-25 14:06:36
6936,292758885,sell,65LMQQ643,9247,141.74,2024-09-25 14:06:36
6937,369709271,sell,YCBVF6R41,5653,433.31,2024-09-25 14:06:36
6938,995718700,sell,KTXVOEPC2,4811,460.71,2024-09-25 14:06:36
6939,218284586,buy,8JXZ3XQV7,5111,213.74,2024-09-25 14:06:36
6940,932755881,sell,K7LMSOD30,3394,118.40,2024-09-25 14:06:36
6941,444514153,sell,5EC00ROV9,411,136.78,2024-09-25 14:06:36
6942,228927015,sell,20KEPW7C6,2973,22.52,2024-09-25 14:06:36
6943,695677330,sell,54Q0ZGQY4,8344,298.31,2024-09-25 14:06:36
6944,964478384,buy,CU0NRBQ26,8574,84.16,2024-09-25 14:06:36
6945,250948393,buy,311U4S8Z8,3013,381.92,2024-09-25 14:06:36
6946,307377126,sell,FMEMJ9E33,5578,430.70,2024-09-25 14:06:36
6947,649690906,buy,XAL8O7TI1,9579,372.67,2024-09-25 14:06:36
6948,663960487,buy,S4FV1XYB4,9145,98.90,2024-09-25 14:06:36
6949,371084754,buy,RPLF1PYH0,5039,84.35,2024-09-25 14:06:36
6950,122416582,sell,QN9IIQA49,8123,134.20,2024-09-25 14:06:36
6951,649347488,buy,D6TO90H78,8054,61.93,2024-09-25 14:06:36
6952,218365332,sell,QJMNRGC18,3706,483.44,2024-09-25 14:06:36
6953,405253945,sell,3KR74OT10,647,115.23,2024-09-25 14:06:36
6954,873586277,buy,D44X9W4J8,8928,346.51,2024-09-25 14:06:36
6955,213732611,buy,BWOS6R9I8,4656,173.10,2024-09-25 14:06:36
6956,287653616,sell,OVY4GXC33,9781,135.51,2024-09-25 14:06:36
6957,165100157,buy,AAFUQTZZ9,1179,217.02,2024-09-25 14:06:36
6958,587656576,buy,DYYXAHRJ5,8729,30.11,2024-09-25 14:06:36
6959,945958518,buy,PD6GKT3N6,3395,144.02,2024-09-25 14:06:36
6960,106580473,buy,3LYYR7QJ7,971,200.65,2024-09-25 14:06:36
6961,411908909,sell,C8J2YQ6U0,2361,195.04,2024-09-25 14:06:36
6962,590002949,buy,NTURPBRZ3,1254,473.96,2024-09-25 14:06:36
6963,913970371,buy,8SBQ5XSB1,2435,387.75,2024-09-25 14:06:36
6964,562351031,sell,OP5OTZFZ1,3115,274.35,2024-09-25 14:06:36
6965,554281265,sell,19IX5CP92,1902,383.86,2024-09-25 14:06:36
6966,661447355,sell,V75AOL6J5,9069,349.90,2024-09-25 14:06:36
6967,753906799,sell,0OCHSKWC3,9594,111.71,2024-09-25 14:06:36
6968,203887799,buy,L0PPHWXV3,2257,423.49,2024-09-25 14:06:36
6969,137996433,buy,MX6F7GA51,5731,171.76,2024-09-25 14:06:36
6970,299442069,sell,UNM0FB805,9772,303.34,2024-09-25 14:06:36
6971,896695434,buy,8HYHP6159,6843,202.58,2024-09-25 14:06:36
6972,964931549,buy,FR771QP08,8280,45.94,2024-09-25 14:06:36
6973,386821661,buy,R81XUVP86,6310,474.31,2024-09-25 14:06:36
6974,389496494,buy,4BGQD5ZV7,3885,205.72,2024-09-25 14:06:36
6975,690304271,buy,VG5S03F29,51,491.11,2024-09-25 14:06:36
6976,527978546,buy,QFLPQRM18,4203,263.24,2024-09-25 14:06:36
6977,786601103,sell,VH8LFEPZ5,2855,124.72,2024-09-25 14:06:36
6978,833299403,sell,FY8PADCL9,4532,304.21,2024-09-25 14:06:36
6979,457462917,sell,XUWU92QT3,1615,394.47,2024-09-25 14:06:36
6980,847128054,buy,E3I34CHA4,5760,469.93,2024-09-25 14:06:36
6981,748894889,buy,PZLH5OPO0,8832,227.64,2024-09-25 14:06:36
6982,181409413,sell,Q3LJK7LG7,527,10.01,2024-09-25 14:06:36
6983,277520391,buy,3R8E5X8O3,7485,342.66,2024-09-25 14:06:36
6984,568959982,sell,GZ06E5RF5,6150,426.70,2024-09-25 14:06:36
6985,786199247,buy,BJ6E90YM7,4665,391.80,2024-09-25 14:06:36
6986,206334742,sell,MNZ4OM1V7,7139,408.97,2024-09-25 14:06:36
6987,243850819,buy,E5FC5TCN1,2778,450.01,2024-09-25 14:06:36
6988,165024682,sell,0YAAMQST9,5519,184.79,2024-09-25 14:06:36
6989,796515352,sell,C4LRN1AG4,1075,340.89,2024-09-25 14:06:36
6990,797476245,buy,EJXHTB4Z5,4933,176.64,2024-09-25 14:06:36
6991,456366118,sell,2DIN7INW0,8198,143.15,2024-09-25 14:06:36
6992,581459835,sell,2WCHXD327,7155,119.77,2024-09-25 14:06:36
6993,124744725,buy,KB3UNMUL3,1155,106.28,2024-09-25 14:06:36
6994,885079621,buy,PFM93LXB8,6676,333.89,2024-09-25 14:06:36
6995,140349155,buy,CU4NEMKX0,8112,393.28,2024-09-25 14:06:36
6996,966552411,sell,9KOI7FPW5,5645,165.94,2024-09-25 14:06:36
6997,462773436,sell,WXHVERH88,3564,436.95,2024-09-25 14:06:36
6998,132049527,buy,GGG8Z8GT9,2151,449.88,2024-09-25 14:06:36
6999,240760143,sell,ENMXPZI71,9584,132.77,2024-09-25 14:06:36
7000,969629829,sell,FM2CKBKK6,4192,421.13,2024-09-25 14:06:36
