TDB_0005005,268260362,sell,15EHH7NG3,2866,389.98,2024-03-08 02:13:10
TDB_0005006,798818183,buy,Y0S5DJPF7,6378,281.37,2023-10-29 11:49:22
TDB_0005007,407496832,buy,YO02STU92,794,117.53,2023-10-30 05:57:00
TDB_0005008,902331019,sell,15EHH7NG3,4770,465.48,2024-07-02 00:13:35
TDB_0005009,674281263,buy,JS1JBRRF4,1167,173.65,2023-11-12 18:17:27
TDB_0005010,400437068,buy,H8ULRR404,3556,379.57,2023-10-07 08:26:16
TDB_0005011,105933111,sell,9SUGDF3A0,6794,290.73,2024-01-06 17:30:27
TDB_0005012,159570865,sell,A0XKZ70G1,7005,448.62,2023-09-27 02:43:19
TDB_0005013,889854561,buy,A0XKZ70G1,8057,176.91,2024-03-15 16:04:48
TDB_0005014,779099274,sell,B29432H36,8023,265.80,2024-01-28 05:35:30
TDB_0005015,115447971,sell,156M6YY49,1928,205.60,2024-04-05 09:44:35
TDB_0005016,645066656,sell,CKCVCQPB1,3241,481.98,2023-09-28 12:59:54
TDB_0005017,902331019,buy,B4VLMJKR4,4459,169.59,2024-07-22 19:14:16
TDB_0005018,833887605,sell,Y0S5DJPF7,1915,450.34,2023-12-20 02:50:51
TDB_0005019,127658056,buy,X1LUZZ008,3156,274.33,2024-08-01 11:37:26
TDB_0005020,115447971,sell,V0H365KX1,2814,187.87,2024-03-07 04:30:16
TDB_0005021,159570865,buy,15EHH7NG3,5770,305.52,2024-06-02 16:24:58
TDB_0005022,159570865,sell,156M6YY49,7534,455.15,2024-01-31 23:31:57
TDB_0005023,902331019,buy,156M6YY49,7540,476.62,2024-04-22 04:03:49
TDB_0005024,105933111,sell,JS1JBRRF4,9437,277.07,2024-06-08 04:58:18
TDB_0005025,107216323,buy,RD1OSEVT3,1696,312.03,2023-12-18 09:25:39
TDB_0005026,889854561,sell,A0XKZ70G1,3032,76.64,2024-02-29 03:41:41
TDB_0005027,982473600,buy,B29432H36,2876,436.29,2024-04-08 19:46:27
TDB_0005028,833887605,buy,YWJEHHDP9,8312,235.71,2023-12-02 21:28:44
TDB_0005029,407496832,buy,Q99X60AP0,2791,244.03,2024-02-04 15:06:33
TDB_0005030,779099274,sell,JS1JBRRF4,2414,20.17,2024-06-21 11:20:33
TDB_0005031,159570865,buy,FXC47NHW6,8256,25.19,2024-05-20 02:40:20
TDB_0005032,902331019,buy,CKCVCQPB1,1383,7.51,2024-04-08 13:30:46
TDB_0005033,889854561,sell,5ZSZR4IX3,686,466.81,2024-06-13 06:32:55
TDB_0005034,281014001,sell,IJHKIMLJ7,6269,88.35,2024-04-08 07:27:21
TDB_0005035,611250713,sell,HSGO3XBM7,1358,427.15,2023-11-13 13:30:37
TDB_0005036,815127386,sell,YWJEHHDP9,6000,3.57,2024-01-28 19:07:52
TDB_0005037,902331019,buy,9SUGDF3A0,7200,139.95,2024-09-19 19:47:52
TDB_0005038,813265305,buy,JS1JBRRF4,5069,213.40,2023-12-29 19:06:49
TDB_0005039,105933111,sell,292P3LG71,688,90.84,2024-09-05 17:21:11
TDB_0005040,594779001,sell,V0H365KX1,5226,149.11,2024-07-08 16:47:31
TDB_0005041,594779001,sell,V0H365KX1,408,476.84,2023-10-30 20:46:36
TDB_0005042,825810138,buy,ZZZ6K86D1,4695,333.17,2023-11-01 23:08:25
TDB_0005043,803264434,buy,ZZZ6K86D1,4823,165.47,2024-08-01 17:55:59
TDB_0005044,798818183,buy,ZZZ6K86D1,3543,220.91,2024-07-12 13:48:48
TDB_0005045,226651774,sell,YO02STU92,6073,491.51,2024-08-08 02:02:01
TDB_0005046,107216323,sell,RD1OSEVT3,9213,3.50,2023-10-01 22:18:04
TDB_0005047,815127386,buy,292P3LG71,9418,135.23,2024-03-25 15:45:48
TDB_0005048,889854561,sell,B4VLMJKR4,5861,253.02,2023-12-16 13:47:46
TDB_0005049,825810138,buy,H8ULRR404,3074,257.17,2024-03-24 16:22:07
TDB_0005050,226651774,sell,H8ULRR404,6316,290.22,2024-01-18 01:32:05
TDB_0005051,779099274,sell,FXC47NHW6,5077,196.16,2024-06-05 16:07:53
TDB_0005052,107216323,sell,YO02STU92,2696,409.66,2023-10-10 11:56:22
TDB_0005053,611250713,buy,9SUGDF3A0,6599,351.14,2023-12-04 06:48:53
TDB_0005054,825810138,sell,3TXH7T4T4,712,86.03,2024-07-06 08:24:04
TDB_0005055,268260362,buy,JS1JBRRF4,8550,286.09,2024-04-15 19:56:20
TDB_0005056,268260362,buy,HSGO3XBM7,4799,490.22,2024-05-19 11:29:57
TDB_0005057,159570865,sell,Q99X60AP0,1235,262.46,2024-06-08 09:17:38
TDB_0005058,825810138,buy,292P3LG71,8156,482.62,2024-03-19 04:53:48
TDB_0005059,850226336,buy,YO02STU92,5290,131.35,2023-12-03 14:14:10
TDB_0005060,416091528,buy,292P3LG71,2456,243.99,2023-11-22 22:36:41
TDB_0005061,226651774,buy,H8ULRR404,6706,474.90,2024-03-12 10:50:33
TDB_0005062,902331019,buy,IJHKIMLJ7,4740,499.45,2024-01-06 19:00:04
TDB_0005063,661255455,sell,CKCVCQPB1,9918,92.92,2024-04-04 05:26:35
TDB_0005064,803264434,buy,YO02STU92,9449,213.84,2023-11-08 18:57:47
TDB_0005065,107216323,sell,CKCVCQPB1,4291,493.89,2024-03-23 07:20:47
TDB_0005066,594779001,buy,V0H365KX1,6578,121.14,2024-07-15 15:38:33
TDB_0005067,105933111,sell,5ZSZR4IX3,5705,323.23,2024-01-14 04:08:06
TDB_0005068,416091528,sell,X1LUZZ008,4757,484.13,2024-05-12 10:59:35
TDB_0005069,107216323,sell,B29432H36,3523,68.38,2024-07-23 23:03:04
TDB_0005070,982473600,sell,15EHH7NG3,3697,134.28,2023-10-11 01:17:04
TDB_0005071,798818183,buy,CQBYE29J5,5230,209.95,2023-11-19 11:18:55
TDB_0005072,813265305,buy,FXC47NHW6,2800,495.69,2024-09-18 19:32:47
TDB_0005073,107216323,buy,TX30S8B62,9660,222.64,2024-09-08 13:25:55
TDB_0005074,159570865,buy,V0H365KX1,8336,337.42,2023-09-30 00:22:31
TDB_0005075,844783191,buy,B29432H36,5174,424.86,2023-11-20 14:55:03
TDB_0005076,889854561,buy,IJHKIMLJ7,2088,79.84,2024-05-19 10:40:43
TDB_0005077,779099274,sell,15EHH7NG3,677,188.16,2024-03-15 02:45:02
TDB_0005078,611250713,sell,B4VLMJKR4,566,341.92,2024-06-16 18:38:17
TDB_0005079,833887605,sell,IJHKIMLJ7,6899,89.31,2024-02-19 13:40:22
TDB_0005080,779099274,buy,JS1JBRRF4,2441,305.18,2024-09-23 16:49:48
TDB_0005081,127658056,sell,292P3LG71,5500,39.27,2024-09-02 10:22:12
TDB_0005082,951998275,buy,292P3LG71,6022,400.98,2024-05-31 10:32:13
TDB_0005083,226651774,sell,H8ULRR404,9049,47.71,2024-04-19 09:24:45
TDB_0005084,850226336,sell,V0H365KX1,3636,179.90,2024-06-17 19:15:26
TDB_0005085,107216323,buy,CKCVCQPB1,4727,438.91,2023-12-27 05:44:56
TDB_0005086,226651774,buy,V0H365KX1,8184,127.33,2024-01-04 23:32:45
TDB_0005087,645066656,sell,IJHKIMLJ7,1566,31.20,2024-07-20 11:51:23
TDB_0005088,400437068,sell,FXC47NHW6,9476,194.08,2023-10-14 15:03:23
TDB_0005089,982473600,buy,JS1JBRRF4,4016,192.23,2024-06-16 21:17:01
TDB_0005090,833887605,buy,9SUGDF3A0,1356,459.13,2024-07-27 22:49:22
TDB_0005091,226651774,buy,X1LUZZ008,3610,325.29,2023-11-25 12:10:47
TDB_0005092,661255455,sell,156M6YY49,3957,159.73,2023-11-28 12:14:33
TDB_0005093,645066656,buy,9SUGDF3A0,7783,358.19,2024-03-13 08:28:15
TDB_0005094,226651774,buy,JS1JBRRF4,9892,46.92,2024-02-26 10:31:39
TDB_0005095,416091528,buy,HSGO3XBM7,7857,499.19,2023-12-20 02:44:14
TDB_0005096,105933111,buy,ZZZ6K86D1,4458,31.35,2024-07-14 21:02:42
TDB_0005097,226651774,sell,FXC47NHW6,9721,454.80,2024-02-04 12:39:10
TDB_0005098,850226336,buy,YWJEHHDP9,6612,93.38,2024-08-08 13:04:58
TDB_0005099,416091528,buy,A0XKZ70G1,8868,338.82,2024-09-02 03:18:01
TDB_0005100,813265305,buy,Y0S5DJPF7,3939,389.17,2024-08-09 00:40:49
TDB_0005101,798818183,buy,H8ULRR404,9366,305.54,2023-11-24 20:06:04
TDB_0005102,416091528,sell,B29432H36,9008,429.82,2024-04-23 04:30:36
TDB_0005103,674281263,sell,A0XKZ70G1,5663,466.49,2024-08-26 02:53:45
TDB_0005104,400437068,buy,3TXH7T4T4,4224,496.33,2024-04-19 11:28:06
TDB_0005105,844783191,buy,CQBYE29J5,6234,457.25,2024-05-21 04:41:03
TDB_0005106,107216323,sell,Y0S5DJPF7,970,349.66,2024-09-25 05:30:47
TDB_0005107,107216323,sell,IJHKIMLJ7,101,55.00,2024-05-19 11:52:46
TDB_0005108,661255455,sell,HSGO3XBM7,3245,306.30,2024-04-13 16:51:54
TDB_0005109,268260362,buy,H8ULRR404,3401,268.80,2024-03-27 22:30:42
TDB_0005110,281014001,sell,292P3LG71,9918,396.44,2024-01-16 11:50:51
TDB_0005111,661255455,buy,HSGO3XBM7,7951,213.99,2024-08-10 18:57:27
TDB_0005112,645066656,buy,Q99X60AP0,3586,187.74,2024-05-28 07:30:02
TDB_0005113,813265305,buy,9SUGDF3A0,8790,40.93,2023-10-25 02:07:39
TDB_0005114,779099274,sell,HSGO3XBM7,8021,372.85,2024-09-14 02:14:16
TDB_0005115,127658056,buy,CKCVCQPB1,6730,166.47,2024-06-24 22:40:21
TDB_0005116,813265305,buy,CQBYE29J5,6366,442.34,2024-02-22 14:03:32
TDB_0005117,951998275,sell,A0XKZ70G1,4309,268.23,2024-09-24 09:49:13
TDB_0005118,400437068,sell,ZZZ6K86D1,5050,363.60,2024-01-05 06:02:53
TDB_0005119,889854561,buy,B4VLMJKR4,7368,452.28,2024-02-27 17:02:36
TDB_0005120,107216323,sell,CQBYE29J5,5081,339.22,2024-06-27 16:27:10
TDB_0005121,803264434,sell,B4VLMJKR4,6372,232.24,2024-02-07 17:33:11
TDB_0005122,661255455,buy,9SUGDF3A0,2676,358.62,2023-12-04 02:16:28
TDB_0005123,416091528,sell,15EHH7NG3,2438,13.21,2024-01-07 02:29:41
TDB_0005124,833887605,buy,RD1OSEVT3,4108,355.25,2023-11-30 20:25:36
TDB_0005125,226651774,buy,FXC47NHW6,433,479.40,2024-02-12 23:09:18
TDB_0005126,902331019,sell,15EHH7NG3,5976,300.39,2023-10-07 16:44:57
TDB_0005127,833887605,buy,9SUGDF3A0,9012,388.72,2023-12-18 23:15:45
TDB_0005128,951998275,buy,ZZZ6K86D1,150,249.82,2024-04-02 10:55:13
TDB_0005129,651286323,sell,Y0S5DJPF7,5709,398.00,2024-02-14 20:56:42
TDB_0005130,281014001,sell,Y0S5DJPF7,2129,227.40,2023-10-08 12:10:07
TDB_0005131,902331019,buy,B29432H36,3611,97.76,2023-12-08 17:22:51
TDB_0005132,226651774,buy,YO02STU92,4868,477.07,2024-06-12 02:10:51
TDB_0005133,127658056,buy,156M6YY49,839,307.38,2024-04-08 05:36:22
TDB_0005134,982473600,sell,B4VLMJKR4,1671,432.65,2024-05-13 16:29:37
TDB_0005135,400437068,buy,B29432H36,1424,405.67,2023-11-11 14:13:58
TDB_0005136,611250713,sell,TX30S8B62,6549,139.77,2024-04-14 14:25:03
TDB_0005137,407496832,buy,TX30S8B62,9931,28.89,2024-05-16 02:25:24
TDB_0005138,813265305,sell,9SUGDF3A0,4626,226.76,2024-09-19 13:00:28
TDB_0005139,594779001,sell,HSGO3XBM7,9534,88.15,2024-03-23 14:41:44
TDB_0005140,416091528,buy,JS1JBRRF4,4544,161.97,2024-06-17 21:13:05
TDB_0005141,889854561,sell,V0H365KX1,2337,428.51,2024-03-11 13:32:41
TDB_0005142,803264434,sell,CKCVCQPB1,5857,387.87,2024-06-05 12:23:51
TDB_0005143,815127386,sell,TX30S8B62,8153,358.70,2024-03-02 15:23:29
TDB_0005144,815127386,sell,15EHH7NG3,9836,228.51,2024-02-04 08:07:46
TDB_0005145,815127386,buy,B29432H36,3770,404.78,2024-02-25 12:55:53
TDB_0005146,951998275,buy,CQBYE29J5,9795,78.91,2024-03-09 19:23:37
TDB_0005147,651286323,buy,156M6YY49,8678,131.06,2024-08-26 10:01:58
TDB_0005148,803264434,sell,RD1OSEVT3,5442,238.01,2024-03-31 23:06:19
TDB_0005149,798818183,sell,V0H365KX1,4686,271.53,2024-01-03 07:19:53
TDB_0005150,674281263,buy,292P3LG71,505,424.70,2024-09-23 14:13:13
TDB_0005151,813265305,sell,FXC47NHW6,79,142.30,2024-05-18 15:57:48
TDB_0005152,268260362,sell,FXC47NHW6,1946,402.57,2023-11-19 10:31:16
TDB_0005153,779099274,buy,156M6YY49,8426,124.86,2024-02-21 23:27:32
TDB_0005154,825810138,buy,A0XKZ70G1,2414,310.21,2024-02-17 08:44:14
TDB_0005155,594779001,buy,5ZSZR4IX3,188,272.43,2024-08-23 14:21:53
TDB_0005156,400437068,buy,B29432H36,1240,115.82,2023-11-06 06:17:06
TDB_0005157,127658056,sell,YWJEHHDP9,7757,37.54,2024-06-08 22:23:23
TDB_0005158,107216323,sell,B4VLMJKR4,6685,403.83,2024-07-10 13:24:36
TDB_0005159,107216323,sell,FXC47NHW6,836,107.04,2024-07-08 18:44:24
TDB_0005160,674281263,sell,YO02STU92,1769,396.16,2023-10-07 22:55:55
TDB_0005161,850226336,sell,Q99X60AP0,1594,136.13,2024-05-21 13:24:38
TDB_0005162,127658056,buy,CKCVCQPB1,2741,28.84,2023-10-09 02:40:45
TDB_0005163,803264434,buy,15EHH7NG3,3450,305.03,2024-09-01 20:31:59
TDB_0005164,674281263,buy,ZZZ6K86D1,3910,492.84,2024-07-26 13:47:53
TDB_0005165,268260362,sell,ZZZ6K86D1,7904,157.16,2024-02-12 04:01:30
TDB_0005166,226651774,sell,HSGO3XBM7,6466,28.27,2024-09-21 00:17:40
TDB_0005167,400437068,buy,B4VLMJKR4,4524,144.81,2024-02-03 16:32:45
TDB_0005168,400437068,sell,RD1OSEVT3,2492,446.80,2024-08-14 21:29:15
TDB_0005169,127658056,buy,X1LUZZ008,4188,466.90,2024-02-19 19:45:42
TDB_0005170,416091528,sell,HSGO3XBM7,1379,155.70,2023-10-27 23:03:22
TDB_0005171,803264434,sell,V0H365KX1,2127,431.15,2024-03-25 02:14:18
TDB_0005172,674281263,sell,TX30S8B62,3423,410.41,2024-06-26 10:05:42
TDB_0005173,159570865,buy,3TXH7T4T4,6793,54.90,2024-09-19 13:16:09
TDB_0005174,268260362,buy,V0H365KX1,7403,112.37,2024-03-17 05:31:13
TDB_0005175,813265305,sell,IJHKIMLJ7,973,288.59,2023-11-09 17:25:45
TDB_0005176,594779001,sell,FXC47NHW6,786,412.46,2024-08-05 04:42:47
TDB_0005177,833887605,buy,Q99X60AP0,2822,366.28,2023-12-30 00:24:16
TDB_0005178,902331019,buy,ZZZ6K86D1,4878,461.61,2024-03-23 03:26:29
TDB_0005179,416091528,sell,V0H365KX1,616,244.44,2024-01-12 22:10:42
TDB_0005180,407496832,buy,15EHH7NG3,2877,375.04,2024-05-26 21:15:21
TDB_0005181,813265305,sell,3TXH7T4T4,7406,233.43,2024-06-12 21:57:34
TDB_0005182,115447971,buy,292P3LG71,9139,228.79,2024-03-30 02:41:07
TDB_0005183,407496832,buy,3TXH7T4T4,3871,0.04,2023-12-03 10:12:14
TDB_0005184,400437068,sell,YWJEHHDP9,6690,344.62,2023-12-10 16:17:04
TDB_0005185,645066656,buy,Y0S5DJPF7,8990,467.20,2023-11-04 21:43:04
TDB_0005186,226651774,sell,H8ULRR404,8968,221.51,2023-12-13 14:46:34
TDB_0005187,407496832,sell,H8ULRR404,9014,197.32,2023-10-21 13:59:26
TDB_0005188,982473600,buy,3TXH7T4T4,6100,442.86,2024-09-15 01:07:14
TDB_0005189,833887605,buy,JS1JBRRF4,1095,5.70,2024-01-24 11:15:21
TDB_0005190,661255455,sell,15EHH7NG3,9854,32.88,2024-08-14 05:08:14
TDB_0005191,833887605,buy,HSGO3XBM7,7180,441.34,2024-02-07 19:27:18
TDB_0005192,815127386,buy,Q99X60AP0,8638,4.65,2024-07-02 09:08:36
TDB_0005193,798818183,sell,156M6YY49,6604,429.19,2024-07-18 09:20:38
TDB_0005194,416091528,sell,15EHH7NG3,5738,363.13,2024-06-23 10:03:20
TDB_0005195,850226336,buy,HSGO3XBM7,9965,430.12,2024-04-30 03:59:06
TDB_0005196,661255455,sell,B29432H36,4452,89.01,2024-06-22 08:29:03
TDB_0005197,268260362,sell,B29432H36,4861,189.44,2023-11-23 21:04:29
TDB_0005198,107216323,buy,X1LUZZ008,3885,372.48,2024-07-23 05:17:59
TDB_0005199,798818183,sell,H8ULRR404,5824,448.61,2024-02-24 11:24:01
TDB_0005200,825810138,sell,RD1OSEVT3,5777,287.89,2024-06-05 00:16:48
TDB_0005201,611250713,buy,15EHH7NG3,9146,276.83,2024-07-08 11:54:33
TDB_0005202,844783191,sell,X1LUZZ008,5353,164.12,2024-04-10 21:18:46
TDB_0005203,159570865,sell,156M6YY49,3090,94.26,2024-07-12 13:04:23
TDB_0005204,407496832,sell,ZZZ6K86D1,6085,339.91,2024-06-24 03:29:15
TDB_0005205,226651774,sell,H8ULRR404,8044,237.37,2024-07-05 17:55:47
TDB_0005206,825810138,sell,Y0S5DJPF7,9832,460.07,2024-01-05 05:00:45
TDB_0005207,798818183,sell,ZZZ6K86D1,9960,141.11,2024-09-07 01:49:23
TDB_0005208,127658056,buy,156M6YY49,6801,481.10,2024-03-26 03:03:41
TDB_0005209,268260362,buy,Y0S5DJPF7,5206,332.48,2024-08-25 01:37:41
TDB_0005210,674281263,buy,A0XKZ70G1,6850,336.82,2024-01-01 08:51:11
TDB_0005211,105933111,sell,YO02STU92,5515,104.99,2023-12-14 15:01:03
TDB_0005212,661255455,buy,YO02STU92,6730,38.08,2023-11-24 10:11:28
TDB_0005213,400437068,sell,HSGO3XBM7,5649,106.99,2024-01-21 07:11:40
TDB_0005214,803264434,sell,9SUGDF3A0,8258,411.64,2024-04-24 17:42:24
TDB_0005215,407496832,sell,5ZSZR4IX3,5926,114.89,2024-01-03 13:26:16
TDB_0005216,674281263,sell,YO02STU92,7934,224.90,2024-06-13 19:47:50
TDB_0005217,813265305,sell,RD1OSEVT3,5949,245.52,2024-08-12 09:04:55
TDB_0005218,281014001,buy,YO02STU92,8526,235.51,2024-07-28 18:53:11
TDB_0005219,674281263,sell,YO02STU92,4162,109.57,2023-10-11 04:48:48
TDB_0005220,825810138,sell,TX30S8B62,5038,234.16,2023-11-13 07:29:25
TDB_0005221,661255455,buy,A0XKZ70G1,9227,176.34,2024-06-16 00:20:45
TDB_0005222,825810138,sell,YO02STU92,7609,344.18,2023-10-28 13:18:05
TDB_0005223,661255455,buy,ZZZ6K86D1,8633,480.32,2024-03-15 03:50:57
TDB_0005224,400437068,sell,Q99X60AP0,6786,482.92,2024-08-06 06:46:24
TDB_0005225,850226336,buy,TX30S8B62,9295,146.40,2023-10-16 06:26:06
TDB_0005226,813265305,buy,3TXH7T4T4,975,424.64,2024-04-18 06:28:34
TDB_0005227,115447971,sell,B29432H36,6081,353.33,2023-11-30 09:36:30
TDB_0005228,159570865,buy,B29432H36,1994,60.95,2023-11-04 08:00:32
TDB_0005229,951998275,buy,HSGO3XBM7,4204,186.25,2023-12-22 22:31:31
TDB_0005230,645066656,buy,IJHKIMLJ7,3204,470.06,2024-02-01 07:26:07
TDB_0005231,850226336,sell,IJHKIMLJ7,8407,111.06,2024-05-23 04:33:57
TDB_0005232,833887605,sell,ZZZ6K86D1,7103,233.98,2023-12-26 11:28:32
TDB_0005233,825810138,sell,Q99X60AP0,9425,401.50,2023-11-30 12:22:25
TDB_0005234,850226336,sell,15EHH7NG3,1073,461.01,2023-12-01 20:48:20
TDB_0005235,779099274,sell,ZZZ6K86D1,1477,70.29,2024-02-07 02:10:12
TDB_0005236,281014001,sell,IJHKIMLJ7,3822,38.39,2024-09-16 15:05:41
TDB_0005237,982473600,buy,15EHH7NG3,4359,36.03,2023-11-16 11:53:34
TDB_0005238,107216323,buy,JS1JBRRF4,2676,232.54,2024-05-08 08:58:07
TDB_0005239,107216323,sell,3TXH7T4T4,8246,376.76,2024-09-20 10:33:39
TDB_0005240,159570865,sell,A0XKZ70G1,6901,2.50,2024-06-26 01:06:33
TDB_0005241,902331019,sell,YWJEHHDP9,5284,314.37,2024-01-25 02:36:45
TDB_0005242,645066656,sell,IJHKIMLJ7,9578,465.47,2023-12-02 21:51:55
TDB_0005243,798818183,buy,15EHH7NG3,8029,15.48,2024-05-22 00:50:25
TDB_0005244,226651774,sell,YWJEHHDP9,2580,87.09,2024-09-13 12:11:32
TDB_0005245,105933111,sell,YO02STU92,3410,277.37,2024-07-01 19:16:55
TDB_0005246,416091528,buy,CQBYE29J5,7668,492.22,2023-10-29 10:51:32
TDB_0005247,115447971,buy,HSGO3XBM7,8541,333.32,2024-08-22 06:04:44
TDB_0005248,159570865,buy,CQBYE29J5,5370,225.68,2023-10-12 06:40:43
TDB_0005249,611250713,sell,YO02STU92,1505,410.56,2024-06-13 04:57:57
TDB_0005250,416091528,sell,292P3LG71,3979,392.58,2024-06-13 14:59:51
TDB_0005251,611250713,sell,Y0S5DJPF7,2906,293.83,2024-09-10 00:47:40
TDB_0005252,850226336,buy,RD1OSEVT3,8658,90.93,2023-10-23 16:40:31
TDB_0005253,889854561,sell,B29432H36,7413,341.43,2024-05-19 19:55:07
TDB_0005254,850226336,sell,V0H365KX1,601,98.52,2023-10-28 00:29:55
TDB_0005255,105933111,sell,5ZSZR4IX3,9255,343.24,2024-07-28 01:10:35
TDB_0005256,661255455,sell,X1LUZZ008,1296,323.59,2024-08-01 22:08:36
TDB_0005257,127658056,buy,JS1JBRRF4,2752,156.50,2024-03-31 17:16:02
TDB_0005258,105933111,buy,156M6YY49,1197,348.33,2024-01-31 05:17:22
TDB_0005259,407496832,buy,Y0S5DJPF7,4304,224.93,2024-06-07 23:34:25
TDB_0005260,902331019,buy,X1LUZZ008,1333,146.68,2023-12-26 02:27:29
TDB_0005261,226651774,sell,TX30S8B62,7431,395.59,2023-10-03 04:50:23
TDB_0005262,281014001,buy,YO02STU92,4259,364.85,2024-08-31 10:41:52
TDB_0005263,645066656,buy,15EHH7NG3,142,393.90,2024-03-08 14:50:39
TDB_0005264,661255455,buy,HSGO3XBM7,6467,190.50,2024-08-16 02:12:33
TDB_0005265,127658056,buy,RD1OSEVT3,2203,98.20,2024-05-05 08:30:42
TDB_0005266,850226336,buy,Y0S5DJPF7,7414,357.51,2024-08-26 11:57:59
TDB_0005267,651286323,buy,15EHH7NG3,7090,114.28,2024-02-10 20:39:16
TDB_0005268,594779001,sell,RD1OSEVT3,7926,170.28,2024-02-02 08:49:59
TDB_0005269,844783191,sell,B4VLMJKR4,358,260.45,2024-08-08 00:37:32
TDB_0005270,407496832,sell,HSGO3XBM7,218,9.17,2024-08-31 13:42:51
TDB_0005271,159570865,sell,Q99X60AP0,9762,473.91,2024-05-06 19:58:20
TDB_0005272,674281263,buy,CKCVCQPB1,2073,162.06,2024-08-09 15:50:38
TDB_0005273,645066656,buy,156M6YY49,7230,462.66,2024-07-11 10:11:54
TDB_0005274,159570865,buy,X1LUZZ008,3202,142.77,2024-06-17 18:46:54
TDB_0005275,661255455,buy,B4VLMJKR4,7433,479.99,2024-05-16 22:43:07
TDB_0005276,416091528,buy,CKCVCQPB1,89,295.60,2024-07-14 08:46:03
TDB_0005277,651286323,sell,V0H365KX1,1679,22.65,2023-10-04 12:27:46
TDB_0005278,407496832,sell,Y0S5DJPF7,3459,24.71,2023-11-28 13:21:23
TDB_0005279,268260362,sell,YO02STU92,7506,256.94,2023-10-10 20:39:27
TDB_0005280,400437068,sell,3TXH7T4T4,3329,333.78,2024-08-16 10:50:41
TDB_0005281,803264434,sell,FXC47NHW6,4809,243.93,2024-06-27 01:39:02
TDB_0005282,594779001,buy,TX30S8B62,8395,247.48,2024-05-03 12:01:18
TDB_0005283,803264434,buy,H8ULRR404,3852,8.77,2024-03-20 04:39:33
TDB_0005284,645066656,sell,HSGO3XBM7,170,1.90,2024-02-26 13:41:55
TDB_0005285,798818183,buy,RD1OSEVT3,672,357.30,2024-01-12 23:11:50
TDB_0005286,651286323,buy,15EHH7NG3,1001,207.78,2024-05-17 11:06:14
TDB_0005287,803264434,sell,ZZZ6K86D1,4241,28.16,2024-01-21 12:04:57
TDB_0005288,651286323,sell,Y0S5DJPF7,2229,411.62,2024-04-29 01:09:55
TDB_0005289,902331019,buy,X1LUZZ008,7114,196.52,2024-03-15 19:17:42
TDB_0005290,815127386,buy,CKCVCQPB1,8034,214.01,2024-02-05 14:35:38
TDB_0005291,850226336,buy,CKCVCQPB1,3511,287.23,2024-05-31 04:55:51
TDB_0005292,407496832,sell,9SUGDF3A0,7663,141.09,2024-08-27 10:27:02
TDB_0005293,115447971,sell,CKCVCQPB1,316,122.20,2024-05-03 13:02:14
TDB_0005294,813265305,buy,A0XKZ70G1,7045,191.10,2023-10-20 19:58:54
TDB_0005295,844783191,sell,15EHH7NG3,7937,271.84,2024-02-26 22:29:05
TDB_0005296,902331019,buy,5ZSZR4IX3,8809,64.63,2024-04-28 16:47:51
TDB_0005297,844783191,sell,RD1OSEVT3,2710,481.73,2024-04-29 23:10:08
TDB_0005298,268260362,buy,V0H365KX1,8852,17.72,2024-05-23 09:58:59
TDB_0005299,281014001,buy,X1LUZZ008,2247,173.39,2024-08-20 15:23:39
TDB_0005300,902331019,buy,YO02STU92,4890,5.28,2024-08-23 12:21:10
TDB_0005301,798818183,buy,B4VLMJKR4,2405,8.16,2024-02-03 15:48:17
TDB_0005302,159570865,buy,TX30S8B62,3352,312.25,2024-09-24 02:26:13
TDB_0005303,779099274,sell,H8ULRR404,3177,117.90,2023-10-27 11:51:32
TDB_0005304,803264434,sell,FXC47NHW6,5578,23.97,2024-05-07 23:06:55
TDB_0005305,594779001,sell,H8ULRR404,992,457.09,2024-03-04 02:14:58
TDB_0005306,798818183,buy,292P3LG71,9063,55.01,2023-11-02 14:28:28
TDB_0005307,268260362,sell,156M6YY49,4682,38.61,2024-05-24 01:21:21
TDB_0005308,833887605,buy,YO02STU92,548,278.46,2024-05-13 11:05:43
TDB_0005309,674281263,buy,9SUGDF3A0,722,421.99,2024-04-15 21:14:41
TDB_0005310,400437068,sell,H8ULRR404,8844,486.79,2024-03-11 22:32:49
TDB_0005311,594779001,sell,JS1JBRRF4,2321,422.27,2024-08-21 02:53:25
TDB_0005312,825810138,sell,IJHKIMLJ7,5136,430.71,2024-07-09 05:24:30
TDB_0005313,815127386,buy,HSGO3XBM7,2142,265.50,2024-05-13 10:26:23
TDB_0005314,803264434,buy,FXC47NHW6,8651,191.51,2024-08-13 08:24:49
TDB_0005315,407496832,buy,ZZZ6K86D1,9475,23.43,2024-02-21 19:33:19
TDB_0005316,105933111,buy,292P3LG71,1108,154.33,2024-08-17 03:33:58
TDB_0005317,645066656,buy,B29432H36,8665,344.28,2024-03-29 16:04:35
TDB_0005318,982473600,buy,IJHKIMLJ7,8775,455.81,2024-09-08 15:51:20
TDB_0005319,645066656,sell,X1LUZZ008,3731,129.22,2024-03-22 21:11:27
TDB_0005320,407496832,sell,HSGO3XBM7,6749,177.39,2024-02-09 00:06:41
TDB_0005321,594779001,sell,IJHKIMLJ7,8810,469.18,2024-07-11 10:54:54
TDB_0005322,813265305,sell,FXC47NHW6,8842,193.19,2024-03-28 00:03:42
TDB_0005323,825810138,sell,B4VLMJKR4,818,409.57,2024-03-10 04:58:43
TDB_0005324,850226336,buy,Y0S5DJPF7,5318,74.66,2023-12-21 17:41:06
TDB_0005325,594779001,sell,5ZSZR4IX3,405,140.52,2024-04-17 13:34:19
TDB_0005326,281014001,sell,HSGO3XBM7,7320,336.20,2024-06-30 21:59:41
TDB_0005327,105933111,sell,292P3LG71,9291,234.33,2024-07-16 01:55:44
TDB_0005328,844783191,buy,Q99X60AP0,1548,215.65,2023-10-05 04:02:12
TDB_0005329,611250713,sell,B29432H36,2589,483.66,2024-06-10 01:12:00
TDB_0005330,400437068,buy,RD1OSEVT3,6904,289.60,2023-11-24 11:40:29
TDB_0005331,889854561,buy,RD1OSEVT3,9519,217.31,2024-08-29 01:09:33
TDB_0005332,833887605,buy,B29432H36,9124,449.12,2024-06-01 13:10:14
TDB_0005333,798818183,sell,ZZZ6K86D1,5632,212.91,2024-05-10 19:31:31
TDB_0005334,407496832,sell,JS1JBRRF4,2040,320.96,2024-02-28 05:46:57
TDB_0005335,268260362,sell,ZZZ6K86D1,1318,134.09,2024-08-22 10:47:41
TDB_0005336,844783191,buy,X1LUZZ008,1379,13.38,2024-08-12 02:28:19
TDB_0005337,850226336,sell,3TXH7T4T4,1092,499.32,2024-06-25 01:02:16
TDB_0005338,674281263,sell,YWJEHHDP9,8612,153.93,2024-02-11 17:27:36
TDB_0005339,107216323,buy,A0XKZ70G1,6222,190.13,2024-03-18 14:38:31
TDB_0005340,416091528,buy,X1LUZZ008,3986,358.96,2024-09-13 11:36:45
TDB_0005341,902331019,sell,A0XKZ70G1,5848,460.96,2024-02-12 22:23:06
TDB_0005342,407496832,sell,IJHKIMLJ7,3595,154.22,2023-11-30 03:53:22
TDB_0005343,115447971,buy,X1LUZZ008,3621,412.09,2023-11-07 03:35:14
TDB_0005344,661255455,sell,FXC47NHW6,3587,40.87,2024-02-09 18:18:13
TDB_0005345,651286323,sell,B4VLMJKR4,7198,431.80,2023-12-01 06:30:26
TDB_0005346,982473600,sell,9SUGDF3A0,918,229.73,2024-01-24 07:53:07
TDB_0005347,674281263,sell,TX30S8B62,4426,429.11,2023-10-08 17:19:27
TDB_0005348,268260362,sell,156M6YY49,2010,122.00,2023-09-30 00:38:20
TDB_0005349,127658056,buy,156M6YY49,6572,271.08,2024-05-29 19:19:18
TDB_0005350,651286323,sell,156M6YY49,7517,143.02,2023-12-26 09:27:11
TDB_0005351,815127386,buy,YO02STU92,6858,173.13,2024-08-01 10:36:33
TDB_0005352,127658056,sell,A0XKZ70G1,8339,345.43,2024-03-25 15:02:26
TDB_0005353,400437068,buy,TX30S8B62,5354,218.67,2024-03-28 01:22:06
TDB_0005354,416091528,sell,ZZZ6K86D1,6496,88.49,2024-07-15 17:01:38
TDB_0005355,107216323,buy,156M6YY49,9166,86.12,2024-03-05 03:19:37
TDB_0005356,779099274,buy,ZZZ6K86D1,7717,206.57,2024-09-11 19:51:06
TDB_0005357,651286323,buy,292P3LG71,7214,179.98,2024-08-15 02:05:07
TDB_0005358,674281263,sell,FXC47NHW6,6374,464.68,2023-11-20 17:24:33
TDB_0005359,674281263,sell,A0XKZ70G1,8376,394.02,2023-11-07 14:57:52
TDB_0005360,127658056,buy,YO02STU92,857,438.64,2023-12-15 13:37:18
TDB_0005361,798818183,buy,JS1JBRRF4,7692,477.39,2023-11-03 18:32:52
TDB_0005362,661255455,buy,JS1JBRRF4,2381,366.01,2024-06-07 04:59:05
TDB_0005363,661255455,sell,156M6YY49,9861,219.02,2024-04-11 19:47:27
TDB_0005364,813265305,sell,CKCVCQPB1,9746,326.24,2024-05-29 05:02:35
TDB_0005365,651286323,buy,CKCVCQPB1,7938,452.70,2024-04-13 06:37:55
TDB_0005366,645066656,sell,CQBYE29J5,88,384.23,2023-10-21 17:58:11
TDB_0005367,844783191,sell,H8ULRR404,486,415.22,2024-03-04 06:51:40
TDB_0005368,645066656,sell,ZZZ6K86D1,6994,369.26,2024-02-23 16:13:47
TDB_0005369,407496832,sell,Q99X60AP0,8328,159.25,2024-09-19 13:48:00
TDB_0005370,850226336,buy,JS1JBRRF4,1270,298.66,2024-06-21 10:31:34
TDB_0005371,127658056,sell,156M6YY49,1904,152.58,2023-12-24 02:21:54
TDB_0005372,115447971,sell,Y0S5DJPF7,1981,125.50,2024-07-17 04:32:00
TDB_0005373,611250713,buy,ZZZ6K86D1,4556,84.28,2023-11-16 05:29:18
TDB_0005374,889854561,buy,FXC47NHW6,6876,211.82,2023-09-26 21:09:14
TDB_0005375,803264434,buy,292P3LG71,3275,148.48,2024-08-18 21:39:54
TDB_0005376,902331019,sell,5ZSZR4IX3,6805,488.11,2024-01-14 12:11:54
TDB_0005377,798818183,sell,Y0S5DJPF7,3508,375.48,2024-03-27 14:06:45
TDB_0005378,982473600,sell,IJHKIMLJ7,5368,463.21,2024-02-28 13:50:32
TDB_0005379,803264434,sell,V0H365KX1,8031,476.54,2024-03-08 02:14:16
TDB_0005380,651286323,sell,B4VLMJKR4,2490,180.09,2024-05-29 18:35:05
TDB_0005381,107216323,sell,HSGO3XBM7,4997,173.97,2023-10-18 07:53:06
TDB_0005382,159570865,buy,9SUGDF3A0,5465,404.87,2024-03-13 06:57:01
TDB_0005383,645066656,sell,B4VLMJKR4,50,324.80,2024-05-31 15:58:26
TDB_0005384,850226336,buy,5ZSZR4IX3,4116,28.93,2024-06-25 11:47:54
TDB_0005385,107216323,buy,9SUGDF3A0,6728,35.11,2024-05-26 14:58:19
TDB_0005386,889854561,buy,IJHKIMLJ7,7344,15.61,2024-08-15 04:27:56
TDB_0005387,400437068,buy,156M6YY49,8229,146.64,2024-01-10 21:58:53
TDB_0005388,416091528,buy,FXC47NHW6,9416,82.37,2024-04-18 08:52:34
TDB_0005389,611250713,sell,X1LUZZ008,4789,232.57,2024-03-24 12:45:38
TDB_0005390,844783191,sell,CKCVCQPB1,2221,153.62,2024-04-30 08:20:14
TDB_0005391,850226336,sell,Q99X60AP0,3877,151.85,2024-04-02 20:15:48
TDB_0005392,803264434,buy,JS1JBRRF4,6172,231.27,2024-02-25 10:04:08
TDB_0005393,815127386,buy,B4VLMJKR4,5920,319.43,2024-04-20 05:44:02
TDB_0005394,902331019,sell,Y0S5DJPF7,4320,25.74,2024-02-06 08:56:10
TDB_0005395,281014001,sell,B4VLMJKR4,3895,35.92,2024-05-21 08:24:52
TDB_0005396,594779001,sell,B4VLMJKR4,1231,164.46,2024-05-12 13:32:41
TDB_0005397,833887605,sell,9SUGDF3A0,8328,267.57,2024-07-24 23:41:12
TDB_0005398,661255455,buy,YWJEHHDP9,2274,82.27,2024-02-13 12:59:27
TDB_0005399,115447971,buy,IJHKIMLJ7,4308,92.82,2024-02-23 15:47:17
TDB_0005400,611250713,sell,15EHH7NG3,6097,317.96,2024-03-11 16:34:21
TDB_0005401,844783191,buy,H8ULRR404,5367,324.91,2024-06-28 10:18:54
TDB_0005402,844783191,buy,H8ULRR404,2488,415.29,2024-02-11 22:24:11
TDB_0005403,281014001,sell,ZZZ6K86D1,3308,211.66,2023-12-15 19:05:57
TDB_0005404,594779001,buy,156M6YY49,2611,427.65,2023-10-30 07:45:09
TDB_0005405,798818183,sell,JS1JBRRF4,5404,445.70,2023-11-02 21:33:24
TDB_0005406,105933111,buy,RD1OSEVT3,8683,350.71,2024-01-29 22:09:49
TDB_0005407,661255455,sell,292P3LG71,5454,117.44,2024-05-18 23:24:33
TDB_0005408,651286323,buy,V0H365KX1,6707,210.36,2024-04-18 02:50:10
TDB_0005409,127658056,sell,3TXH7T4T4,6012,435.70,2024-03-15 08:44:26
TDB_0005410,982473600,buy,ZZZ6K86D1,9086,26.42,2023-12-21 06:12:38
TDB_0005411,825810138,buy,TX30S8B62,6189,188.48,2024-01-13 12:35:26
TDB_0005412,594779001,sell,V0H365KX1,6143,497.12,2023-12-05 03:45:20
TDB_0005413,416091528,buy,HSGO3XBM7,6687,260.68,2024-01-02 03:53:32
TDB_0005414,803264434,sell,JS1JBRRF4,6069,454.14,2024-07-21 13:48:40
TDB_0005415,115447971,buy,RD1OSEVT3,3686,212.06,2024-08-26 01:35:36
TDB_0005416,803264434,buy,IJHKIMLJ7,2876,419.88,2024-01-13 20:01:50
TDB_0005417,281014001,buy,FXC47NHW6,7855,137.34,2024-06-05 14:53:11
TDB_0005418,982473600,buy,292P3LG71,214,477.93,2024-09-16 07:56:29
TDB_0005419,813265305,sell,FXC47NHW6,2932,430.13,2024-02-16 22:03:48
TDB_0005420,803264434,sell,H8ULRR404,7611,405.94,2024-09-16 08:31:26
TDB_0005421,674281263,buy,TX30S8B62,6692,432.63,2024-04-20 10:11:55
TDB_0005422,407496832,buy,YO02STU92,487,389.29,2024-05-20 00:06:00
TDB_0005423,127658056,buy,YWJEHHDP9,6766,168.74,2024-06-15 04:48:18
TDB_0005424,833887605,buy,156M6YY49,9792,93.84,2024-04-16 05:42:30
TDB_0005425,107216323,buy,H8ULRR404,836,56.52,2024-03-25 00:54:20
TDB_0005426,661255455,buy,B4VLMJKR4,2428,204.71,2024-05-03 21:08:52
TDB_0005427,105933111,sell,15EHH7NG3,3568,441.40,2024-05-03 08:32:49
TDB_0005428,651286323,buy,HSGO3XBM7,8007,231.60,2023-12-02 02:35:31
TDB_0005429,850226336,buy,V0H365KX1,7630,237.17,2024-07-31 14:42:12
TDB_0005430,779099274,buy,X1LUZZ008,3923,87.13,2024-05-27 22:19:52
TDB_0005431,115447971,sell,RD1OSEVT3,7613,202.80,2024-04-18 22:38:52
TDB_0005432,268260362,buy,Y0S5DJPF7,8380,217.48,2023-10-18 19:56:27
TDB_0005433,779099274,buy,B4VLMJKR4,5245,5.86,2023-10-17 06:28:22
TDB_0005434,844783191,buy,292P3LG71,4662,423.93,2024-01-29 13:52:10
TDB_0005435,107216323,sell,RD1OSEVT3,4286,407.06,2024-09-19 01:43:17
TDB_0005436,779099274,sell,ZZZ6K86D1,3934,61.70,2024-03-22 06:22:56
TDB_0005437,105933111,sell,5ZSZR4IX3,4738,105.17,2024-05-02 15:05:34
TDB_0005438,416091528,buy,A0XKZ70G1,3732,101.99,2024-07-12 11:42:07
TDB_0005439,902331019,sell,IJHKIMLJ7,5787,275.20,2024-02-23 22:22:18
TDB_0005440,902331019,buy,CKCVCQPB1,2712,482.50,2023-10-31 13:18:40
TDB_0005441,105933111,buy,Q99X60AP0,2082,229.63,2024-01-22 10:54:15
TDB_0005442,407496832,sell,CKCVCQPB1,4548,229.65,2024-01-26 06:48:14
TDB_0005443,281014001,sell,B29432H36,9232,497.68,2024-09-25 01:34:46
TDB_0005444,268260362,buy,B29432H36,9429,453.74,2024-05-06 23:43:50
TDB_0005445,850226336,buy,156M6YY49,1336,149.14,2024-05-28 19:12:39
TDB_0005446,803264434,buy,Y0S5DJPF7,5502,497.08,2024-05-22 23:38:26
TDB_0005447,645066656,buy,9SUGDF3A0,6786,119.59,2023-10-27 09:42:45
TDB_0005448,803264434,buy,V0H365KX1,9350,324.97,2023-11-23 03:28:17
TDB_0005449,825810138,sell,JS1JBRRF4,4956,384.37,2023-11-25 14:41:12
TDB_0005450,416091528,sell,V0H365KX1,2768,83.64,2023-12-13 08:26:51
TDB_0005451,779099274,sell,YWJEHHDP9,4216,171.31,2023-12-09 17:57:37
TDB_0005452,159570865,sell,B29432H36,8442,476.10,2024-02-23 12:24:01
TDB_0005453,844783191,sell,A0XKZ70G1,9032,258.90,2024-03-07 12:53:55
TDB_0005454,902331019,sell,A0XKZ70G1,8481,175.19,2023-11-14 00:22:43
TDB_0005455,268260362,buy,RD1OSEVT3,910,394.01,2024-07-31 00:23:08
TDB_0005456,105933111,buy,292P3LG71,9314,112.54,2023-12-21 09:56:28
TDB_0005457,779099274,buy,Q99X60AP0,9924,48.90,2023-09-28 02:42:32
TDB_0005458,400437068,buy,B29432H36,670,147.13,2024-08-09 15:59:24
TDB_0005459,815127386,buy,H8ULRR404,7100,56.73,2024-07-15 00:28:41
TDB_0005460,159570865,sell,292P3LG71,3046,74.00,2023-12-15 08:06:54
TDB_0005461,951998275,sell,ZZZ6K86D1,9088,68.08,2024-09-16 01:27:23
TDB_0005462,226651774,sell,V0H365KX1,1767,71.90,2023-12-19 23:11:00
TDB_0005463,779099274,sell,292P3LG71,2013,95.12,2024-05-08 11:11:17
TDB_0005464,407496832,buy,292P3LG71,9168,422.47,2023-11-08 15:58:51
TDB_0005465,951998275,buy,TX30S8B62,5527,240.08,2023-12-18 13:23:40
TDB_0005466,813265305,sell,Y0S5DJPF7,3405,183.43,2023-09-29 01:32:56
TDB_0005467,674281263,sell,B4VLMJKR4,146,306.69,2024-09-06 04:23:49
TDB_0005468,105933111,buy,YWJEHHDP9,4076,395.59,2024-06-28 21:54:29
TDB_0005469,127658056,sell,YWJEHHDP9,3131,423.34,2023-11-01 23:26:56
TDB_0005470,833887605,sell,15EHH7NG3,3954,156.56,2024-07-18 17:29:24
TDB_0005471,105933111,buy,292P3LG71,5950,386.18,2023-11-11 18:27:39
TDB_0005472,844783191,sell,Y0S5DJPF7,5362,297.52,2024-03-08 11:11:19
TDB_0005473,407496832,sell,B29432H36,4387,14.91,2024-02-28 16:09:51
TDB_0005474,611250713,sell,15EHH7NG3,84,156.57,2024-08-12 08:29:58
TDB_0005475,813265305,sell,H8ULRR404,4723,160.30,2023-10-12 13:05:39
TDB_0005476,661255455,sell,TX30S8B62,4456,338.53,2024-05-27 07:06:39
TDB_0005477,115447971,buy,5ZSZR4IX3,3674,490.89,2024-09-05 00:24:08
TDB_0005478,674281263,buy,15EHH7NG3,2560,73.35,2023-12-17 15:48:48
TDB_0005479,651286323,sell,RD1OSEVT3,6275,301.89,2024-02-13 01:06:54
TDB_0005480,803264434,sell,B29432H36,5679,297.12,2023-11-05 22:50:15
TDB_0005481,400437068,buy,HSGO3XBM7,9353,265.28,2024-08-25 04:38:25
TDB_0005482,815127386,sell,IJHKIMLJ7,663,155.47,2024-01-09 11:27:06
TDB_0005483,889854561,sell,JS1JBRRF4,3883,350.09,2023-10-25 19:56:25
TDB_0005484,850226336,sell,B29432H36,9106,437.49,2023-09-27 00:11:28
TDB_0005485,268260362,buy,9SUGDF3A0,8621,308.88,2024-03-01 00:54:05
TDB_0005486,651286323,sell,9SUGDF3A0,8967,1.39,2023-11-09 02:14:59
TDB_0005487,798818183,sell,B4VLMJKR4,6194,400.34,2023-12-18 09:57:28
TDB_0005488,982473600,sell,YO02STU92,6093,75.85,2024-06-02 19:30:22
TDB_0005489,594779001,sell,HSGO3XBM7,8620,259.50,2024-01-18 18:04:09
TDB_0005490,400437068,sell,B29432H36,4497,386.90,2024-07-19 20:39:01
TDB_0005491,889854561,sell,JS1JBRRF4,4182,433.41,2024-08-27 08:33:04
TDB_0005492,982473600,sell,B29432H36,4041,307.08,2024-07-18 16:47:25
TDB_0005493,844783191,buy,TX30S8B62,3097,440.90,2024-08-26 17:42:03
TDB_0005494,825810138,buy,Y0S5DJPF7,4613,119.22,2024-02-06 22:56:17
TDB_0005495,107216323,buy,Q99X60AP0,2519,36.27,2024-04-03 07:41:53
TDB_0005496,651286323,buy,156M6YY49,4453,425.20,2023-12-15 08:45:29
TDB_0005497,833887605,buy,IJHKIMLJ7,1398,44.04,2024-08-15 06:37:31
TDB_0005498,844783191,sell,X1LUZZ008,3699,74.49,2024-09-19 01:03:25
TDB_0005499,400437068,sell,5ZSZR4IX3,757,470.98,2024-08-08 20:36:19
TDB_0005500,982473600,buy,CKCVCQPB1,7984,213.57,2024-05-03 13:44:06
TDB_0005501,982473600,buy,YO02STU92,7434,6.40,2024-01-12 07:08:00
TDB_0005502,798818183,sell,YWJEHHDP9,4333,112.94,2023-10-14 18:37:31
TDB_0005503,407496832,sell,Y0S5DJPF7,9896,52.20,2024-01-22 14:25:40
TDB_0005504,825810138,sell,TX30S8B62,6031,450.62,2024-03-24 16:20:51
TDB_0005505,889854561,buy,ZZZ6K86D1,6697,146.16,2024-02-26 11:54:07
TDB_0005506,159570865,sell,3TXH7T4T4,8812,69.96,2024-02-21 14:34:54
TDB_0005507,813265305,sell,Y0S5DJPF7,1022,89.13,2024-07-31 03:59:38
TDB_0005508,850226336,sell,9SUGDF3A0,5579,250.04,2024-03-16 23:08:48
TDB_0005509,107216323,buy,CKCVCQPB1,6306,304.47,2024-06-10 05:48:26
TDB_0005510,844783191,buy,Q99X60AP0,5843,226.15,2024-04-16 18:16:33
TDB_0005511,850226336,sell,15EHH7NG3,3074,225.22,2024-05-11 04:54:02
TDB_0005512,902331019,sell,B29432H36,2300,10.79,2024-01-04 00:55:41
TDB_0005513,674281263,buy,3TXH7T4T4,4080,443.40,2024-02-15 02:23:57
TDB_0005514,107216323,sell,B4VLMJKR4,4997,471.14,2023-10-24 22:04:17
TDB_0005515,889854561,buy,292P3LG71,4703,16.07,2024-01-24 08:02:19
TDB_0005516,645066656,sell,HSGO3XBM7,9677,289.21,2023-11-19 14:21:07
TDB_0005517,594779001,buy,156M6YY49,6221,428.19,2024-06-23 15:10:31
TDB_0005518,813265305,sell,TX30S8B62,8686,223.01,2024-06-03 16:13:39
TDB_0005519,982473600,buy,B29432H36,5962,319.31,2023-12-30 07:26:00
TDB_0005520,159570865,buy,9SUGDF3A0,5542,264.79,2024-04-04 01:20:31
TDB_0005521,105933111,sell,FXC47NHW6,9036,151.81,2023-12-31 20:26:45
TDB_0005522,416091528,buy,V0H365KX1,3303,322.44,2024-03-19 09:44:01
TDB_0005523,803264434,sell,B4VLMJKR4,1842,215.43,2024-01-14 02:25:21
TDB_0005524,798818183,buy,9SUGDF3A0,3482,226.23,2024-06-11 17:15:40
TDB_0005525,407496832,sell,JS1JBRRF4,4923,346.32,2024-09-17 15:26:31
TDB_0005526,594779001,buy,HSGO3XBM7,6921,451.32,2024-09-15 08:19:00
TDB_0005527,416091528,sell,YWJEHHDP9,8463,211.59,2024-01-14 07:22:08
TDB_0005528,825810138,sell,YWJEHHDP9,4825,186.03,2024-09-02 19:30:34
TDB_0005529,798818183,sell,V0H365KX1,282,41.99,2024-05-18 06:09:38
TDB_0005530,268260362,sell,CQBYE29J5,7371,385.56,2024-03-10 14:41:32
TDB_0005531,825810138,sell,CKCVCQPB1,3996,289.96,2024-06-14 10:12:55
TDB_0005532,815127386,buy,B4VLMJKR4,9799,460.68,2023-10-03 16:39:41
TDB_0005533,416091528,sell,YO02STU92,9475,313.26,2024-02-06 12:29:07
TDB_0005534,107216323,sell,FXC47NHW6,3518,59.07,2024-08-18 11:35:57
TDB_0005535,416091528,sell,H8ULRR404,8410,218.74,2023-10-10 10:13:56
TDB_0005536,982473600,sell,YO02STU92,7506,56.76,2024-03-23 18:32:18
TDB_0005537,611250713,buy,FXC47NHW6,5999,189.39,2023-11-06 07:58:08
TDB_0005538,825810138,sell,5ZSZR4IX3,957,368.73,2024-03-08 13:03:02
TDB_0005539,107216323,sell,5ZSZR4IX3,4954,209.29,2024-05-20 20:33:56
TDB_0005540,281014001,buy,B29432H36,3002,164.82,2023-11-18 09:31:10
TDB_0005541,674281263,sell,B4VLMJKR4,6457,214.88,2023-12-09 07:49:11
TDB_0005542,982473600,sell,IJHKIMLJ7,1419,289.02,2024-09-21 17:30:22
TDB_0005543,779099274,sell,JS1JBRRF4,622,357.27,2024-06-06 14:13:55
TDB_0005544,400437068,buy,IJHKIMLJ7,9458,256.46,2024-06-17 08:43:48
TDB_0005545,833887605,sell,B4VLMJKR4,6362,352.08,2023-12-24 06:07:50
TDB_0005546,825810138,sell,9SUGDF3A0,8382,239.33,2023-11-03 02:53:16
TDB_0005547,951998275,buy,292P3LG71,1013,469.12,2024-08-25 12:59:28
TDB_0005548,661255455,buy,IJHKIMLJ7,2253,187.51,2024-03-24 11:13:19
TDB_0005549,813265305,buy,3TXH7T4T4,5386,18.63,2024-04-05 14:43:53
TDB_0005550,645066656,buy,RD1OSEVT3,432,79.35,2024-04-24 07:58:06
TDB_0005551,226651774,sell,3TXH7T4T4,9130,338.56,2024-05-03 10:18:03
TDB_0005552,105933111,buy,X1LUZZ008,5531,150.51,2024-02-27 12:34:23
TDB_0005553,850226336,buy,B29432H36,6455,11.85,2024-06-24 02:31:55
TDB_0005554,268260362,buy,A0XKZ70G1,7612,320.01,2023-11-20 00:16:44
TDB_0005555,416091528,sell,RD1OSEVT3,7567,279.98,2024-09-22 15:22:04
TDB_0005556,803264434,buy,292P3LG71,5273,73.47,2024-02-10 11:42:26
TDB_0005557,115447971,sell,FXC47NHW6,5020,167.10,2024-04-30 08:26:54
TDB_0005558,651286323,sell,TX30S8B62,9533,373.11,2024-06-28 01:56:24
TDB_0005559,611250713,sell,IJHKIMLJ7,1427,346.37,2024-05-10 16:52:05
TDB_0005560,651286323,buy,TX30S8B62,2544,493.51,2024-07-09 23:11:08
TDB_0005561,159570865,buy,B4VLMJKR4,5175,29.59,2023-12-06 04:31:33
TDB_0005562,226651774,sell,3TXH7T4T4,4715,316.16,2023-11-05 17:51:59
TDB_0005563,651286323,sell,TX30S8B62,9796,497.68,2024-04-19 20:43:09
TDB_0005564,674281263,sell,CKCVCQPB1,3869,121.16,2024-06-07 10:06:43
TDB_0005565,661255455,sell,B4VLMJKR4,3071,348.33,2024-02-02 11:51:55
TDB_0005566,844783191,sell,TX30S8B62,3175,384.96,2024-01-12 07:29:02
TDB_0005567,611250713,buy,YO02STU92,5546,250.70,2024-01-05 05:31:55
TDB_0005568,661255455,buy,HSGO3XBM7,4583,166.41,2024-02-08 07:54:31
TDB_0005569,833887605,buy,YWJEHHDP9,7737,264.22,2024-04-25 13:28:21
TDB_0005570,281014001,buy,3TXH7T4T4,9918,292.25,2023-11-04 21:35:45
TDB_0005571,281014001,sell,JS1JBRRF4,1242,230.53,2024-09-01 10:20:33
TDB_0005572,951998275,sell,CKCVCQPB1,5528,393.39,2024-06-14 11:24:49
TDB_0005573,813265305,sell,V0H365KX1,4847,404.83,2023-11-24 18:11:30
TDB_0005574,105933111,buy,FXC47NHW6,6674,92.10,2024-08-27 07:18:16
TDB_0005575,400437068,buy,H8ULRR404,8109,376.80,2023-10-02 05:44:20
TDB_0005576,115447971,buy,RD1OSEVT3,2473,268.20,2024-04-14 03:06:45
TDB_0005577,889854561,buy,Y0S5DJPF7,7061,388.41,2024-09-08 02:26:20
TDB_0005578,107216323,sell,Y0S5DJPF7,4572,406.01,2023-10-12 20:26:45
TDB_0005579,651286323,sell,5ZSZR4IX3,8307,391.04,2024-05-25 08:37:12
TDB_0005580,815127386,buy,V0H365KX1,3225,132.47,2024-09-06 01:30:11
TDB_0005581,674281263,sell,V0H365KX1,4928,206.19,2024-08-28 14:46:24
TDB_0005582,268260362,buy,JS1JBRRF4,919,406.06,2024-08-28 08:42:43
TDB_0005583,645066656,buy,V0H365KX1,9006,273.06,2024-02-29 12:50:29
TDB_0005584,416091528,sell,5ZSZR4IX3,4032,81.46,2024-08-30 14:54:38
TDB_0005585,127658056,buy,V0H365KX1,7548,1.33,2024-08-23 01:59:21
TDB_0005586,281014001,buy,ZZZ6K86D1,9887,422.93,2023-11-12 00:36:52
TDB_0005587,813265305,sell,15EHH7NG3,5830,401.80,2024-01-31 15:17:48
TDB_0005588,779099274,sell,YWJEHHDP9,740,115.97,2023-11-11 14:11:50
TDB_0005589,889854561,buy,FXC47NHW6,9521,107.71,2023-10-13 11:16:21
TDB_0005590,661255455,buy,Y0S5DJPF7,5054,343.93,2024-03-12 22:55:16
TDB_0005591,813265305,buy,Y0S5DJPF7,5742,105.71,2023-12-25 02:04:50
TDB_0005592,798818183,buy,YWJEHHDP9,295,226.72,2024-08-01 17:20:34
TDB_0005593,115447971,buy,IJHKIMLJ7,5066,491.33,2024-04-20 08:03:20
TDB_0005594,825810138,buy,292P3LG71,8863,168.56,2023-10-11 23:14:52
TDB_0005595,400437068,sell,V0H365KX1,6362,316.11,2024-05-21 23:35:04
TDB_0005596,105933111,sell,5ZSZR4IX3,4047,120.65,2024-05-21 10:45:00
TDB_0005597,982473600,sell,292P3LG71,7322,148.95,2023-12-15 07:16:28
TDB_0005598,105933111,buy,B29432H36,724,51.10,2024-02-18 00:09:08
TDB_0005599,661255455,buy,TX30S8B62,7718,351.45,2024-05-05 13:59:55
TDB_0005600,674281263,sell,15EHH7NG3,8139,412.32,2024-02-05 14:05:26
TDB_0005601,416091528,buy,V0H365KX1,7700,437.39,2024-06-18 09:52:20
TDB_0005602,115447971,sell,TX30S8B62,1513,133.55,2024-08-19 20:45:22
TDB_0005603,674281263,sell,CKCVCQPB1,3612,275.16,2024-03-15 05:41:57
TDB_0005604,902331019,sell,TX30S8B62,879,340.35,2024-05-30 23:00:28
TDB_0005605,594779001,sell,V0H365KX1,4063,412.39,2023-10-27 10:22:22
TDB_0005606,833887605,buy,B29432H36,9380,233.49,2024-08-20 10:39:14
TDB_0005607,416091528,sell,RD1OSEVT3,1433,362.13,2024-05-03 01:47:11
TDB_0005608,115447971,buy,HSGO3XBM7,590,76.29,2024-04-19 09:02:46
TDB_0005609,889854561,sell,TX30S8B62,6491,159.39,2024-01-09 18:15:17
TDB_0005610,105933111,buy,X1LUZZ008,6493,425.07,2024-02-17 12:54:26
TDB_0005611,407496832,sell,15EHH7NG3,4564,493.10,2023-12-29 02:39:35
TDB_0005612,226651774,sell,A0XKZ70G1,3550,328.60,2023-12-08 20:33:42
TDB_0005613,833887605,sell,RD1OSEVT3,9355,462.93,2024-06-10 12:45:07
TDB_0005614,159570865,buy,YO02STU92,6704,434.33,2024-04-01 08:58:46
TDB_0005615,226651774,sell,3TXH7T4T4,4691,137.76,2023-12-06 17:44:12
TDB_0005616,982473600,sell,9SUGDF3A0,898,402.26,2023-12-16 10:49:54
TDB_0005617,226651774,buy,FXC47NHW6,6136,331.95,2023-12-04 16:00:02
TDB_0005618,400437068,buy,YWJEHHDP9,394,159.33,2024-03-13 15:34:19
TDB_0005619,844783191,sell,292P3LG71,148,340.92,2024-03-18 14:00:52
TDB_0005620,159570865,sell,CKCVCQPB1,5079,308.88,2024-06-22 06:45:49
TDB_0005621,815127386,sell,3TXH7T4T4,3414,23.56,2024-02-09 18:20:16
TDB_0005622,850226336,buy,3TXH7T4T4,3160,140.19,2024-06-09 07:48:26
TDB_0005623,407496832,sell,Y0S5DJPF7,3597,265.77,2023-11-26 19:29:00
TDB_0005624,416091528,sell,ZZZ6K86D1,5273,174.60,2024-02-17 00:50:42
TDB_0005625,951998275,buy,HSGO3XBM7,7198,366.69,2024-08-11 07:41:52
TDB_0005626,159570865,sell,TX30S8B62,8947,212.59,2024-06-19 09:16:21
TDB_0005627,105933111,sell,H8ULRR404,8553,88.85,2024-06-17 07:39:57
TDB_0005628,407496832,sell,CKCVCQPB1,2487,14.09,2024-04-03 08:21:32
TDB_0005629,645066656,sell,H8ULRR404,9296,12.15,2024-01-27 14:17:46
TDB_0005630,813265305,sell,CKCVCQPB1,2448,421.80,2024-06-16 03:24:49
TDB_0005631,803264434,buy,9SUGDF3A0,6472,465.24,2023-12-31 04:40:57
TDB_0005632,105933111,buy,CQBYE29J5,2090,217.76,2024-04-04 14:52:03
TDB_0005633,779099274,sell,CKCVCQPB1,9404,41.29,2024-02-11 02:50:56
TDB_0005634,661255455,sell,B29432H36,5756,492.68,2024-02-09 10:18:53
TDB_0005635,674281263,sell,A0XKZ70G1,8857,465.14,2023-11-22 02:05:54
TDB_0005636,651286323,buy,V0H365KX1,8765,82.66,2024-05-03 17:31:15
TDB_0005637,594779001,sell,H8ULRR404,9572,267.46,2023-10-22 13:16:17
TDB_0005638,798818183,sell,CQBYE29J5,6925,208.68,2024-02-10 17:13:05
TDB_0005639,803264434,sell,JS1JBRRF4,8222,15.42,2023-11-25 18:03:06
TDB_0005640,850226336,sell,B29432H36,8685,241.26,2024-04-18 03:19:05
TDB_0005641,226651774,buy,156M6YY49,5993,112.09,2024-01-27 10:25:08
TDB_0005642,902331019,sell,Q99X60AP0,2236,59.56,2023-11-20 16:13:25
TDB_0005643,850226336,sell,Q99X60AP0,8692,396.47,2024-04-21 15:41:38
TDB_0005644,115447971,buy,156M6YY49,3913,451.36,2024-04-11 15:31:37
TDB_0005645,825810138,buy,292P3LG71,9431,231.04,2024-04-16 17:36:05
TDB_0005646,815127386,buy,JS1JBRRF4,7095,361.13,2024-06-05 13:00:58
TDB_0005647,107216323,sell,3TXH7T4T4,9398,47.23,2024-03-11 03:07:15
TDB_0005648,982473600,sell,TX30S8B62,6684,285.63,2024-04-25 02:55:09
TDB_0005649,889854561,buy,A0XKZ70G1,8198,389.81,2024-02-03 05:18:51
TDB_0005650,400437068,buy,H8ULRR404,1547,11.87,2023-11-14 02:15:18
TDB_0005651,982473600,buy,V0H365KX1,2100,112.26,2024-04-10 14:28:40
TDB_0005652,107216323,sell,IJHKIMLJ7,1214,144.15,2023-11-04 08:47:54
TDB_0005653,281014001,sell,CKCVCQPB1,7175,23.32,2024-03-22 08:15:47
TDB_0005654,651286323,sell,HSGO3XBM7,3991,440.26,2024-06-11 23:21:03
TDB_0005655,226651774,buy,15EHH7NG3,3645,235.83,2024-07-10 03:05:12
TDB_0005656,226651774,buy,3TXH7T4T4,6466,134.60,2024-04-03 13:02:06
TDB_0005657,661255455,buy,B29432H36,7584,484.91,2024-08-01 15:49:20
TDB_0005658,105933111,buy,9SUGDF3A0,6868,66.65,2023-12-30 06:13:52
TDB_0005659,889854561,sell,9SUGDF3A0,7678,221.43,2024-07-06 18:18:55
TDB_0005660,661255455,sell,5ZSZR4IX3,227,362.92,2023-12-24 23:24:08
TDB_0005661,798818183,sell,3TXH7T4T4,5198,259.76,2024-07-07 01:28:40
TDB_0005662,661255455,buy,FXC47NHW6,1560,485.27,2024-05-19 17:20:41
TDB_0005663,779099274,sell,RD1OSEVT3,2893,350.57,2024-08-19 18:48:41
TDB_0005664,889854561,sell,292P3LG71,8415,26.56,2024-04-08 06:47:14
TDB_0005665,107216323,sell,HSGO3XBM7,7260,140.45,2023-10-24 08:18:06
TDB_0005666,902331019,buy,RD1OSEVT3,4995,191.40,2024-03-05 10:43:18
TDB_0005667,798818183,sell,V0H365KX1,1279,405.74,2024-08-07 22:55:58
TDB_0005668,803264434,buy,IJHKIMLJ7,9532,339.19,2023-11-28 03:17:31
TDB_0005669,105933111,buy,YWJEHHDP9,1628,93.28,2024-07-25 10:26:21
TDB_0005670,268260362,buy,JS1JBRRF4,409,187.77,2023-10-21 10:33:45
TDB_0005671,951998275,sell,IJHKIMLJ7,5818,396.59,2024-08-20 00:17:27
TDB_0005672,159570865,sell,B29432H36,417,262.11,2024-03-19 09:45:23
TDB_0005673,844783191,buy,IJHKIMLJ7,8682,266.31,2024-04-01 03:53:02
TDB_0005674,982473600,sell,IJHKIMLJ7,1974,2.00,2024-06-08 02:22:28
TDB_0005675,400437068,sell,IJHKIMLJ7,3424,18.79,2023-12-23 06:52:12
TDB_0005676,268260362,buy,RD1OSEVT3,9636,5.89,2024-07-03 03:05:06
TDB_0005677,661255455,buy,292P3LG71,8481,345.19,2023-11-15 13:21:45
TDB_0005678,127658056,buy,5ZSZR4IX3,7960,105.45,2023-10-23 12:24:36
TDB_0005679,902331019,sell,CQBYE29J5,113,219.62,2023-12-17 15:12:13
TDB_0005680,400437068,sell,CQBYE29J5,1227,365.83,2024-08-05 01:09:24
TDB_0005681,813265305,sell,156M6YY49,1363,468.62,2023-12-25 13:49:42
TDB_0005682,107216323,buy,3TXH7T4T4,6510,415.50,2024-07-11 07:19:38
TDB_0005683,400437068,sell,RD1OSEVT3,5955,134.44,2023-11-21 04:07:09
TDB_0005684,416091528,buy,FXC47NHW6,6821,195.24,2024-06-11 06:17:05
TDB_0005685,813265305,sell,H8ULRR404,4225,196.45,2024-03-04 12:26:10
TDB_0005686,803264434,buy,9SUGDF3A0,8438,481.66,2024-04-09 01:15:50
TDB_0005687,611250713,buy,292P3LG71,5544,441.73,2024-09-20 12:15:36
TDB_0005688,674281263,sell,FXC47NHW6,9040,318.02,2024-07-20 14:58:19
TDB_0005689,281014001,sell,JS1JBRRF4,2012,33.01,2023-10-05 00:44:27
TDB_0005690,127658056,buy,B29432H36,3485,244.74,2024-02-26 03:40:32
TDB_0005691,850226336,sell,V0H365KX1,7764,451.70,2024-06-04 01:24:03
TDB_0005692,127658056,buy,JS1JBRRF4,1101,262.78,2024-07-09 14:04:03
TDB_0005693,281014001,sell,CKCVCQPB1,2766,255.54,2024-09-21 04:18:19
TDB_0005694,651286323,sell,5ZSZR4IX3,7016,333.60,2024-02-24 16:23:45
TDB_0005695,611250713,buy,292P3LG71,2673,452.37,2024-02-13 05:20:47
TDB_0005696,850226336,sell,B4VLMJKR4,5846,27.28,2023-10-17 21:51:34
TDB_0005697,815127386,buy,FXC47NHW6,4161,468.85,2024-09-09 15:34:40
TDB_0005698,813265305,buy,H8ULRR404,1304,41.42,2024-04-30 03:26:57
TDB_0005699,813265305,buy,B29432H36,4553,436.90,2024-01-27 17:19:25
TDB_0005700,779099274,sell,292P3LG71,3162,278.19,2024-03-12 12:42:47
TDB_0005701,416091528,sell,X1LUZZ008,3699,397.45,2024-02-19 23:47:02
TDB_0005702,889854561,sell,3TXH7T4T4,9315,240.06,2024-04-18 16:27:57
TDB_0005703,226651774,sell,B4VLMJKR4,8744,393.72,2024-05-02 11:44:43
TDB_0005704,798818183,sell,B29432H36,6758,166.21,2024-01-20 11:36:56
TDB_0005705,982473600,sell,YWJEHHDP9,987,355.47,2024-06-22 23:39:49
TDB_0005706,889854561,buy,ZZZ6K86D1,4197,35.70,2024-07-28 02:50:58
TDB_0005707,115447971,sell,3TXH7T4T4,2147,165.87,2024-04-06 21:16:26
TDB_0005708,951998275,sell,IJHKIMLJ7,7901,211.10,2024-01-13 06:26:29
TDB_0005709,844783191,sell,ZZZ6K86D1,7251,81.84,2024-05-03 07:12:19
TDB_0005710,651286323,sell,Y0S5DJPF7,8206,199.41,2024-04-18 10:35:19
TDB_0005711,105933111,sell,Y0S5DJPF7,2561,154.53,2024-02-27 03:02:56
TDB_0005712,127658056,buy,HSGO3XBM7,6986,241.10,2024-05-12 23:24:11
TDB_0005713,803264434,sell,YWJEHHDP9,4251,348.50,2024-06-01 19:27:37
TDB_0005714,611250713,buy,H8ULRR404,4509,483.68,2024-08-18 18:13:14
TDB_0005715,889854561,sell,V0H365KX1,7676,21.13,2024-07-03 18:42:15
TDB_0005716,281014001,buy,Q99X60AP0,5368,374.75,2023-12-18 16:09:59
TDB_0005717,416091528,sell,B29432H36,6831,405.21,2024-02-22 17:58:24
TDB_0005718,850226336,sell,YWJEHHDP9,931,40.45,2024-04-06 19:27:48
TDB_0005719,844783191,sell,FXC47NHW6,4971,320.56,2023-10-04 20:14:09
TDB_0005720,803264434,sell,V0H365KX1,3437,311.97,2024-07-25 19:55:41
TDB_0005721,127658056,buy,ZZZ6K86D1,9885,306.96,2023-11-15 08:44:08
TDB_0005722,268260362,sell,HSGO3XBM7,4858,119.55,2024-03-24 17:42:32
TDB_0005723,416091528,sell,ZZZ6K86D1,2711,200.24,2023-10-01 11:54:36
TDB_0005724,400437068,sell,X1LUZZ008,4098,271.50,2024-04-23 12:06:57
TDB_0005725,115447971,sell,H8ULRR404,4030,424.13,2023-12-22 10:44:07
TDB_0005726,833887605,buy,9SUGDF3A0,8428,152.38,2024-09-01 00:25:01
TDB_0005727,833887605,buy,CQBYE29J5,8016,323.01,2024-05-16 16:30:08
TDB_0005728,115447971,buy,RD1OSEVT3,8508,121.54,2024-02-10 19:39:32
TDB_0005729,798818183,buy,ZZZ6K86D1,5303,87.79,2024-02-29 23:29:48
TDB_0005730,115447971,sell,JS1JBRRF4,4137,216.17,2024-03-05 03:29:06
TDB_0005731,825810138,buy,5ZSZR4IX3,852,402.17,2023-10-24 03:15:46
TDB_0005732,645066656,sell,CQBYE29J5,7841,412.52,2024-02-10 06:27:56
TDB_0005733,407496832,sell,JS1JBRRF4,5859,302.38,2024-08-03 14:53:38
TDB_0005734,825810138,sell,CKCVCQPB1,2488,255.81,2023-12-21 03:07:14
TDB_0005735,889854561,sell,156M6YY49,451,179.60,2024-05-07 20:01:46
TDB_0005736,105933111,sell,IJHKIMLJ7,9962,30.84,2023-10-31 04:30:20
TDB_0005737,815127386,buy,5ZSZR4IX3,3144,125.62,2024-05-05 17:59:11
TDB_0005738,416091528,sell,X1LUZZ008,279,487.03,2024-05-22 01:38:59
TDB_0005739,889854561,buy,HSGO3XBM7,3818,78.39,2024-01-24 06:06:24
TDB_0005740,825810138,buy,5ZSZR4IX3,9902,159.10,2024-03-24 06:25:56
TDB_0005741,226651774,buy,3TXH7T4T4,6331,85.51,2023-09-27 15:03:21
TDB_0005742,268260362,sell,HSGO3XBM7,374,63.98,2024-09-13 05:34:32
TDB_0005743,107216323,sell,V0H365KX1,66,234.71,2024-03-15 21:46:07
TDB_0005744,951998275,buy,B29432H36,3878,95.29,2024-05-20 19:40:22
TDB_0005745,674281263,sell,JS1JBRRF4,5610,470.51,2024-05-23 21:11:51
TDB_0005746,105933111,buy,RD1OSEVT3,7126,213.16,2024-08-26 01:35:06
TDB_0005747,850226336,sell,YO02STU92,7003,265.01,2024-01-31 00:27:21
TDB_0005748,268260362,sell,292P3LG71,8532,154.91,2024-03-21 03:21:03
TDB_0005749,407496832,buy,X1LUZZ008,5117,391.05,2024-04-18 13:13:22
TDB_0005750,594779001,buy,YO02STU92,7480,482.89,2023-10-11 12:11:08
TDB_0005751,902331019,sell,TX30S8B62,226,176.76,2024-05-31 00:50:47
TDB_0005752,226651774,sell,IJHKIMLJ7,8757,347.96,2023-12-20 16:35:52
TDB_0005753,825810138,sell,YWJEHHDP9,4096,496.12,2024-05-09 16:22:48
TDB_0005754,281014001,buy,JS1JBRRF4,1560,51.53,2024-05-23 07:53:34
TDB_0005755,645066656,sell,B29432H36,2756,250.93,2024-02-12 00:45:19
TDB_0005756,674281263,sell,YWJEHHDP9,2575,487.49,2024-03-23 18:23:35
TDB_0005757,803264434,sell,JS1JBRRF4,105,22.10,2024-01-18 14:50:55
TDB_0005758,803264434,sell,RD1OSEVT3,1600,470.16,2024-05-18 13:17:04
TDB_0005759,107216323,buy,FXC47NHW6,86,342.11,2024-04-19 14:36:46
TDB_0005760,400437068,sell,X1LUZZ008,9037,386.40,2024-05-01 11:09:21
TDB_0005761,951998275,buy,IJHKIMLJ7,1833,14.59,2024-02-02 10:11:33
TDB_0005762,645066656,buy,5ZSZR4IX3,4513,476.06,2024-09-24 18:52:46
TDB_0005763,661255455,buy,ZZZ6K86D1,7403,185.13,2024-01-27 04:42:58
TDB_0005764,159570865,buy,CQBYE29J5,6175,332.91,2024-04-04 03:26:04
TDB_0005765,661255455,buy,FXC47NHW6,8489,465.21,2024-09-03 11:00:03
TDB_0005766,825810138,buy,RD1OSEVT3,2260,315.33,2024-01-06 20:11:07
TDB_0005767,813265305,sell,156M6YY49,7385,404.82,2023-11-06 09:42:33
TDB_0005768,416091528,buy,A0XKZ70G1,8438,186.32,2023-12-15 19:08:03
TDB_0005769,661255455,buy,B4VLMJKR4,1292,42.75,2024-08-03 03:01:19
TDB_0005770,844783191,sell,292P3LG71,248,218.80,2024-05-02 19:10:50
TDB_0005771,226651774,sell,CQBYE29J5,6272,183.70,2024-08-15 00:03:13
TDB_0005772,159570865,sell,JS1JBRRF4,2613,0.10,2024-07-10 15:52:05
TDB_0005773,107216323,buy,HSGO3XBM7,644,421.94,2024-04-14 06:12:29
TDB_0005774,844783191,buy,H8ULRR404,2956,419.59,2024-08-23 23:37:31
TDB_0005775,226651774,buy,B4VLMJKR4,3248,1.50,2024-05-19 09:31:25
TDB_0005776,651286323,buy,H8ULRR404,6170,188.63,2024-04-30 05:00:40
TDB_0005777,645066656,buy,RD1OSEVT3,3435,456.95,2023-10-30 15:22:28
TDB_0005778,674281263,sell,FXC47NHW6,7636,417.22,2023-12-06 08:21:49
TDB_0005779,107216323,buy,RD1OSEVT3,269,64.26,2024-02-05 13:39:19
TDB_0005780,400437068,sell,15EHH7NG3,2627,0.98,2024-08-20 11:47:42
TDB_0005781,107216323,sell,HSGO3XBM7,4519,445.53,2023-11-24 00:25:15
TDB_0005782,407496832,sell,15EHH7NG3,3394,139.43,2024-09-25 13:38:59
TDB_0005783,407496832,sell,CQBYE29J5,2009,149.51,2024-04-30 01:52:47
TDB_0005784,107216323,sell,5ZSZR4IX3,8149,127.14,2023-12-05 01:30:39
TDB_0005785,281014001,buy,JS1JBRRF4,7249,250.84,2024-04-20 08:04:49
TDB_0005786,115447971,sell,ZZZ6K86D1,7218,433.95,2023-10-30 21:37:25
TDB_0005787,779099274,sell,CKCVCQPB1,1815,11.53,2024-01-28 04:52:15
TDB_0005788,889854561,sell,5ZSZR4IX3,2974,28.58,2024-08-21 08:29:44
TDB_0005789,159570865,sell,5ZSZR4IX3,938,410.85,2024-01-29 09:00:24
TDB_0005790,281014001,sell,CKCVCQPB1,6511,417.63,2023-12-28 08:41:03
TDB_0005791,105933111,sell,HSGO3XBM7,1119,485.25,2023-10-22 00:36:30
TDB_0005792,407496832,sell,V0H365KX1,4484,281.03,2024-03-03 12:39:27
TDB_0005793,651286323,sell,Y0S5DJPF7,7092,71.89,2024-07-23 04:38:07
TDB_0005794,107216323,sell,IJHKIMLJ7,6636,497.25,2024-01-19 18:25:43
TDB_0005795,798818183,sell,B4VLMJKR4,5835,263.52,2024-01-27 21:10:56
TDB_0005796,645066656,buy,CQBYE29J5,8271,29.01,2024-03-06 14:02:38
TDB_0005797,611250713,buy,A0XKZ70G1,7154,437.13,2024-02-10 07:12:30
TDB_0005798,226651774,buy,V0H365KX1,291,255.28,2024-09-01 08:54:05
TDB_0005799,281014001,sell,CQBYE29J5,8132,376.99,2024-04-27 07:15:06
TDB_0005800,651286323,sell,3TXH7T4T4,7896,350.88,2023-09-30 19:49:36
TDB_0005801,798818183,sell,292P3LG71,2308,158.19,2023-10-16 05:55:37
TDB_0005802,651286323,sell,FXC47NHW6,8642,414.57,2024-03-19 01:15:10
TDB_0005803,645066656,buy,Q99X60AP0,6801,302.78,2023-10-15 08:27:13
TDB_0005804,803264434,sell,HSGO3XBM7,5356,402.65,2024-09-19 16:25:47
TDB_0005805,416091528,buy,15EHH7NG3,3514,8.31,2024-03-07 23:11:32
TDB_0005806,107216323,sell,YWJEHHDP9,4124,81.47,2023-11-04 17:00:03
TDB_0005807,268260362,sell,FXC47NHW6,6326,354.20,2024-06-11 21:49:20
TDB_0005808,281014001,sell,A0XKZ70G1,7347,467.67,2024-05-08 18:59:50
TDB_0005809,416091528,buy,H8ULRR404,5642,227.27,2024-08-10 16:08:04
TDB_0005810,850226336,sell,B4VLMJKR4,8628,137.49,2024-05-03 11:24:09
TDB_0005811,159570865,buy,292P3LG71,4397,41.70,2024-02-10 17:34:14
TDB_0005812,779099274,sell,X1LUZZ008,6418,267.55,2023-11-04 06:45:10
TDB_0005813,159570865,sell,Q99X60AP0,8105,395.63,2023-11-02 16:21:36
TDB_0005814,127658056,sell,YO02STU92,1660,250.90,2024-03-03 11:53:01
TDB_0005815,779099274,buy,3TXH7T4T4,7372,41.44,2023-12-23 08:36:43
TDB_0005816,803264434,buy,HSGO3XBM7,4008,452.19,2024-09-15 01:37:28
TDB_0005817,105933111,sell,V0H365KX1,6747,283.30,2024-04-22 16:47:33
TDB_0005818,400437068,buy,156M6YY49,9876,404.04,2024-01-11 05:35:46
TDB_0005819,779099274,sell,CQBYE29J5,3194,104.34,2024-07-18 03:30:40
TDB_0005820,594779001,sell,B29432H36,3117,161.23,2023-11-16 15:51:53
TDB_0005821,159570865,sell,RD1OSEVT3,4400,81.49,2024-08-05 15:07:34
TDB_0005822,416091528,sell,Y0S5DJPF7,6054,246.58,2023-10-05 12:40:13
TDB_0005823,951998275,buy,X1LUZZ008,2487,391.38,2023-10-21 05:36:04
TDB_0005824,226651774,sell,YO02STU92,1166,347.37,2023-11-23 00:53:38
TDB_0005825,159570865,sell,HSGO3XBM7,1860,207.78,2023-10-09 21:01:51
TDB_0005826,951998275,sell,5ZSZR4IX3,647,53.94,2023-11-03 12:10:27
TDB_0005827,107216323,sell,Y0S5DJPF7,3423,30.80,2024-08-16 10:30:41
TDB_0005828,416091528,sell,H8ULRR404,2460,48.40,2024-05-09 14:37:07
TDB_0005829,902331019,sell,V0H365KX1,5081,212.26,2023-12-20 22:14:15
TDB_0005830,951998275,sell,156M6YY49,2224,182.29,2024-01-22 11:49:47
TDB_0005831,105933111,buy,A0XKZ70G1,6786,476.41,2024-01-21 01:22:10
TDB_0005832,226651774,sell,RD1OSEVT3,7980,447.09,2023-11-18 05:40:57
TDB_0005833,813265305,sell,HSGO3XBM7,108,382.33,2024-05-15 21:28:02
TDB_0005834,982473600,sell,H8ULRR404,9699,404.03,2023-11-08 09:47:44
TDB_0005835,982473600,buy,CKCVCQPB1,9242,62.15,2024-01-11 16:15:01
TDB_0005836,815127386,buy,H8ULRR404,4225,39.26,2023-10-16 23:02:19
TDB_0005837,803264434,buy,5ZSZR4IX3,4441,170.31,2024-07-06 19:05:54
TDB_0005838,779099274,sell,B29432H36,6242,389.72,2024-08-07 17:02:28
TDB_0005839,115447971,buy,Q99X60AP0,4258,423.19,2024-07-02 12:47:54
TDB_0005840,594779001,sell,Q99X60AP0,2316,44.27,2024-08-03 22:29:25
TDB_0005841,645066656,sell,15EHH7NG3,9781,459.73,2023-12-28 23:38:36
TDB_0005842,268260362,sell,ZZZ6K86D1,4433,284.25,2023-12-26 14:37:37
TDB_0005843,815127386,buy,292P3LG71,7304,106.44,2024-03-30 13:19:37
TDB_0005844,902331019,sell,A0XKZ70G1,8477,307.69,2024-06-17 02:45:18
TDB_0005845,268260362,sell,B29432H36,9231,153.52,2024-05-31 22:33:57
TDB_0005846,803264434,sell,292P3LG71,4772,236.97,2024-02-04 21:16:29
TDB_0005847,281014001,buy,15EHH7NG3,3319,258.65,2024-08-20 04:29:20
TDB_0005848,815127386,sell,Y0S5DJPF7,1419,415.86,2023-10-05 02:10:45
TDB_0005849,268260362,buy,A0XKZ70G1,1643,251.46,2023-12-05 23:50:18
TDB_0005850,850226336,sell,FXC47NHW6,7435,470.08,2024-07-28 20:37:11
TDB_0005851,850226336,buy,B4VLMJKR4,6187,37.03,2024-08-15 06:36:23
TDB_0005852,594779001,buy,TX30S8B62,807,330.05,2023-11-28 22:51:41
TDB_0005853,798818183,buy,RD1OSEVT3,2068,181.72,2024-05-17 12:30:53
TDB_0005854,779099274,sell,YO02STU92,5329,358.70,2024-05-15 00:40:31
TDB_0005855,982473600,sell,YO02STU92,9721,479.22,2024-04-18 08:26:12
TDB_0005856,159570865,sell,YWJEHHDP9,534,155.06,2024-06-04 14:16:16
TDB_0005857,902331019,buy,Y0S5DJPF7,5716,36.46,2024-03-21 21:11:20
TDB_0005858,951998275,sell,X1LUZZ008,2925,304.21,2024-07-22 13:13:08
TDB_0005859,813265305,buy,H8ULRR404,771,135.45,2024-02-17 22:03:36
TDB_0005860,226651774,sell,15EHH7NG3,2772,243.47,2023-11-29 09:28:01
TDB_0005861,825810138,buy,Q99X60AP0,1418,215.84,2024-06-21 06:19:13
TDB_0005862,798818183,sell,A0XKZ70G1,8393,183.82,2024-04-18 11:17:46
TDB_0005863,105933111,sell,ZZZ6K86D1,3149,58.02,2024-07-17 20:01:41
TDB_0005864,850226336,sell,TX30S8B62,701,349.93,2024-05-12 06:26:56
TDB_0005865,850226336,buy,V0H365KX1,6575,416.48,2024-02-17 10:39:40
TDB_0005866,115447971,buy,Y0S5DJPF7,8278,279.38,2023-12-16 00:47:49
TDB_0005867,850226336,sell,9SUGDF3A0,215,260.94,2023-11-15 15:30:24
TDB_0005868,645066656,buy,RD1OSEVT3,7790,347.47,2024-07-14 00:28:56
TDB_0005869,159570865,buy,Q99X60AP0,1037,76.20,2024-08-20 02:33:46
TDB_0005870,400437068,sell,3TXH7T4T4,6377,24.22,2024-03-11 23:32:52
TDB_0005871,779099274,buy,V0H365KX1,127,366.95,2024-07-14 15:44:01
TDB_0005872,127658056,sell,TX30S8B62,4066,293.85,2024-06-13 18:24:39
TDB_0005873,400437068,buy,YWJEHHDP9,2534,148.79,2024-05-21 06:43:27
TDB_0005874,798818183,sell,YO02STU92,71,255.23,2024-08-10 01:31:06
TDB_0005875,902331019,buy,CQBYE29J5,1929,208.16,2024-07-25 15:03:01
TDB_0005876,115447971,buy,JS1JBRRF4,7552,45.05,2024-05-17 10:05:59
TDB_0005877,844783191,buy,CKCVCQPB1,822,80.87,2024-07-16 02:07:42
TDB_0005878,268260362,buy,B4VLMJKR4,740,36.94,2024-01-13 10:34:48
TDB_0005879,825810138,sell,156M6YY49,6470,112.16,2024-01-15 15:37:38
TDB_0005880,226651774,buy,156M6YY49,5178,396.09,2024-03-17 06:12:27
TDB_0005881,844783191,sell,5ZSZR4IX3,3757,176.38,2023-12-30 04:53:56
TDB_0005882,127658056,sell,TX30S8B62,4833,304.57,2024-09-08 16:56:09
TDB_0005883,127658056,buy,Q99X60AP0,1030,203.39,2023-11-17 11:04:56
TDB_0005884,226651774,buy,A0XKZ70G1,2951,337.87,2023-12-07 06:30:00
TDB_0005885,661255455,buy,JS1JBRRF4,6259,294.55,2023-10-09 11:32:00
TDB_0005886,902331019,buy,JS1JBRRF4,2508,93.97,2023-11-09 10:07:05
TDB_0005887,674281263,sell,B4VLMJKR4,2547,362.36,2023-09-28 20:42:26
TDB_0005888,825810138,sell,TX30S8B62,345,240.40,2023-09-29 04:30:03
TDB_0005889,661255455,buy,CKCVCQPB1,5649,349.78,2024-07-22 10:11:09
TDB_0005890,844783191,sell,HSGO3XBM7,2810,429.31,2024-08-21 06:14:24
TDB_0005891,889854561,buy,HSGO3XBM7,3284,87.72,2023-10-23 11:38:01
TDB_0005892,803264434,buy,TX30S8B62,9698,356.13,2024-08-14 21:48:43
TDB_0005893,674281263,buy,15EHH7NG3,9793,482.00,2023-10-08 09:22:41
TDB_0005894,226651774,buy,JS1JBRRF4,7928,486.28,2024-03-14 20:27:26
TDB_0005895,105933111,sell,Q99X60AP0,802,89.71,2024-07-07 00:51:03
TDB_0005896,813265305,buy,B4VLMJKR4,9656,316.53,2024-06-10 17:02:02
TDB_0005897,661255455,buy,RD1OSEVT3,314,92.91,2024-06-07 04:56:45
TDB_0005898,611250713,buy,B29432H36,8104,52.72,2024-04-06 23:57:37
TDB_0005899,611250713,sell,15EHH7NG3,3634,443.04,2024-01-23 10:06:47
TDB_0005900,833887605,buy,A0XKZ70G1,2289,316.22,2024-05-26 16:09:42
TDB_0005901,798818183,sell,IJHKIMLJ7,2099,297.89,2024-06-28 09:20:02
TDB_0005902,281014001,buy,B29432H36,7598,454.20,2023-10-30 18:24:05
TDB_0005903,281014001,sell,B4VLMJKR4,6072,342.83,2024-03-17 14:12:07
TDB_0005904,107216323,sell,TX30S8B62,369,322.68,2024-01-24 06:49:53
TDB_0005905,107216323,sell,V0H365KX1,6378,8.12,2023-12-09 09:49:53
TDB_0005906,611250713,sell,V0H365KX1,5010,282.96,2023-12-17 09:33:58
TDB_0005907,889854561,buy,V0H365KX1,8684,233.93,2023-12-25 23:21:49
TDB_0005908,833887605,sell,B4VLMJKR4,2616,258.78,2023-11-25 06:22:15
TDB_0005909,127658056,sell,Q99X60AP0,3224,417.49,2024-01-16 10:09:51
TDB_0005910,416091528,sell,15EHH7NG3,9849,272.71,2023-10-29 04:25:22
TDB_0005911,779099274,buy,YO02STU92,4004,230.55,2024-05-15 09:45:41
TDB_0005912,159570865,sell,A0XKZ70G1,9520,107.84,2024-07-30 15:14:38
TDB_0005913,813265305,sell,HSGO3XBM7,6092,142.56,2024-01-16 00:16:53
TDB_0005914,105933111,sell,FXC47NHW6,8020,453.34,2024-09-22 18:07:08
TDB_0005915,281014001,buy,V0H365KX1,6630,464.34,2024-02-16 15:28:22
TDB_0005916,798818183,sell,B29432H36,7835,426.02,2024-03-17 02:45:18
TDB_0005917,594779001,sell,JS1JBRRF4,8218,219.15,2024-09-24 20:35:00
TDB_0005918,400437068,sell,15EHH7NG3,8627,29.02,2023-11-25 16:20:46
TDB_0005919,407496832,buy,A0XKZ70G1,8223,313.25,2024-04-24 13:15:30
TDB_0005920,815127386,buy,B4VLMJKR4,4962,289.54,2023-10-31 10:59:21
TDB_0005921,661255455,buy,5ZSZR4IX3,4422,349.36,2024-07-29 09:31:33
TDB_0005922,889854561,sell,292P3LG71,1467,376.56,2024-09-10 12:08:26
TDB_0005923,226651774,sell,HSGO3XBM7,6237,384.00,2024-07-18 06:49:45
TDB_0005924,226651774,buy,15EHH7NG3,3938,190.52,2024-05-13 11:22:45
TDB_0005925,815127386,sell,292P3LG71,2650,270.93,2024-07-23 21:55:55
TDB_0005926,889854561,buy,HSGO3XBM7,2698,310.41,2024-07-17 18:46:50
TDB_0005927,833887605,buy,Q99X60AP0,9309,276.92,2023-10-10 11:00:28
TDB_0005928,107216323,buy,RD1OSEVT3,1160,347.57,2023-11-10 05:15:55
TDB_0005929,416091528,buy,YWJEHHDP9,9080,373.16,2024-07-04 21:49:44
TDB_0005930,825810138,sell,9SUGDF3A0,6691,104.47,2024-09-24 18:45:29
TDB_0005931,127658056,buy,CQBYE29J5,1674,424.26,2024-01-19 23:46:05
TDB_0005932,779099274,buy,CQBYE29J5,9989,47.72,2024-04-03 02:19:54
TDB_0005933,951998275,buy,YWJEHHDP9,7286,248.85,2024-07-14 01:43:55
TDB_0005934,674281263,sell,YO02STU92,7085,272.70,2023-10-24 04:51:07
TDB_0005935,107216323,sell,X1LUZZ008,2714,401.73,2024-03-16 20:34:42
TDB_0005936,833887605,buy,JS1JBRRF4,3988,54.39,2024-07-31 17:44:38
TDB_0005937,798818183,buy,B4VLMJKR4,9804,469.40,2024-02-11 13:27:02
TDB_0005938,611250713,sell,X1LUZZ008,8847,260.65,2024-01-02 00:12:10
TDB_0005939,803264434,buy,B4VLMJKR4,6942,297.62,2024-02-01 12:48:06
TDB_0005940,798818183,buy,RD1OSEVT3,8751,331.42,2024-05-09 22:49:21
TDB_0005941,107216323,buy,HSGO3XBM7,8691,24.48,2024-01-23 19:59:23
TDB_0005942,115447971,buy,ZZZ6K86D1,3838,484.07,2023-09-27 14:53:50
TDB_0005943,226651774,sell,YO02STU92,799,333.99,2024-06-11 12:50:05
TDB_0005944,226651774,buy,HSGO3XBM7,5081,461.53,2024-07-05 17:05:54
TDB_0005945,115447971,buy,ZZZ6K86D1,8229,31.59,2024-01-03 22:57:23
TDB_0005946,594779001,sell,B29432H36,9792,210.78,2023-10-08 07:46:29
TDB_0005947,779099274,sell,Y0S5DJPF7,7479,58.85,2023-12-23 23:12:21
TDB_0005948,105933111,sell,B29432H36,478,5.15,2024-08-14 07:03:16
TDB_0005949,105933111,sell,YWJEHHDP9,3076,3.45,2024-05-07 08:55:09
TDB_0005950,416091528,buy,A0XKZ70G1,1521,35.11,2023-11-25 12:28:19
TDB_0005951,902331019,sell,H8ULRR404,6379,25.98,2024-01-10 05:34:15
TDB_0005952,105933111,buy,156M6YY49,142,315.74,2024-09-14 19:29:00
TDB_0005953,850226336,sell,9SUGDF3A0,1601,349.46,2024-06-28 14:38:57
TDB_0005954,416091528,sell,9SUGDF3A0,1754,455.65,2023-11-29 05:59:18
TDB_0005955,651286323,buy,Y0S5DJPF7,8234,398.81,2024-01-13 23:27:07
TDB_0005956,115447971,buy,15EHH7NG3,735,123.53,2024-06-19 18:11:48
TDB_0005957,850226336,sell,15EHH7NG3,5889,375.46,2024-03-14 07:28:35
TDB_0005958,651286323,sell,A0XKZ70G1,2634,173.96,2024-03-18 13:51:15
TDB_0005959,815127386,buy,YO02STU92,1578,423.58,2024-02-08 10:02:00
TDB_0005960,844783191,buy,TX30S8B62,6170,230.29,2023-10-24 16:48:55
TDB_0005961,226651774,buy,YO02STU92,2871,254.52,2023-12-15 06:49:53
TDB_0005962,407496832,buy,B4VLMJKR4,3125,172.78,2023-10-31 15:43:59
TDB_0005963,281014001,sell,FXC47NHW6,3048,24.67,2024-07-05 02:54:47
TDB_0005964,825810138,buy,X1LUZZ008,6213,344.63,2024-05-12 11:06:15
TDB_0005965,982473600,buy,HSGO3XBM7,7249,249.06,2023-10-17 10:48:28
TDB_0005966,803264434,sell,YO02STU92,1506,165.68,2023-10-17 19:12:59
TDB_0005967,115447971,buy,V0H365KX1,4690,56.52,2024-06-14 01:13:40
TDB_0005968,226651774,buy,9SUGDF3A0,1175,185.52,2024-01-11 00:04:44
TDB_0005969,661255455,sell,HSGO3XBM7,6329,26.80,2024-04-04 17:21:38
TDB_0005970,951998275,sell,B4VLMJKR4,8153,296.48,2024-01-27 07:46:03
TDB_0005971,226651774,sell,YWJEHHDP9,3994,171.92,2024-05-09 08:41:55
TDB_0005972,844783191,sell,YWJEHHDP9,8818,209.59,2024-03-16 13:50:49
TDB_0005973,779099274,sell,B29432H36,7954,191.86,2024-07-09 17:55:35
TDB_0005974,798818183,sell,YO02STU92,3937,186.25,2023-12-31 20:32:32
TDB_0005975,815127386,buy,X1LUZZ008,7841,119.67,2023-11-13 18:05:34
TDB_0005976,416091528,sell,15EHH7NG3,4914,478.15,2024-07-25 03:57:15
TDB_0005977,833887605,buy,3TXH7T4T4,1716,39.01,2023-10-28 23:44:49
TDB_0005978,651286323,sell,FXC47NHW6,4991,410.95,2024-09-07 02:38:47
TDB_0005979,226651774,sell,292P3LG71,7926,95.04,2024-04-04 02:46:02
TDB_0005980,645066656,buy,H8ULRR404,9387,286.35,2024-01-04 20:10:05
TDB_0005981,127658056,buy,B29432H36,4093,478.84,2024-04-30 21:29:34
TDB_0005982,127658056,buy,9SUGDF3A0,6931,345.93,2024-03-11 10:04:11
TDB_0005983,594779001,sell,5ZSZR4IX3,673,427.94,2024-01-29 02:59:19
TDB_0005984,611250713,buy,ZZZ6K86D1,6008,80.84,2024-01-03 23:28:41
TDB_0005985,107216323,sell,Q99X60AP0,5275,200.57,2023-10-26 09:07:18
TDB_0005986,107216323,sell,CKCVCQPB1,6597,38.53,2024-06-17 15:44:24
TDB_0005987,400437068,sell,TX30S8B62,152,294.28,2024-02-04 13:06:12
TDB_0005988,115447971,sell,3TXH7T4T4,8135,203.23,2024-02-03 22:09:31
TDB_0005989,651286323,sell,X1LUZZ008,5635,367.21,2024-08-10 15:35:08
TDB_0005990,105933111,buy,9SUGDF3A0,70,391.62,2024-03-25 01:57:32
TDB_0005991,159570865,sell,156M6YY49,9829,279.43,2024-01-01 19:07:43
TDB_0005992,982473600,sell,IJHKIMLJ7,1289,13.10,2023-12-23 05:01:21
TDB_0005993,844783191,sell,TX30S8B62,3265,334.69,2024-02-14 17:26:53
TDB_0005994,159570865,buy,3TXH7T4T4,1577,133.97,2023-10-28 00:33:13
TDB_0005995,902331019,buy,292P3LG71,3290,255.91,2024-07-08 10:52:56
TDB_0005996,661255455,sell,3TXH7T4T4,5775,72.64,2024-08-25 04:14:42
TDB_0005997,268260362,sell,B29432H36,370,466.89,2024-05-31 09:30:47
TDB_0005998,798818183,sell,5ZSZR4IX3,2856,265.98,2023-12-04 13:32:25
TDB_0005999,902331019,buy,15EHH7NG3,8586,274.36,2024-07-28 23:21:06
TDB_0006000,107216323,buy,RD1OSEVT3,3671,260.34,2023-12-19 23:24:05
TDB_0006001,268260362,sell,IJHKIMLJ7,9901,177.08,2024-08-25 23:30:02
TDB_0006002,661255455,buy,156M6YY49,4428,246.56,2023-11-28 08:32:27
TDB_0006003,159570865,buy,V0H365KX1,349,112.86,2024-01-09 08:17:12
TDB_0006004,594779001,buy,Q99X60AP0,5678,327.67,2024-04-18 13:36:20
TDB_0006005,779099274,sell,A0XKZ70G1,9905,260.60,2023-12-16 16:31:18
