5001,648425037,sell,M7EEANUG7,3205,192.76,2024-09-25 14:06:36
5002,846235574,sell,6T2MT31T0,4468,177.78,2024-09-25 14:06:36
5003,916941098,buy,7TEECR8W5,3719,281.13,2024-09-25 14:06:36
5004,857611924,sell,KUQBQF3E6,6936,212.97,2024-09-25 14:06:36
5005,383094206,sell,BHWADZEL2,3715,474.87,2024-09-25 14:06:36
5006,326299575,buy,5H4YT1SI8,5379,52.85,2024-09-25 14:06:36
5007,543947594,sell,466XJALX8,3857,271.99,2024-09-25 14:06:36
5008,652132429,sell,E0003FLZ9,6496,321.94,2024-09-25 14:06:36
5009,675403982,sell,A6FER2DA1,8301,455.92,2024-09-25 14:06:36
5010,714984190,sell,YQ027QAY3,8911,320.74,2024-09-25 14:06:36
5011,395576430,sell,QCBME1UG1,2730,454.99,2024-09-25 14:06:36
5012,527840869,buy,VPXYDJ329,1883,12.19,2024-09-25 14:06:36
5013,149332026,buy,P2V8Y74P7,8497,153.54,2024-09-25 14:06:36
5014,228576620,buy,2GH2Z3DD5,7017,124.40,2024-09-25 14:06:36
5015,157412629,buy,VIF07EFI9,2997,322.02,2024-09-25 14:06:36
5016,189708401,buy,K0J6G4BE8,3945,460.14,2024-09-25 14:06:36
5017,579130342,buy,GH6ZT5FT2,9859,120.98,2024-09-25 14:06:36
5018,621697841,buy,PC3AGR2I5,4410,86.59,2024-09-25 14:06:36
5019,198344915,sell,VLFCZXQ26,8737,273.67,2024-09-25 14:06:36
5020,220643963,buy,1RK79AJY8,7738,242.64,2024-09-25 14:06:36
5021,695278412,buy,5IOEJKHN8,1286,212.77,2024-09-25 14:06:36
5022,832981322,buy,PJ8Q9PNT5,611,133.59,2024-09-25 14:06:36
5023,145064994,sell,QNUY36L71,2260,425.06,2024-09-25 14:06:36
5024,170404713,buy,MCPHNPXR1,206,72.08,2024-09-25 14:06:36
5025,721877422,sell,XERMKQZA8,295,362.31,2024-09-25 14:06:36
5026,996595063,buy,198ALXHT4,175,156.02,2024-09-25 14:06:36
5027,982686252,buy,MW2H123V1,6842,73.68,2024-09-25 14:06:36
5028,894661833,buy,IWC0VKF20,870,70.12,2024-09-25 14:06:36
5029,197668685,sell,15796A160,2924,339.13,2024-09-25 14:06:36
5030,625521852,buy,MKMWPEHL7,8713,325.17,2024-09-25 14:06:36
5031,268200726,sell,ZZ0F2TIE8,5846,379.69,2024-09-25 14:06:36
5032,185516326,buy,0TPIUA0H9,7254,56.87,2024-09-25 14:06:36
5033,264675525,sell,8I6H1FCF0,6664,56.44,2024-09-25 14:06:36
5034,445867270,buy,XTF49Z266,6387,205.14,2024-09-25 14:06:36
5035,641897060,buy,8KJCEQHM4,5524,110.62,2024-09-25 14:06:36
5036,889629321,sell,0NCWGI4E7,3957,393.48,2024-09-25 14:06:36
5037,332638152,buy,QR725REG8,2499,65.93,2024-09-25 14:06:36
5038,712603358,sell,AAK2G9TZ7,7068,414.72,2024-09-25 14:06:36
5039,487809315,sell,C7SPU64O5,7211,76.04,2024-09-25 14:06:36
5040,423896353,buy,WGH6Q0WB2,1650,117.41,2024-09-25 14:06:36
5041,377309188,sell,MAE7CK049,8367,368.83,2024-09-25 14:06:36
5042,401680266,sell,3UTLRVFK7,8056,250.10,2024-09-25 14:06:36
5043,274040129,buy,VR7RDHLV9,8813,124.41,2024-09-25 14:06:36
5044,773004837,buy,ZAGJATCG0,8597,112.62,2024-09-25 14:06:36
5045,640902446,buy,9980W5404,80,485.90,2024-09-25 14:06:36
5046,554896797,sell,29WMWNXJ4,7367,70.52,2024-09-25 14:06:36
5047,580439111,buy,GW7AUSUY3,7528,395.62,2024-09-25 14:06:36
5048,577849734,sell,KLU20K506,5963,227.14,2024-09-25 14:06:36
5049,414038375,buy,3DAZ6HWJ2,27,252.96,2024-09-25 14:06:36
5050,688402326,sell,MCJ0SEZW2,8104,295.73,2024-09-25 14:06:36
5051,889429141,buy,KM1B3IME9,8175,168.85,2024-09-25 14:06:36
5052,803436364,buy,DSRTWPP55,5408,84.69,2024-09-25 14:06:36
5053,245106565,buy,053IH36F4,8969,328.03,2024-09-25 14:06:36
5054,446813475,sell,WI5JJA8M2,707,165.43,2024-09-25 14:06:36
5055,957394470,buy,BB8GY0Q71,4066,161.87,2024-09-25 14:06:36
5056,837806655,buy,4JA5G3MT3,9062,370.06,2024-09-25 14:06:36
5057,429997264,sell,R7XD4F6D1,3303,20.25,2024-09-25 14:06:36
5058,118209261,sell,GSDKGR4B0,9918,388.17,2024-09-25 14:06:36
5059,948412278,sell,M3EQ88HD7,2473,256.42,2024-09-25 14:06:36
5060,561910814,sell,U6BI12792,3247,453.57,2024-09-25 14:06:36
5061,794390197,sell,XCIM7V4V4,5118,167.49,2024-09-25 14:06:36
5062,501638805,buy,9MYLU2JO1,5549,449.77,2024-09-25 14:06:36
5063,720502489,sell,FSEQPKV14,6498,72.05,2024-09-25 14:06:36
5064,562842190,sell,FW2KGWAT7,8312,222.67,2024-09-25 14:06:36
5065,732602155,sell,UQRR55VI3,501,454.75,2024-09-25 14:06:36
5066,550289277,buy,02FAEFYA1,3437,424.75,2024-09-25 14:06:36
5067,655411985,sell,8K7VUOLN5,9875,128.87,2024-09-25 14:06:36
5068,264536881,buy,HSRTF1FV7,2312,65.55,2024-09-25 14:06:36
5069,749487663,buy,4C7BME021,762,343.60,2024-09-25 14:06:36
5070,194844203,buy,OWT6RHZD8,2773,421.02,2024-09-25 14:06:36
5071,574252135,buy,RSM4HVCF6,1195,309.95,2024-09-25 14:06:36
5072,867096199,sell,YFWCMNNH3,9297,458.08,2024-09-25 14:06:36
5073,785044395,buy,87HCGUVR7,882,375.90,2024-09-25 14:06:36
5074,813642602,sell,DQC20J050,4090,39.60,2024-09-25 14:06:36
5075,822457322,sell,E68DO7TD6,3541,36.26,2024-09-25 14:06:36
5076,612267550,buy,7AC3DDYC7,6816,229.37,2024-09-25 14:06:36
5077,591887826,buy,5XEBKCO67,6704,382.00,2024-09-25 14:06:36
5078,980596482,buy,ZX6CA8F61,8981,124.50,2024-09-25 14:06:36
5079,797267245,sell,JX63EIFN6,4335,101.67,2024-09-25 14:06:36
5080,709205135,sell,HCRND62Q1,3688,32.10,2024-09-25 14:06:36
5081,518876739,buy,NRSBWXLO0,2727,327.86,2024-09-25 14:06:36
5082,517823386,sell,3AIR16O80,9244,127.67,2024-09-25 14:06:36
5083,152090752,sell,AOX7OISK7,16,60.35,2024-09-25 14:06:36
5084,864196486,buy,J7WIBV480,1650,105.86,2024-09-25 14:06:36
5085,920402569,sell,6K2SQDCY4,2224,273.63,2024-09-25 14:06:36
5086,379824461,sell,RZWZN7U66,4062,407.21,2024-09-25 14:06:36
5087,675816398,sell,2ZHMRLJC4,2868,488.76,2024-09-25 14:06:36
5088,314902323,sell,PZYWK8SE0,5137,237.04,2024-09-25 14:06:36
5089,833037253,sell,TTD89V933,8591,143.26,2024-09-25 14:06:36
5090,241014902,buy,6MB2RVO31,3085,76.92,2024-09-25 14:06:36
5091,969122533,sell,HBENAWL09,1987,202.20,2024-09-25 14:06:36
5092,508058583,buy,I9935P4S2,2608,124.13,2024-09-25 14:06:36
5093,899859270,sell,IBEYRZ5C1,9888,125.96,2024-09-25 14:06:36
5094,532055729,buy,8ZN23TG94,8228,184.13,2024-09-25 14:06:36
5095,496906296,sell,1TO737N28,5500,210.94,2024-09-25 14:06:36
5096,673622413,buy,QAAD7YK65,7377,458.23,2024-09-25 14:06:36
5097,986163534,sell,6ML7MXCT6,2483,359.04,2024-09-25 14:06:36
5098,816849610,sell,QY92ST9I4,552,199.10,2024-09-25 14:06:36
5099,368099849,buy,T784UPJX8,4235,468.18,2024-09-25 14:06:36
5100,823222823,sell,1STHEOAG7,5980,318.87,2024-09-25 14:06:36
5101,452082518,buy,AR2DYHNX9,8097,21.01,2024-09-25 14:06:36
5102,455618800,sell,ECOTACUS9,4757,142.96,2024-09-25 14:06:36
5103,369209565,buy,XHZMCI0T6,8173,487.97,2024-09-25 14:06:36
5104,636106782,sell,R8KL6P112,5033,209.64,2024-09-25 14:06:36
5105,583020408,buy,Y7O9XSV77,5042,209.18,2024-09-25 14:06:36
5106,876740991,sell,71X4DXI10,8856,42.77,2024-09-25 14:06:36
5107,247086383,sell,ONUHQ1O81,6664,463.11,2024-09-25 14:06:36
5108,598614111,sell,TSKQ051T4,591,353.85,2024-09-25 14:06:36
5109,799645923,sell,MKFGSEIJ1,6129,249.22,2024-09-25 14:06:36
5110,770283122,buy,MBDLF9LB0,5695,207.48,2024-09-25 14:06:36
5111,850130554,sell,4PT72DJQ8,2087,347.79,2024-09-25 14:06:36
5112,646971366,buy,6U5TTRUL1,300,498.84,2024-09-25 14:06:36
5113,565399026,sell,9R70M2ZQ2,1365,336.07,2024-09-25 14:06:36
5114,756288180,sell,LL0JBPLP5,9381,497.19,2024-09-25 14:06:36
5115,656758332,sell,SSWM5SEY1,505,322.69,2024-09-25 14:06:36
5116,866517475,buy,LLD31ZB35,5217,206.53,2024-09-25 14:06:36
5117,224744648,sell,J8RI8R0P3,2177,304.18,2024-09-25 14:06:36
5118,855674028,buy,1A8YJK3W8,9595,77.53,2024-09-25 14:06:36
5119,469694147,buy,Y1AJC0OZ3,9241,42.42,2024-09-25 14:06:36
5120,508887633,sell,YHPO9ZEY2,8905,136.28,2024-09-25 14:06:36
5121,923181969,sell,836KM7E36,7201,216.91,2024-09-25 14:06:36
5122,474265131,buy,4HSQSZMI2,4437,482.48,2024-09-25 14:06:36
5123,259857055,buy,GY3BS0I37,9440,225.77,2024-09-25 14:06:36
5124,678819867,sell,SL28TH9N8,5682,266.85,2024-09-25 14:06:36
5125,293070600,buy,J63MA4RQ1,2448,257.95,2024-09-25 14:06:36
5126,604698437,sell,KZ11AHM48,2076,46.20,2024-09-25 14:06:36
5127,479262190,sell,5ZXKYF4O2,4453,177.85,2024-09-25 14:06:36
5128,240956704,buy,ZYN9VEOD6,508,139.65,2024-09-25 14:06:36
5129,927240918,sell,48X3RDEZ8,7776,98.03,2024-09-25 14:06:36
5130,657166049,sell,C101PI4X1,9195,71.51,2024-09-25 14:06:36
5131,726797270,sell,6DIIR8Q20,4914,284.85,2024-09-25 14:06:36
5132,605249327,buy,B05GIHXV8,2042,177.66,2024-09-25 14:06:36
5133,937783752,sell,AOLC7BQW9,9485,253.02,2024-09-25 14:06:36
5134,902305923,buy,1IE5S6Y61,6642,432.30,2024-09-25 14:06:36
5135,873580482,sell,1Z2YFP6O7,9789,382.23,2024-09-25 14:06:36
5136,846344587,sell,9P1H4R1P9,3309,256.71,2024-09-25 14:06:36
5137,947174533,buy,PH2Z8MYZ7,797,195.22,2024-09-25 14:06:36
5138,218152969,buy,P9HNKUGX9,3783,384.94,2024-09-25 14:06:36
5139,309275227,sell,8MBGBN4X9,5882,460.51,2024-09-25 14:06:36
5140,503715941,sell,Y8GUPZ0Z2,9918,84.03,2024-09-25 14:06:36
5141,899237096,buy,M2O7MU2A7,7606,482.92,2024-09-25 14:06:36
5142,497128538,buy,WPENWOEG8,3214,226.82,2024-09-25 14:06:36
5143,164870803,buy,9P7L343O7,5266,250.79,2024-09-25 14:06:36
5144,460486147,sell,GGTRM9NL4,1149,492.31,2024-09-25 14:06:36
5145,735124009,buy,UVE3YH8W6,2461,481.78,2024-09-25 14:06:36
5146,149027700,buy,TK1RIV255,9047,157.14,2024-09-25 14:06:36
5147,563857401,sell,YWY1LF123,3257,344.70,2024-09-25 14:06:36
5148,570329978,buy,TNIJ066D2,2464,212.33,2024-09-25 14:06:36
5149,367104671,buy,D5OPKGZR0,9549,171.03,2024-09-25 14:06:36
5150,286660013,sell,SAHDCQPH8,4808,147.44,2024-09-25 14:06:36
5151,241219010,buy,FBA9B5R65,9573,249.87,2024-09-25 14:06:36
5152,793971012,sell,TPYX51FS1,1480,384.12,2024-09-25 14:06:36
5153,648840266,buy,S738Z8S75,9561,29.47,2024-09-25 14:06:36
5154,948320988,sell,6UQ2VR6E7,4455,194.04,2024-09-25 14:06:36
5155,285528159,buy,LOF3SXPV6,6608,71.01,2024-09-25 14:06:36
5156,622764690,buy,THTMC8R61,6654,459.31,2024-09-25 14:06:36
5157,961973013,buy,CPVYKV9O3,2863,14.44,2024-09-25 14:06:36
5158,765097990,buy,CUF83YP38,7280,91.72,2024-09-25 14:06:36
5159,734036278,sell,VLS9K0UI7,1195,491.90,2024-09-25 14:06:36
5160,239473519,buy,HOFVGCOC1,3551,495.43,2024-09-25 14:06:36
5161,388296399,sell,9HZYU9HT9,121,306.14,2024-09-25 14:06:36
5162,288938398,sell,N7YANOGP2,4257,320.39,2024-09-25 14:06:36
5163,554611673,buy,FEDP4WUW8,156,193.88,2024-09-25 14:06:36
5164,594282270,buy,JP5YB2A25,460,347.12,2024-09-25 14:06:36
5165,155550389,buy,OPTRJDAE0,6738,219.42,2024-09-25 14:06:36
5166,972332726,buy,SI45GM6Q8,9443,200.12,2024-09-25 14:06:36
5167,160474393,sell,IMSOMP5X5,5271,346.04,2024-09-25 14:06:36
5168,237131423,buy,P5SAYXQ52,1977,439.32,2024-09-25 14:06:36
5169,555071842,sell,C5V9YN2Z7,5186,292.58,2024-09-25 14:06:36
5170,190559577,sell,HA4QR2VH5,3394,12.19,2024-09-25 14:06:36
5171,964055896,buy,I9CI80LH2,8853,221.55,2024-09-25 14:06:36
5172,571778301,buy,K2Z1UC8E7,1055,322.60,2024-09-25 14:06:36
5173,699403649,sell,5AOH9IH53,9218,465.38,2024-09-25 14:06:36
5174,261925346,sell,4ZWIW57J1,3915,230.09,2024-09-25 14:06:36
5175,768474551,buy,5ZEYVECQ5,9453,266.92,2024-09-25 14:06:36
5176,458829280,sell,2LJAONQ55,4650,383.83,2024-09-25 14:06:36
5177,661321954,buy,EKU8303Q8,300,485.73,2024-09-25 14:06:36
5178,738454252,buy,BB9KWUH44,3324,144.57,2024-09-25 14:06:36
5179,508382109,sell,WMTKCZSY8,2226,405.68,2024-09-25 14:06:36
5180,490119750,sell,43RXVUW12,9588,485.50,2024-09-25 14:06:36
5181,867733745,buy,1PK8FSUJ4,8662,443.19,2024-09-25 14:06:36
5182,308383233,buy,J54EVN5S5,6931,343.50,2024-09-25 14:06:36
5183,200794706,sell,Q9S44CLV4,4207,396.13,2024-09-25 14:06:36
5184,820781915,sell,WE31FB786,3928,61.13,2024-09-25 14:06:36
5185,270363810,sell,JG60P5S01,4465,491.95,2024-09-25 14:06:36
5186,861100147,buy,691AOM3U9,1342,343.23,2024-09-25 14:06:36
5187,856209660,sell,G5MUBHJA1,9970,20.92,2024-09-25 14:06:36
5188,328540730,sell,AHINZ5LM3,4455,38.01,2024-09-25 14:06:36
5189,616810997,sell,1U2U0I139,3374,224.32,2024-09-25 14:06:36
5190,717783560,sell,4QO47B6I9,4930,97.88,2024-09-25 14:06:36
5191,932027368,buy,CYK1SIG78,4905,94.69,2024-09-25 14:06:36
5192,838140823,sell,RM01RTDO3,8831,459.19,2024-09-25 14:06:36
5193,114819502,buy,9X0KNNOS3,3742,33.44,2024-09-25 14:06:36
5194,409447665,sell,GOXHX79B4,7288,166.96,2024-09-25 14:06:36
5195,977802122,sell,RZU91K2X3,826,277.79,2024-09-25 14:06:36
5196,873702455,buy,F6WDI13X2,9784,164.06,2024-09-25 14:06:36
5197,884762560,buy,86O4A51G7,7239,193.84,2024-09-25 14:06:36
5198,532254500,sell,TQINSD1X2,4989,143.45,2024-09-25 14:06:36
5199,266261847,sell,1PNIETU09,1460,175.55,2024-09-25 14:06:36
5200,313003672,buy,72FMPK376,2788,338.09,2024-09-25 14:06:36
5201,391058764,buy,KRNVS8KV9,2208,108.75,2024-09-25 14:06:36
5202,361632036,buy,7UTGEFHZ8,9641,174.34,2024-09-25 14:06:36
5203,929569415,sell,RAHRHKLO5,3765,35.01,2024-09-25 14:06:36
5204,129305685,sell,NHK9KOA10,1125,492.87,2024-09-25 14:06:36
5205,166116223,buy,WSTLRX2U8,6332,349.72,2024-09-25 14:06:36
5206,580623717,sell,JCPVT2M42,4720,205.53,2024-09-25 14:06:36
5207,106595006,sell,760IF80V0,132,261.47,2024-09-25 14:06:36
5208,690171737,sell,CVT3WQ8W2,6815,205.56,2024-09-25 14:06:36
5209,886989339,sell,MV2IL41Q8,6342,286.07,2024-09-25 14:06:36
5210,775856203,sell,LOSIIS741,7454,368.02,2024-09-25 14:06:36
5211,861629495,sell,64T80GS86,3764,26.23,2024-09-25 14:06:36
5212,360103453,buy,EVK77DHK3,2987,246.47,2024-09-25 14:06:36
5213,160286010,buy,WQ9LO0K13,2584,120.55,2024-09-25 14:06:36
5214,479826046,sell,876H2A463,8670,385.97,2024-09-25 14:06:36
5215,159992567,sell,TF73PMMJ3,4401,477.23,2024-09-25 14:06:36
5216,985177465,buy,24BRYXRM3,4339,175.71,2024-09-25 14:06:36
5217,565674152,sell,6ZVCT2JB8,276,210.07,2024-09-25 14:06:36
5218,834454162,buy,LOE7J9AT2,1470,290.07,2024-09-25 14:06:36
5219,889814705,buy,L3AYB4ZZ1,1224,229.82,2024-09-25 14:06:36
5220,135302824,sell,U0U83KME6,8948,384.95,2024-09-25 14:06:36
5221,725318125,buy,HKNY21TP9,8774,212.58,2024-09-25 14:06:36
5222,353222120,sell,JYLX2TR31,9836,416.33,2024-09-25 14:06:36
5223,305070211,sell,7NH0BLNN2,5661,179.72,2024-09-25 14:06:36
5224,488000313,sell,59WC16MO5,2185,229.15,2024-09-25 14:06:36
5225,981064130,buy,Y0TSE9ZV1,1998,187.34,2024-09-25 14:06:36
5226,151050023,sell,Z0AYF01S9,9008,146.25,2024-09-25 14:06:36
5227,956098788,sell,D2A05QS74,5628,154.51,2024-09-25 14:06:36
5228,591030935,sell,WJXXIUJG6,5368,92.39,2024-09-25 14:06:36
5229,526986970,buy,EW79IUAV5,9509,315.51,2024-09-25 14:06:36
5230,924621177,sell,0JCGM4Y93,2735,495.92,2024-09-25 14:06:36
5231,308336700,sell,10BIPVNM0,9803,266.40,2024-09-25 14:06:36
5232,243498241,buy,5YXKTWF61,6240,456.00,2024-09-25 14:06:36
5233,815433932,buy,95H43U1P9,885,125.88,2024-09-25 14:06:36
5234,236489283,sell,8JO2VRYH4,4601,459.96,2024-09-25 14:06:36
5235,924990039,buy,LYKN8FM06,142,185.04,2024-09-25 14:06:36
5236,960214595,sell,S7FANLN92,9406,11.90,2024-09-25 14:06:36
5237,865537960,sell,WKVN6DNH1,6311,299.35,2024-09-25 14:06:36
5238,699786288,sell,3N1J22D39,8301,64.09,2024-09-25 14:06:36
5239,156424279,buy,LA7SYGV19,1855,93.47,2024-09-25 14:06:36
5240,557940146,buy,7NYLB1R23,4839,290.00,2024-09-25 14:06:36
5241,634687283,buy,4QNKNBH11,5232,190.80,2024-09-25 14:06:36
5242,493020393,buy,R7CQMF6J2,6029,284.58,2024-09-25 14:06:36
5243,491415724,buy,WKE8C3CG2,1488,65.00,2024-09-25 14:06:36
5244,177840084,sell,SS4LEN7B3,8641,148.82,2024-09-25 14:06:36
5245,233905669,buy,EEOEAS1O4,4214,143.18,2024-09-25 14:06:36
5246,869830244,sell,KUT4UXQB6,8133,60.96,2024-09-25 14:06:36
5247,194215761,sell,OGIYNUEK6,9660,373.09,2024-09-25 14:06:36
5248,250089366,buy,IAPBK36U8,1724,38.10,2024-09-25 14:06:36
5249,168838874,buy,XY0ELHSF7,8760,128.92,2024-09-25 14:06:36
5250,442298782,buy,OJ9YIGY82,4951,454.38,2024-09-25 14:06:36
5251,797134558,sell,YSEW98DG2,7825,30.68,2024-09-25 14:06:36
5252,459558179,buy,0E91NWYX5,3309,310.92,2024-09-25 14:06:36
5253,697393817,sell,0PXHSZHC1,5218,427.02,2024-09-25 14:06:36
5254,641291627,buy,QMD926FF7,2589,388.88,2024-09-25 14:06:36
5255,292201758,buy,QHUEOWR56,9185,305.18,2024-09-25 14:06:36
5256,526970342,sell,AUN28YOP1,7260,258.52,2024-09-25 14:06:36
5257,895633665,sell,WWCJE9DA1,1882,322.52,2024-09-25 14:06:36
5258,862394705,buy,E4C5JLKM7,1617,122.23,2024-09-25 14:06:36
5259,128593446,sell,MWSYK1WC7,1938,423.19,2024-09-25 14:06:36
5260,671479298,sell,OE4I1YK12,8167,309.68,2024-09-25 14:06:36
5261,217869510,buy,BJL29RUH2,6065,273.38,2024-09-25 14:06:36
5262,698970073,sell,JK70L5QS6,7956,234.82,2024-09-25 14:06:36
5263,557572264,buy,NN2VQJA21,2857,177.15,2024-09-25 14:06:36
5264,567428502,sell,VJVEAZJF0,3847,141.89,2024-09-25 14:06:36
5265,946000108,buy,2ODOB2TL7,9880,299.93,2024-09-25 14:06:36
5266,816740737,sell,GH87MDRJ1,5762,470.45,2024-09-25 14:06:36
5267,256587819,buy,YBQ8BF6C7,512,49.62,2024-09-25 14:06:36
5268,707880854,buy,PFX735G24,4982,26.65,2024-09-25 14:06:36
5269,255623903,buy,1OE1DNUP8,7007,180.71,2024-09-25 14:06:36
5270,473804197,buy,X74KROBT5,3449,44.69,2024-09-25 14:06:36
5271,966551871,buy,0MCXLDLE3,2739,299.52,2024-09-25 14:06:36
5272,866543309,sell,JK8IZCD19,5603,96.71,2024-09-25 14:06:36
5273,333050239,sell,5VP0CJYA7,9638,279.05,2024-09-25 14:06:36
5274,917224004,sell,F2HI184P6,7112,310.13,2024-09-25 14:06:36
5275,132728664,sell,01QFHO4J2,5247,85.01,2024-09-25 14:06:36
5276,811355406,buy,KLPBBMUT5,3678,430.81,2024-09-25 14:06:36
5277,531727162,buy,XUA7KGC51,5819,445.25,2024-09-25 14:06:36
5278,700035063,buy,OVTL1RNI5,6690,365.75,2024-09-25 14:06:36
5279,845646767,buy,MIGH0JFL0,8971,498.36,2024-09-25 14:06:36
5280,157180497,buy,VHCKTFSY4,4314,204.60,2024-09-25 14:06:36
5281,197823386,sell,UER5B39D2,2610,89.97,2024-09-25 14:06:36
5282,390156280,sell,LKCCM1AX5,3087,235.77,2024-09-25 14:06:36
5283,268937678,sell,NYYV1JTX1,6507,439.67,2024-09-25 14:06:36
5284,873552869,sell,2ZT2G1OI2,663,369.09,2024-09-25 14:06:36
5285,425618000,buy,7XBQXH652,5819,283.02,2024-09-25 14:06:36
5286,945998356,buy,MB7DVFIW1,7864,374.82,2024-09-25 14:06:36
5287,418660856,buy,M0IC8I8P1,8725,55.61,2024-09-25 14:06:36
5288,287999548,buy,XFQIHGZF0,6994,456.33,2024-09-25 14:06:36
5289,309640191,sell,Z2EGAMIK6,3757,294.43,2024-09-25 14:06:36
5290,193557310,sell,5DE0NW148,2140,170.84,2024-09-25 14:06:36
5291,332226728,sell,IFY7BE6Z1,6325,123.98,2024-09-25 14:06:36
5292,261670504,buy,TLDTPH6H9,8474,391.40,2024-09-25 14:06:36
5293,236059023,buy,77DA32UP7,1711,18.76,2024-09-25 14:06:36
5294,123537353,buy,O4DEHKI27,4858,46.41,2024-09-25 14:06:36
5295,249431638,sell,R68FV7IK5,2245,439.60,2024-09-25 14:06:36
5296,832179085,buy,W28G0BJ04,1039,282.56,2024-09-25 14:06:36
5297,810042302,sell,KRV7IYDW3,7194,342.85,2024-09-25 14:06:36
5298,808663813,buy,Z9MVI2XN2,2298,435.21,2024-09-25 14:06:36
5299,637487043,buy,YNVNBPS36,4696,129.79,2024-09-25 14:06:36
5300,830347269,sell,HHJLT3EN7,9786,78.38,2024-09-25 14:06:36
5301,896094933,sell,OJD3IZNG7,2147,458.09,2024-09-25 14:06:36
5302,387891425,buy,EVCL2RDA1,9271,305.00,2024-09-25 14:06:36
5303,431052554,buy,C40FZ65Q3,5436,147.83,2024-09-25 14:06:36
5304,781375891,sell,UTCPPXH41,4328,77.76,2024-09-25 14:06:36
5305,458805548,buy,4S7HWB8T1,6512,167.87,2024-09-25 14:06:36
5306,678648065,buy,F7PPC6GQ7,7430,130.11,2024-09-25 14:06:36
5307,716390550,sell,N4EF4JEL3,1228,123.07,2024-09-25 14:06:36
5308,694006838,buy,DWW0D6236,6291,222.46,2024-09-25 14:06:36
5309,208199912,buy,40FJXV153,6174,247.63,2024-09-25 14:06:36
5310,280630586,buy,QVZIAEWT8,9535,135.60,2024-09-25 14:06:36
5311,185325754,buy,QAH5R8IX4,9871,279.11,2024-09-25 14:06:36
5312,310521151,sell,WBNKRHZG3,529,14.51,2024-09-25 14:06:36
5313,190136305,buy,GRX0H94H0,566,86.18,2024-09-25 14:06:36
5314,330420128,sell,G553D6X65,6487,166.35,2024-09-25 14:06:36
5315,728285637,sell,J4LRT3SC7,4520,173.16,2024-09-25 14:06:36
5316,124981926,sell,VL5TRNPI7,7238,110.45,2024-09-25 14:06:36
5317,765733667,sell,8HJF31OE1,3735,158.49,2024-09-25 14:06:36
5318,587325590,sell,N7E8L5UM3,9814,279.64,2024-09-25 14:06:36
5319,888638456,sell,56GVWJCX6,8705,111.49,2024-09-25 14:06:36
5320,597278768,buy,KOJMBAPT4,2417,29.76,2024-09-25 14:06:36
5321,312628861,buy,OD10CZWW0,8856,378.83,2024-09-25 14:06:36
5322,341238578,buy,APOJ79D64,8079,357.72,2024-09-25 14:06:36
5323,118885021,buy,0IHPCIZE8,3625,260.00,2024-09-25 14:06:36
5324,953870145,sell,O49ZBDUB3,8942,235.84,2024-09-25 14:06:36
5325,343670366,buy,4CXEMDIX1,5427,497.35,2024-09-25 14:06:36
5326,373106684,buy,SE8H8CB25,4330,13.80,2024-09-25 14:06:36
5327,453449643,buy,470SKYQE6,1989,37.35,2024-09-25 14:06:36
5328,102964212,buy,FVL92J7O2,6669,340.40,2024-09-25 14:06:36
5329,576215068,sell,WPVX65RT5,9503,205.97,2024-09-25 14:06:36
5330,353800925,sell,GEA4TB7J1,4365,305.13,2024-09-25 14:06:36
5331,741833214,sell,Y4KWQ2QX1,2091,277.93,2024-09-25 14:06:36
5332,517624761,sell,F4YVQ0G97,3293,191.86,2024-09-25 14:06:36
5333,893174649,sell,WCZ932G32,7533,230.41,2024-09-25 14:06:36
5334,906519095,buy,F5RT85P88,6111,232.17,2024-09-25 14:06:36
5335,479591670,sell,DMHE37XJ5,6571,262.14,2024-09-25 14:06:36
5336,779048674,buy,81LLZV542,1086,73.05,2024-09-25 14:06:36
5337,275981574,sell,4RKI05674,6979,23.46,2024-09-25 14:06:36
5338,995051530,buy,07OEYIG63,1857,457.72,2024-09-25 14:06:36
5339,848918878,sell,988SRUP37,7501,167.42,2024-09-25 14:06:36
5340,552967035,buy,WN4GB56X5,8883,489.40,2024-09-25 14:06:36
5341,433367590,sell,0TJNU8HD1,1763,305.08,2024-09-25 14:06:36
5342,498821500,sell,Z4B12MRV3,2727,135.90,2024-09-25 14:06:36
5343,315108138,buy,DKAWN2GQ8,2828,262.64,2024-09-25 14:06:36
5344,367716947,buy,3LJRGZAF4,7004,159.94,2024-09-25 14:06:36
5345,729616340,buy,PY0WXF752,2505,149.25,2024-09-25 14:06:36
5346,946352002,sell,M5DJ3ARZ9,4639,238.42,2024-09-25 14:06:36
5347,268528698,buy,M6VOZ47P9,1162,112.66,2024-09-25 14:06:36
5348,693471674,buy,UY5R63NX0,7044,171.33,2024-09-25 14:06:36
5349,626157169,sell,1H6DCT6I7,6048,140.82,2024-09-25 14:06:36
5350,681227259,sell,1RU6YIPB7,3739,362.13,2024-09-25 14:06:36
5351,881589739,buy,S3SL0QR77,871,238.14,2024-09-25 14:06:36
5352,449349315,sell,CT9F8BQU6,4139,321.28,2024-09-25 14:06:36
5353,356568953,sell,56SGAK7T2,6610,238.58,2024-09-25 14:06:36
5354,723237318,sell,ES2K07D58,1123,126.56,2024-09-25 14:06:36
5355,469916156,buy,STBXPYKT7,3285,229.31,2024-09-25 14:06:36
5356,777407587,sell,7WQ6NQDF3,4210,281.37,2024-09-25 14:06:36
5357,529539773,sell,B7XGB0TB5,6302,67.25,2024-09-25 14:06:36
5358,543361570,sell,OWRGHIRO2,7147,235.12,2024-09-25 14:06:36
5359,705979697,buy,Q8RDHCGN7,152,214.13,2024-09-25 14:06:36
5360,596327145,sell,STRI9IBM1,4208,478.85,2024-09-25 14:06:36
5361,706002124,sell,GCVB8NAR1,7679,91.39,2024-09-25 14:06:36
5362,698179492,sell,WWO91W8F8,8330,169.64,2024-09-25 14:06:36
5363,805920326,sell,HEB644FE9,3395,289.37,2024-09-25 14:06:36
5364,581707365,sell,3ZLWFD6U1,9773,227.38,2024-09-25 14:06:36
5365,834776503,sell,PLS2Q06B5,5083,292.52,2024-09-25 14:06:36
5366,896841653,sell,BDVVEA712,7111,415.25,2024-09-25 14:06:36
5367,310638434,sell,2Q5WXTCQ7,4596,25.06,2024-09-25 14:06:36
5368,984034782,sell,26NYU7GR2,621,249.11,2024-09-25 14:06:36
5369,621254053,buy,CR3Y8P7S0,1842,216.17,2024-09-25 14:06:36
5370,817639387,sell,2LJHCJQT0,7995,223.90,2024-09-25 14:06:36
5371,515182654,buy,BVDFH4SG2,8669,186.49,2024-09-25 14:06:36
5372,764151479,buy,MQN3T8BU2,2858,218.28,2024-09-25 14:06:36
5373,413015462,buy,G54PAHBH6,2550,214.68,2024-09-25 14:06:36
5374,367879829,buy,6VBHEKDS3,5585,27.83,2024-09-25 14:06:36
5375,519256630,buy,DPN2DPHB1,9189,44.70,2024-09-25 14:06:36
5376,430731659,buy,9INS175X3,5609,69.43,2024-09-25 14:06:36
5377,427858841,buy,48USQN940,4354,285.33,2024-09-25 14:06:36
5378,590366054,buy,NVWRO57B5,3472,230.69,2024-09-25 14:06:36
5379,747097689,sell,Q2NM2TBE8,7341,65.26,2024-09-25 14:06:36
5380,257164354,buy,F42MXD5S6,8130,348.82,2024-09-25 14:06:36
5381,158424070,sell,JL4X0Y3F8,6622,338.81,2024-09-25 14:06:36
5382,958235506,sell,NL3RAKH87,4186,246.28,2024-09-25 14:06:36
5383,585687896,sell,GD1ZB6IL7,8349,457.82,2024-09-25 14:06:36
5384,701140489,buy,YFG64C5Y1,2849,111.24,2024-09-25 14:06:36
5385,990002784,buy,T4IFSL5Y4,3707,449.67,2024-09-25 14:06:36
5386,211627642,buy,R7V6XIXN8,9379,198.18,2024-09-25 14:06:36
5387,963259480,buy,3J3SZMGQ2,6884,395.11,2024-09-25 14:06:36
5388,278155205,sell,Z10VFWFT7,2658,476.71,2024-09-25 14:06:36
5389,898866737,sell,1FJHSHTR2,8561,288.41,2024-09-25 14:06:36
5390,788159939,sell,QW6YH4DU6,9048,59.16,2024-09-25 14:06:36
5391,131166887,buy,JX7JAW6B9,7816,425.81,2024-09-25 14:06:36
5392,840785254,buy,WTECRGXG6,9723,112.38,2024-09-25 14:06:36
5393,473789463,buy,4ZAXFL780,6261,478.88,2024-09-25 14:06:36
5394,719728093,buy,IZ3YZOJL1,9288,354.80,2024-09-25 14:06:36
5395,801673230,buy,GLLON59A5,7461,94.95,2024-09-25 14:06:36
5396,235292905,buy,D1QVCN7N8,5621,26.84,2024-09-25 14:06:36
5397,363706908,sell,ZNCE5KFQ7,3014,356.03,2024-09-25 14:06:36
5398,643203047,buy,FM1KVF5Y5,5837,166.50,2024-09-25 14:06:36
5399,116664910,sell,0F395OU13,478,292.03,2024-09-25 14:06:36
5400,680295091,sell,QH5VPU900,4227,156.74,2024-09-25 14:06:36
5401,744887026,buy,M8GQWXA49,8540,332.07,2024-09-25 14:06:36
5402,534916286,buy,M77M34DK7,6208,353.40,2024-09-25 14:06:36
5403,557702344,buy,3H2S4AZQ6,9756,338.55,2024-09-25 14:06:36
5404,351195593,sell,51D4G8ZU3,6533,62.98,2024-09-25 14:06:36
5405,903454613,sell,WH136ART1,238,34.07,2024-09-25 14:06:36
5406,602151485,buy,U24548FI2,5546,60.69,2024-09-25 14:06:36
5407,375623066,sell,X3HU9XRQ7,2092,186.27,2024-09-25 14:06:36
5408,764165594,sell,I450GYUJ3,3483,121.21,2024-09-25 14:06:36
5409,470352903,buy,TFB2RBN93,5819,64.93,2024-09-25 14:06:36
5410,925445684,sell,IB437O9B5,655,264.19,2024-09-25 14:06:36
5411,805825431,sell,7WBW624O5,9002,154.65,2024-09-25 14:06:36
5412,339845437,buy,B6Z2W8TT7,2075,290.59,2024-09-25 14:06:36
5413,397980553,buy,5CGKIEC97,297,56.23,2024-09-25 14:06:36
5414,730178736,buy,3OPBMPXL3,6399,484.79,2024-09-25 14:06:36
5415,119101665,buy,0SQS25VD5,8371,96.01,2024-09-25 14:06:36
5416,716264570,sell,A20URHDG4,4544,30.78,2024-09-25 14:06:36
5417,524845834,sell,R9ZMU4AE4,8617,457.67,2024-09-25 14:06:36
5418,587534717,buy,P9J6X5YT4,3708,456.23,2024-09-25 14:06:36
5419,113017434,buy,SILUWXT95,6249,58.88,2024-09-25 14:06:36
5420,673926423,sell,AQ3QVCW72,8669,315.06,2024-09-25 14:06:36
5421,522288702,sell,E6KI2N3F3,2366,302.03,2024-09-25 14:06:36
5422,619302558,buy,5FOIAYMW8,484,314.29,2024-09-25 14:06:36
5423,637733047,sell,NX30C7WP2,375,104.98,2024-09-25 14:06:36
5424,240986562,sell,5ZNLGOHZ3,7217,339.90,2024-09-25 14:06:36
5425,513036016,sell,R5Q2YSCW7,2425,10.99,2024-09-25 14:06:36
5426,871494737,sell,YUPHJ0KH4,5821,496.30,2024-09-25 14:06:36
5427,908357589,buy,2DTYMBP34,7222,293.35,2024-09-25 14:06:36
5428,632163515,buy,7EXTMVVQ1,7398,85.32,2024-09-25 14:06:36
5429,788782794,sell,Y0306C9P4,1297,196.99,2024-09-25 14:06:36
5430,395758939,sell,024LCGF69,38,378.63,2024-09-25 14:06:36
5431,457596349,buy,RHXH1OX36,953,79.60,2024-09-25 14:06:36
5432,509927913,sell,CRB8S7H55,4810,220.85,2024-09-25 14:06:36
5433,274884918,buy,TZHFPF7F1,9305,439.61,2024-09-25 14:06:36
5434,540998907,buy,T1RA07FT2,5361,249.29,2024-09-25 14:06:36
5435,656072278,buy,IATHH6XR5,7690,341.99,2024-09-25 14:06:36
5436,926647110,buy,9WT9EANV1,8079,108.53,2024-09-25 14:06:36
5437,126351539,buy,2M0T5VNA7,5588,455.90,2024-09-25 14:06:36
5438,723300079,buy,M6DE6AD31,4307,234.78,2024-09-25 14:06:36
5439,734934739,buy,VATM1FRV4,576,203.78,2024-09-25 14:06:36
5440,349240725,sell,EED9VOJH9,3694,441.35,2024-09-25 14:06:36
5441,514289203,buy,EQC1DIGI4,1427,373.25,2024-09-25 14:06:36
5442,903817164,sell,Y91DUXZP7,9840,333.91,2024-09-25 14:06:36
5443,414298771,sell,TARCSBE29,9804,172.94,2024-09-25 14:06:36
5444,250757913,sell,YJEKELS02,1625,474.54,2024-09-25 14:06:36
5445,892068495,buy,NFHVJ3596,9735,484.61,2024-09-25 14:06:36
5446,856249974,buy,NHW5YBYL8,8070,460.92,2024-09-25 14:06:36
5447,985789672,buy,18FGCK3J0,9903,348.85,2024-09-25 14:06:36
5448,309806888,buy,JWEMHFSO4,2816,481.27,2024-09-25 14:06:36
5449,838383643,buy,AX219UF02,3726,316.70,2024-09-25 14:06:36
5450,859494105,buy,1AVSH1747,5577,212.97,2024-09-25 14:06:36
5451,305356886,buy,QJ4YAYCD7,751,395.75,2024-09-25 14:06:36
5452,321673685,sell,ME5478W53,7639,390.58,2024-09-25 14:06:36
5453,206880783,buy,FL21STZ86,376,360.10,2024-09-25 14:06:36
5454,790710786,buy,5WP289OV3,5914,135.37,2024-09-25 14:06:36
5455,550420970,buy,HLDFN8W51,7994,464.52,2024-09-25 14:06:36
5456,378702929,sell,0SW6EJ989,8914,429.92,2024-09-25 14:06:36
5457,831204095,sell,EDA4YXHG6,2077,54.87,2024-09-25 14:06:36
5458,598628460,buy,UMHUF3WL2,4518,21.50,2024-09-25 14:06:36
5459,647949977,sell,F7B2HJZU0,3518,349.18,2024-09-25 14:06:36
5460,478971092,sell,PU117NWL6,3149,376.24,2024-09-25 14:06:36
5461,621088534,buy,NEKT1CTR3,1762,326.37,2024-09-25 14:06:36
5462,700575156,sell,LXY8OKV07,3288,336.55,2024-09-25 14:06:36
5463,561023182,buy,8EMTNMVF5,2140,482.15,2024-09-25 14:06:36
5464,371539379,buy,AVE8UJHF4,7982,313.06,2024-09-25 14:06:36
5465,431219063,sell,IHBDKQBM5,3433,204.32,2024-09-25 14:06:36
5466,458966218,buy,DDKM08QS2,6634,157.53,2024-09-25 14:06:36
5467,963775350,buy,ZNCC5J619,6452,275.52,2024-09-25 14:06:36
5468,713108284,buy,RWGVXT5Y8,5806,228.13,2024-09-25 14:06:36
5469,350934958,buy,D3YH9JJH9,2731,397.69,2024-09-25 14:06:36
5470,390575165,buy,W0QY4TOY6,4525,185.19,2024-09-25 14:06:36
5471,279668437,buy,N47I17KF0,8175,454.99,2024-09-25 14:06:36
5472,518354831,buy,YT3OVS8L6,1487,402.73,2024-09-25 14:06:36
5473,593892331,sell,L1CN2KKM6,9575,147.31,2024-09-25 14:06:36
5474,997856126,sell,0WLMPN6J5,7486,451.05,2024-09-25 14:06:36
5475,858028457,buy,6SPI7DDA6,9860,133.46,2024-09-25 14:06:36
5476,948108465,buy,6FSWGU2P1,5929,86.64,2024-09-25 14:06:36
5477,907507158,sell,5NCO2GKD3,3874,204.12,2024-09-25 14:06:36
5478,102835503,sell,QMTJ90Q96,9181,100.91,2024-09-25 14:06:36
5479,134726257,buy,OL54V2M03,8651,160.38,2024-09-25 14:06:36
5480,344785846,sell,MDQ9G3J73,8479,191.20,2024-09-25 14:06:36
5481,754610548,sell,CLD16MD80,2771,356.79,2024-09-25 14:06:36
5482,725161876,buy,9I4COFN73,296,415.49,2024-09-25 14:06:36
5483,987021264,buy,SUMO32XT2,5398,179.04,2024-09-25 14:06:36
5484,252142849,sell,WOU7Z3QZ6,6179,328.32,2024-09-25 14:06:36
5485,126279243,sell,3ICQ8E8Q5,3748,328.74,2024-09-25 14:06:36
5486,735068114,buy,9PETIMFE5,9449,432.31,2024-09-25 14:06:36
5487,135338163,buy,05R3KN6M8,302,457.52,2024-09-25 14:06:36
5488,112802479,sell,81BMHRMG4,4395,446.82,2024-09-25 14:06:36
5489,832028707,buy,BXFM27DY7,1005,32.83,2024-09-25 14:06:36
5490,738057425,buy,SJH0IWQZ7,8266,49.89,2024-09-25 14:06:36
5491,103773706,sell,Z6E8RBFT5,980,54.15,2024-09-25 14:06:36
5492,585830974,sell,3YJUGNWX3,3716,396.91,2024-09-25 14:06:36
5493,617011095,sell,93ER4P069,4566,245.59,2024-09-25 14:06:36
5494,121311980,buy,XMH9GGPX8,9006,151.46,2024-09-25 14:06:36
5495,856216927,sell,Z3J5NPKP8,5141,476.28,2024-09-25 14:06:36
5496,106742658,buy,O20BQ15A9,9122,95.03,2024-09-25 14:06:36
5497,272293731,sell,L3EGGH4T0,526,226.07,2024-09-25 14:06:36
5498,622555824,sell,IBDJ29T67,650,374.25,2024-09-25 14:06:36
5499,850619933,sell,D1ZJ07IW1,8307,198.14,2024-09-25 14:06:36
5500,696536194,buy,APIWMQ8A4,5696,120.84,2024-09-25 14:06:36
5501,923627512,buy,BAAGN93K9,3174,23.44,2024-09-25 14:06:36
5502,857227001,buy,RTNKPCTL9,1427,130.34,2024-09-25 14:06:36
5503,361052450,buy,EVGE49CN4,4118,444.74,2024-09-25 14:06:36
5504,672241083,sell,SU4XIEM88,728,421.31,2024-09-25 14:06:36
5505,750169767,sell,TATVDJS78,1226,467.84,2024-09-25 14:06:36
5506,669639144,sell,F32PHBQ35,6419,129.61,2024-09-25 14:06:36
5507,298079835,sell,ZJWAL3RE6,7056,212.13,2024-09-25 14:06:36
5508,433129156,buy,OBQJ0H5T6,283,302.74,2024-09-25 14:06:36
5509,702446662,buy,UH2YFFNP5,6612,51.90,2024-09-25 14:06:36
5510,315634326,sell,FPGEJLBS3,8877,349.34,2024-09-25 14:06:36
5511,474898922,buy,YCOTJ6LW2,4702,387.85,2024-09-25 14:06:36
5512,598537618,buy,5Y3RX8C94,5980,470.95,2024-09-25 14:06:36
5513,895868166,sell,32UUIZ0G3,1491,144.41,2024-09-25 14:06:36
5514,357517574,buy,OAF0PU847,2620,31.41,2024-09-25 14:06:36
5515,536044720,sell,ZDLAW2QL6,6284,491.66,2024-09-25 14:06:36
5516,421903905,buy,DR98ETXB3,763,144.70,2024-09-25 14:06:36
5517,208508711,sell,U35YQPXT0,6931,328.40,2024-09-25 14:06:36
5518,758267707,buy,94B6XSI02,2167,424.37,2024-09-25 14:06:36
5519,384940825,sell,V4ZH1Q4R2,9207,30.20,2024-09-25 14:06:36
5520,811367813,buy,MRBP759S2,3715,127.27,2024-09-25 14:06:36
5521,116441561,buy,7KVI08ZM3,3488,307.18,2024-09-25 14:06:36
5522,246745446,sell,VIDBAUKF7,4637,289.55,2024-09-25 14:06:36
5523,680950004,buy,B8F2VFSC8,513,418.68,2024-09-25 14:06:36
5524,747653232,buy,ZUGPJDN19,3027,376.80,2024-09-25 14:06:36
5525,166452347,sell,57Y5RMSB1,985,63.58,2024-09-25 14:06:36
5526,342330604,sell,AVA41ZW74,715,284.10,2024-09-25 14:06:36
5527,681072003,sell,XMBNOYW25,6280,357.52,2024-09-25 14:06:36
5528,469450110,buy,SKT2G2KS7,6562,207.12,2024-09-25 14:06:36
5529,591066590,buy,8AKW2A0E4,2524,75.85,2024-09-25 14:06:36
5530,490071287,sell,U6L4H6LY5,192,237.72,2024-09-25 14:06:36
5531,734090270,buy,4DZFB6GW5,3423,468.63,2024-09-25 14:06:36
5532,328399817,sell,XTO16H737,778,251.50,2024-09-25 14:06:36
5533,347498492,buy,QVBXXJ3R1,5606,150.13,2024-09-25 14:06:36
5534,286349075,buy,JJPVORC89,5289,18.70,2024-09-25 14:06:36
5535,541819488,sell,0GWLC38A5,8349,241.59,2024-09-25 14:06:36
5536,731815599,sell,5XXTXZ1O8,4779,91.54,2024-09-25 14:06:36
5537,655345873,sell,GZCMUHPO6,6558,254.49,2024-09-25 14:06:36
5538,746005527,buy,FJ2CPSJ23,558,183.06,2024-09-25 14:06:36
5539,462731501,sell,EK0I9S3Y5,6363,136.06,2024-09-25 14:06:36
5540,796209597,buy,H6T9Q4VD1,7891,185.11,2024-09-25 14:06:36
5541,184786939,buy,AUJW0H5I2,614,176.81,2024-09-25 14:06:36
5542,387771610,buy,APZ3ZWEX5,1999,72.50,2024-09-25 14:06:36
5543,746216171,sell,1NJJZORC3,5129,416.54,2024-09-25 14:06:36
5544,229274227,buy,BSX0BTXU4,5200,112.00,2024-09-25 14:06:36
5545,792204792,sell,N41OMOC70,1853,28.14,2024-09-25 14:06:36
5546,986134285,sell,T8Q8SGSV4,8109,283.95,2024-09-25 14:06:36
5547,425116623,buy,7C8D7J243,8963,398.66,2024-09-25 14:06:36
5548,771288189,sell,L0VO4XAN4,7529,398.63,2024-09-25 14:06:36
5549,439063834,sell,1W7DI8NX1,2710,126.11,2024-09-25 14:06:36
5550,316053086,buy,2IBSI5DO0,3858,395.03,2024-09-25 14:06:36
5551,598227181,buy,PY08UMSG6,2615,260.87,2024-09-25 14:06:36
5552,202546582,buy,1VN2PQI66,8563,182.80,2024-09-25 14:06:36
5553,797586395,buy,ZEHZGQJV5,3132,10.89,2024-09-25 14:06:36
5554,626525472,buy,8KISDEBU6,4747,457.63,2024-09-25 14:06:36
5555,767307375,sell,53PR8OQJ4,566,63.22,2024-09-25 14:06:36
5556,185514850,sell,76AEM9923,7157,368.98,2024-09-25 14:06:36
5557,219325638,buy,N2C7N63A0,4894,449.06,2024-09-25 14:06:36
5558,422407579,sell,FB43UGFO4,9006,102.89,2024-09-25 14:06:36
5559,110320674,buy,K7Y3OAL25,1009,339.48,2024-09-25 14:06:36
5560,199361073,buy,KPVOPHOG2,2819,414.13,2024-09-25 14:06:36
5561,975553861,sell,TYAGYF8G6,1901,15.75,2024-09-25 14:06:36
5562,864964121,buy,OM9796QM4,3854,88.08,2024-09-25 14:06:36
5563,273036477,sell,7E24T7ZP4,7920,365.31,2024-09-25 14:06:36
5564,366485573,buy,HV46EO1K5,9944,166.14,2024-09-25 14:06:36
5565,323088173,sell,V5R6C4ES6,4557,152.02,2024-09-25 14:06:36
5566,632492135,sell,HZ9FGVZK6,2658,331.16,2024-09-25 14:06:36
5567,344663738,sell,BNMRUGT48,9440,91.07,2024-09-25 14:06:36
5568,109706763,buy,ZT8JTQ4E8,6697,300.70,2024-09-25 14:06:36
5569,164306110,sell,5G9J86VC9,8550,81.34,2024-09-25 14:06:36
5570,171154063,buy,EWXWV3J58,8690,43.75,2024-09-25 14:06:36
5571,503365450,sell,66KHK3DE0,7251,200.67,2024-09-25 14:06:36
5572,690940981,buy,YKEC1YEK4,6198,48.25,2024-09-25 14:06:36
5573,686183209,sell,9MWS75B07,3319,311.09,2024-09-25 14:06:36
5574,915131730,sell,AHB2EHJH7,4358,437.46,2024-09-25 14:06:36
5575,558166419,sell,9FKHL95K8,5526,206.03,2024-09-25 14:06:36
5576,840831775,buy,9TGURC117,4151,128.65,2024-09-25 14:06:36
5577,713006121,sell,TUVJGVAH5,2412,371.79,2024-09-25 14:06:36
5578,993161361,sell,Q86SSSNX0,7351,488.29,2024-09-25 14:06:36
5579,165573666,sell,5Z9UP7NL0,4930,110.40,2024-09-25 14:06:36
5580,825650977,buy,5TBKGS9D1,3212,475.03,2024-09-25 14:06:36
5581,646337305,sell,7CBYNO0S3,4486,426.14,2024-09-25 14:06:36
5582,869456703,buy,FA5DEW0B0,6778,78.65,2024-09-25 14:06:36
5583,732879739,sell,R1N40T599,8174,57.85,2024-09-25 14:06:36
5584,999493605,buy,BYPAGX6P5,7312,471.47,2024-09-25 14:06:36
5585,617543172,sell,7GTZ5EPX6,7056,64.12,2024-09-25 14:06:36
5586,119123026,buy,MPU0WS481,463,308.68,2024-09-25 14:06:36
5587,997733066,buy,FHFRHQJF4,7026,45.58,2024-09-25 14:06:36
5588,247788210,buy,QTDPFDEF8,2911,347.52,2024-09-25 14:06:36
5589,864030877,sell,ODH29SCB7,3568,175.33,2024-09-25 14:06:36
5590,107375563,buy,0Y30XK6R8,8716,234.65,2024-09-25 14:06:36
5591,607360352,sell,95DLB0N94,6196,128.84,2024-09-25 14:06:36
5592,360857343,sell,Z73OWC9I3,3852,222.83,2024-09-25 14:06:36
5593,597263864,buy,GC5LHBUC5,8048,221.82,2024-09-25 14:06:36
5594,847031175,sell,MWBWOR6K9,7521,398.15,2024-09-25 14:06:36
5595,196392977,sell,IVB55CG85,3477,289.65,2024-09-25 14:06:36
5596,537880008,sell,86NE5KWD2,7222,435.04,2024-09-25 14:06:36
5597,348941154,sell,N6WGJL3D5,2055,23.17,2024-09-25 14:06:36
5598,104491087,buy,GCU48Q0M3,9902,109.87,2024-09-25 14:06:36
5599,300735081,buy,IF40DN455,1093,165.12,2024-09-25 14:06:36
5600,669699510,buy,13CP0EWM2,8309,336.58,2024-09-25 14:06:36
5601,400725785,buy,6E8NW5HC6,7438,311.49,2024-09-25 14:06:36
5602,975115238,buy,BLAMVGQE6,6414,331.89,2024-09-25 14:06:36
5603,992631885,buy,FQDPALTY6,3820,178.93,2024-09-25 14:06:36
5604,459766303,buy,S0B10YHI5,8208,86.54,2024-09-25 14:06:36
5605,787705274,buy,SPLYOWI45,5293,456.76,2024-09-25 14:06:36
5606,601921653,buy,M5BNEBFW8,2023,331.46,2024-09-25 14:06:36
5607,763471457,sell,S516LEY47,1954,88.31,2024-09-25 14:06:36
5608,982586196,sell,68K2PGGD4,8372,376.57,2024-09-25 14:06:36
5609,293315902,sell,JDHGDSBA0,8323,62.47,2024-09-25 14:06:36
5610,360310230,sell,F4BFNZWG9,8903,135.25,2024-09-25 14:06:36
5611,401643960,sell,7V7UG91C9,7775,32.50,2024-09-25 14:06:36
5612,724481652,buy,MR75M5F81,1615,204.89,2024-09-25 14:06:36
5613,350434276,sell,KFZNJPYF2,6861,36.75,2024-09-25 14:06:36
5614,145609308,sell,TQF3EOS60,4097,98.38,2024-09-25 14:06:36
5615,476317679,sell,FEFJ07DA6,1290,191.66,2024-09-25 14:06:36
5616,656361823,sell,KNWQZNT64,3645,318.68,2024-09-25 14:06:36
5617,905650713,buy,IGZF8WPP5,3131,455.57,2024-09-25 14:06:36
5618,613953137,sell,QPJCRZJ96,9738,181.85,2024-09-25 14:06:36
5619,722856451,sell,WKNY2WRE1,7763,276.72,2024-09-25 14:06:36
5620,360759581,sell,JPA6GD5B7,5557,28.62,2024-09-25 14:06:36
5621,554752212,sell,U9RI9ZI70,5441,296.50,2024-09-25 14:06:36
5622,230059754,sell,KBBFQAEG9,9358,61.91,2024-09-25 14:06:36
5623,576821232,buy,63V58RW43,3090,87.96,2024-09-25 14:06:36
5624,601546698,buy,4XK3REDM5,5406,88.74,2024-09-25 14:06:36
5625,575748800,buy,HXS0S3X81,1289,272.55,2024-09-25 14:06:36
5626,819053359,buy,RHVC9L8K7,9819,124.83,2024-09-25 14:06:36
5627,884002720,sell,K7QTIEPE6,6162,464.05,2024-09-25 14:06:36
5628,930363584,buy,KRVGB4L56,2642,60.91,2024-09-25 14:06:36
5629,834388688,sell,ZO1Z34UK4,1350,263.92,2024-09-25 14:06:36
5630,297593172,buy,DR76N1VT3,3685,324.03,2024-09-25 14:06:36
5631,462153278,sell,YP4RV5EK1,5336,251.78,2024-09-25 14:06:36
5632,479273839,sell,F1N8J67T7,9562,274.44,2024-09-25 14:06:36
5633,582339606,sell,QSD06DD33,108,492.44,2024-09-25 14:06:36
5634,395828532,sell,0KG6056Z2,2189,478.22,2024-09-25 14:06:36
5635,343646371,buy,V039Q1PQ0,4154,28.18,2024-09-25 14:06:36
5636,719949849,buy,C8GTE1RN4,3694,489.14,2024-09-25 14:06:36
5637,665895784,sell,I9KGNCBR3,1742,248.22,2024-09-25 14:06:36
5638,424636153,buy,RWAJ0SLG0,9115,282.05,2024-09-25 14:06:36
5639,590855142,buy,9K1PUC2W0,8587,74.58,2024-09-25 14:06:36
5640,484990950,sell,DW4AW0OL3,160,105.99,2024-09-25 14:06:36
5641,780959220,sell,5DBVJKSR4,811,355.28,2024-09-25 14:06:36
5642,543165016,sell,PWYSYFLZ5,432,358.24,2024-09-25 14:06:36
5643,200663550,buy,NCFJ775J4,8549,29.98,2024-09-25 14:06:36
5644,210751505,buy,S0G87E3I7,669,75.41,2024-09-25 14:06:36
5645,229628949,sell,3LLP8O1K8,3912,450.46,2024-09-25 14:06:36
5646,693259379,sell,YJOMZXL47,8061,18.92,2024-09-25 14:06:36
5647,749341631,sell,EIZIM2I85,5078,64.93,2024-09-25 14:06:36
5648,392175694,sell,0PCU2XWS6,1588,14.98,2024-09-25 14:06:36
5649,119677806,buy,MGBUD7LO9,689,469.36,2024-09-25 14:06:36
5650,765131608,sell,RMT3BVP82,8298,469.44,2024-09-25 14:06:36
5651,731508576,buy,QZAVR5TS4,8249,384.56,2024-09-25 14:06:36
5652,108000095,sell,HZYJY4YM7,4587,489.16,2024-09-25 14:06:36
5653,732849518,sell,QS06XMU50,8822,64.75,2024-09-25 14:06:36
5654,599941577,sell,25YEBYZN6,2120,40.63,2024-09-25 14:06:36
5655,621336557,sell,YUAIVFTJ8,5823,258.62,2024-09-25 14:06:36
5656,743083355,sell,EGRQCMYQ9,788,166.96,2024-09-25 14:06:36
5657,783447801,buy,O9FFEIDC2,5693,277.27,2024-09-25 14:06:36
5658,638923773,buy,7Z9BJ9392,2447,440.34,2024-09-25 14:06:36
5659,979077846,sell,2IWK1PL27,4363,317.91,2024-09-25 14:06:36
5660,637033290,buy,AXUN4IJU5,9012,425.62,2024-09-25 14:06:36
5661,779406904,buy,9E4MA18N8,1272,277.63,2024-09-25 14:06:36
5662,453417128,buy,44LKDGQU8,2760,87.80,2024-09-25 14:06:36
5663,559516083,buy,AED6EYF49,7641,372.74,2024-09-25 14:06:36
5664,836629189,buy,Y2N62IFG9,8783,267.42,2024-09-25 14:06:36
5665,721491312,buy,TCOXYQ8C7,4864,204.86,2024-09-25 14:06:36
5666,560089213,buy,E0QOUBW11,5545,415.64,2024-09-25 14:06:36
5667,447461322,sell,V5O9X2PY9,4853,247.28,2024-09-25 14:06:36
5668,964959150,sell,IJBZALPC1,4641,187.99,2024-09-25 14:06:36
5669,714380250,buy,46155FD41,3085,125.91,2024-09-25 14:06:36
5670,702359504,buy,OUUGZBWX1,280,182.53,2024-09-25 14:06:36
5671,698197837,buy,RNDEUQM37,5197,80.13,2024-09-25 14:06:36
5672,764896017,buy,T6VUUM716,6724,175.25,2024-09-25 14:06:36
5673,367671489,sell,KK6GV7T03,378,350.09,2024-09-25 14:06:36
5674,911117542,sell,JZABJFAZ7,9508,153.45,2024-09-25 14:06:36
5675,202754365,sell,ATABSJB24,779,397.29,2024-09-25 14:06:36
5676,579151605,buy,I5YUNAQ36,9337,343.89,2024-09-25 14:06:36
5677,323960578,sell,JXD27CQ66,977,41.82,2024-09-25 14:06:36
5678,986209208,sell,8ACZ9JHH5,8989,464.23,2024-09-25 14:06:36
5679,934674832,sell,LI675VPN7,1589,133.72,2024-09-25 14:06:36
5680,657968072,sell,H8V5LBSP8,1827,377.38,2024-09-25 14:06:36
5681,364672096,sell,CM41M35U2,4541,462.17,2024-09-25 14:06:36
5682,402288039,sell,M80MIV7X5,997,112.24,2024-09-25 14:06:36
5683,896628402,buy,935Y5E0U5,9921,389.27,2024-09-25 14:06:36
5684,894086583,buy,3E2TVCIB9,2906,378.99,2024-09-25 14:06:36
5685,312290163,buy,ABET2VZP4,7697,493.39,2024-09-25 14:06:36
5686,386102177,buy,MZXGFBBB2,9914,432.02,2024-09-25 14:06:36
5687,437107918,sell,J2L7HO941,9365,279.68,2024-09-25 14:06:36
5688,968132788,buy,HMIL04HI4,959,23.21,2024-09-25 14:06:36
5689,669953522,buy,GL275X003,16,56.61,2024-09-25 14:06:36
5690,234324619,buy,JSYO70409,4515,150.89,2024-09-25 14:06:36
5691,617681864,sell,TC1IJHJS5,7574,78.61,2024-09-25 14:06:36
5692,966776153,sell,GSTQ4B9N7,2379,484.15,2024-09-25 14:06:36
5693,316310762,buy,LXMIT6W60,9957,330.63,2024-09-25 14:06:36
5694,884585950,buy,Z7WREH0Y7,5730,430.02,2024-09-25 14:06:36
5695,690497863,buy,LQMWYY336,3839,470.01,2024-09-25 14:06:36
5696,369108456,buy,FYTT0UUR8,1637,22.33,2024-09-25 14:06:36
5697,445471541,sell,ZJQCPNFC8,6252,103.80,2024-09-25 14:06:36
5698,805786588,sell,PZ6F0M272,7921,247.66,2024-09-25 14:06:36
5699,418612632,sell,CDOM3O7R4,2488,93.10,2024-09-25 14:06:36
5700,712418147,sell,I4GOAA696,9956,31.40,2024-09-25 14:06:36
5701,154309161,sell,3Y7DO0O06,2174,213.43,2024-09-25 14:06:36
5702,250015092,sell,LTDGW4RC7,4128,116.61,2024-09-25 14:06:36
5703,199359875,sell,T1QVKUVM1,7790,20.28,2024-09-25 14:06:36
5704,563310023,buy,26K1U5460,1097,401.91,2024-09-25 14:06:36
5705,764217362,buy,XMV9ET500,8104,357.17,2024-09-25 14:06:36
5706,180938430,sell,FXYV2H7M3,1878,441.23,2024-09-25 14:06:36
5707,464415265,sell,R52RFJDF5,8093,109.93,2024-09-25 14:06:36
5708,788985151,sell,JG4QUCBF0,4815,209.92,2024-09-25 14:06:36
5709,207787635,buy,SLBKGWFB1,9564,337.43,2024-09-25 14:06:36
5710,704866003,buy,U2004FWO9,1783,136.82,2024-09-25 14:06:36
5711,604276854,sell,I5ZITRVF6,2407,349.53,2024-09-25 14:06:36
5712,764178624,buy,DJ3TJXWY8,7004,321.82,2024-09-25 14:06:36
5713,859600753,sell,Q1XR8B3S9,5476,271.47,2024-09-25 14:06:36
5714,122923032,buy,YSI89OSJ4,1940,383.58,2024-09-25 14:06:36
5715,622087372,buy,B2M07QCO1,3246,105.53,2024-09-25 14:06:36
5716,742773773,sell,9Q7C5II81,1145,123.86,2024-09-25 14:06:36
5717,231207613,sell,C4ORAPX93,1867,84.80,2024-09-25 14:06:36
5718,987363641,sell,D4YLNGET7,8365,26.10,2024-09-25 14:06:36
5719,415961344,buy,F1LHB4A35,7508,306.25,2024-09-25 14:06:36
5720,977908895,sell,CV1U5Z794,4382,198.65,2024-09-25 14:06:36
5721,878604149,buy,OFAT0Z1Y5,6353,342.63,2024-09-25 14:06:36
5722,508357997,buy,1XUVX11P2,6489,124.74,2024-09-25 14:06:36
5723,868691674,sell,BOJU3V7R3,972,42.89,2024-09-25 14:06:36
5724,635270235,buy,3I99K6D35,7167,169.04,2024-09-25 14:06:36
5725,876056313,buy,OVP40LOF6,2632,346.37,2024-09-25 14:06:36
5726,164424372,sell,2H1FP3BE2,89,65.87,2024-09-25 14:06:36
5727,916499281,buy,GVBOYME43,835,255.98,2024-09-25 14:06:36
5728,587203497,buy,Z3L32SR54,9910,338.80,2024-09-25 14:06:36
5729,602109990,sell,BICLYP5S2,8871,404.97,2024-09-25 14:06:36
5730,644298667,buy,51V4BCGS5,3652,421.85,2024-09-25 14:06:36
5731,112291159,sell,BY6H4AQE7,8550,332.25,2024-09-25 14:06:36
5732,332572278,sell,B076ND2F0,1991,368.21,2024-09-25 14:06:36
5733,231597456,sell,2O89G2IQ2,6063,328.51,2024-09-25 14:06:36
5734,252613277,sell,MG627ME92,999,252.11,2024-09-25 14:06:36
5735,169418052,sell,37TUAQXW1,6811,281.63,2024-09-25 14:06:36
5736,470421483,buy,KCN5M4VR1,3547,312.35,2024-09-25 14:06:36
5737,997119860,buy,SHN7IEUV3,4011,324.70,2024-09-25 14:06:36
5738,212046166,sell,9NNH3C182,8878,144.88,2024-09-25 14:06:36
5739,757023134,sell,28XF45YZ3,8015,375.04,2024-09-25 14:06:36
5740,766448796,buy,4LR6T5WG6,4808,319.31,2024-09-25 14:06:36
5741,389672224,buy,A7J1Q8QT6,8205,176.27,2024-09-25 14:06:36
5742,716705825,buy,ZWACLHKL7,740,484.92,2024-09-25 14:06:36
5743,818706940,buy,GBT4J60B3,708,17.68,2024-09-25 14:06:36
5744,964783618,buy,9EXO58F62,2855,406.88,2024-09-25 14:06:36
5745,164347729,sell,RSUQF7VR6,2158,147.77,2024-09-25 14:06:36
5746,649501870,buy,O9OOVRLQ4,7149,166.71,2024-09-25 14:06:36
5747,317329575,sell,YOCV5CFS2,836,207.77,2024-09-25 14:06:36
5748,281852898,buy,D2MLQ3OE2,7979,268.07,2024-09-25 14:06:36
5749,355924285,buy,DBFF9ZEK8,9543,262.21,2024-09-25 14:06:36
5750,437117512,buy,U3HCMMKP8,6082,26.62,2024-09-25 14:06:36
5751,991231012,buy,ZR7MQQOZ0,8807,309.33,2024-09-25 14:06:36
5752,525900358,sell,9G81WUO58,6961,397.70,2024-09-25 14:06:36
5753,601715473,buy,5OMCXHMW6,4099,145.80,2024-09-25 14:06:36
5754,156463659,buy,EC1LF9D52,9218,461.70,2024-09-25 14:06:36
5755,518088942,sell,W4S8HHTT1,2577,178.39,2024-09-25 14:06:36
5756,932782841,sell,YWW33WJU3,5562,23.19,2024-09-25 14:06:36
5757,720098713,sell,7ZBIXHS51,7411,240.17,2024-09-25 14:06:36
5758,441481227,sell,TUZPEVPH3,6189,426.45,2024-09-25 14:06:36
5759,144774181,sell,GC04FZTW5,3421,259.83,2024-09-25 14:06:36
5760,274281797,buy,EQCX11ZJ1,8125,450.14,2024-09-25 14:06:36
5761,505664517,sell,NOIIVLJU9,8242,40.60,2024-09-25 14:06:36
5762,904363265,buy,UL7Y9SE13,3318,435.35,2024-09-25 14:06:36
5763,199138993,buy,N2H2H4L59,8906,265.89,2024-09-25 14:06:36
5764,531530016,sell,D9O7RQ2M0,3932,231.26,2024-09-25 14:06:36
5765,909182599,buy,SXUW4V5T5,1097,134.97,2024-09-25 14:06:36
5766,990149966,buy,BCL6YW4F2,6257,239.27,2024-09-25 14:06:36
5767,844007127,buy,F981HNMN3,3659,407.17,2024-09-25 14:06:36
5768,964847537,sell,YH7UOX4B7,9471,369.12,2024-09-25 14:06:36
5769,992604441,buy,M1TJZXVX6,6576,188.69,2024-09-25 14:06:36
5770,756505305,buy,YKD53U823,4107,473.77,2024-09-25 14:06:36
5771,191536763,sell,YV5PU0UF6,2545,75.12,2024-09-25 14:06:36
5772,356008887,sell,2K66S9659,5422,174.76,2024-09-25 14:06:36
5773,704050122,sell,YGQ30EQR7,533,174.68,2024-09-25 14:06:36
5774,723604830,sell,CEWW19RB9,7042,198.39,2024-09-25 14:06:36
5775,765970130,sell,C1DUQS5Y7,7746,271.36,2024-09-25 14:06:36
5776,116769908,sell,RSCB4MD31,6004,65.62,2024-09-25 14:06:36
5777,632956270,buy,6ZH0EIG73,9899,188.44,2024-09-25 14:06:36
5778,654302762,sell,JQEU8ZNT9,1762,133.91,2024-09-25 14:06:36
5779,565662322,sell,08X4HQKM4,8647,431.22,2024-09-25 14:06:36
5780,993724153,buy,I84F3IV35,5239,272.66,2024-09-25 14:06:36
5781,301068165,sell,GTOGJZ5F4,8012,397.07,2024-09-25 14:06:36
5782,404828318,buy,Y916I61I8,4481,275.94,2024-09-25 14:06:36
5783,863729747,buy,4GFZJ6OU3,3658,373.95,2024-09-25 14:06:36
5784,263693582,buy,DOU305DL4,3297,462.11,2024-09-25 14:06:36
5785,511671412,buy,B9ZWG2UK3,312,306.75,2024-09-25 14:06:36
5786,477034298,buy,T1MRFMOT1,6361,204.27,2024-09-25 14:06:36
5787,756192469,sell,M9R4EHIB5,399,216.65,2024-09-25 14:06:36
5788,352042842,sell,E7ELUVHM2,7407,42.15,2024-09-25 14:06:36
5789,312871550,buy,VCCPP9SA4,4156,345.05,2024-09-25 14:06:36
5790,520672966,sell,4DC07SXF8,5866,39.24,2024-09-25 14:06:36
5791,599070811,buy,JMEFL61A5,9906,380.97,2024-09-25 14:06:36
5792,888407578,buy,K6905JE88,1808,56.52,2024-09-25 14:06:36
5793,378496075,sell,L9QIXHX02,4685,82.04,2024-09-25 14:06:36
5794,190537538,sell,S1MY9SET2,8505,11.87,2024-09-25 14:06:36
5795,413123689,sell,NJ3KQF2A2,2342,481.44,2024-09-25 14:06:36
5796,384907956,sell,VA32PZC42,6548,157.86,2024-09-25 14:06:36
5797,367887806,sell,WN1P8T9G4,9835,452.94,2024-09-25 14:06:36
5798,498633060,buy,DVWDEAAD9,699,110.62,2024-09-25 14:06:36
5799,825049425,sell,HFHDHJT94,1390,472.39,2024-09-25 14:06:36
5800,882187506,buy,DN08KU6S4,9398,240.94,2024-09-25 14:06:36
5801,277735234,buy,CRFAY1HW3,5505,107.22,2024-09-25 14:06:36
5802,479376311,sell,FVTG8DKX0,3165,134.66,2024-09-25 14:06:36
5803,340809847,sell,DG0JJXBR7,5777,126.21,2024-09-25 14:06:36
5804,560614485,sell,1JYJMQ1N8,9851,13.38,2024-09-25 14:06:36
5805,208441101,buy,D09FMBJI7,5193,35.53,2024-09-25 14:06:36
5806,181392550,buy,7TC7QO4Z1,5875,58.43,2024-09-25 14:06:36
5807,793420715,sell,GZQ07HOI9,3688,456.46,2024-09-25 14:06:36
5808,299233074,buy,U6KI9UKY2,31,440.24,2024-09-25 14:06:36
5809,723206205,buy,244MCGFZ7,5226,418.56,2024-09-25 14:06:36
5810,667236703,sell,K8ZH8IKU1,5457,218.41,2024-09-25 14:06:36
5811,548017958,buy,99EBRJBM3,8027,170.16,2024-09-25 14:06:36
5812,169778764,sell,2D7OAI8S2,228,289.79,2024-09-25 14:06:36
5813,208285613,sell,IKWWW6P07,3837,440.47,2024-09-25 14:06:36
5814,634452710,sell,D382LX3X8,6482,305.11,2024-09-25 14:06:36
5815,200918554,buy,Y92QQBE81,3401,179.76,2024-09-25 14:06:36
5816,928577628,buy,6XBOVCBG1,9199,184.39,2024-09-25 14:06:36
5817,857616497,buy,DI9MD0A47,8646,161.28,2024-09-25 14:06:36
5818,883412849,buy,GKLVOBO28,4965,418.87,2024-09-25 14:06:36
5819,561403500,sell,TWOLHW4O3,249,219.55,2024-09-25 14:06:36
5820,503211396,sell,MVNQQ2J53,916,104.25,2024-09-25 14:06:36
5821,287648760,buy,JWAWPB6O0,1377,483.66,2024-09-25 14:06:36
5822,545063240,buy,XLQIR8BF0,1965,115.75,2024-09-25 14:06:36
5823,631207773,buy,VVFM53G71,9139,400.10,2024-09-25 14:06:36
5824,353015791,sell,7KYJ34IM3,9225,75.83,2024-09-25 14:06:36
5825,328155190,sell,GR8F52QY2,5344,53.27,2024-09-25 14:06:36
5826,308885476,sell,51NF1J8T2,4090,243.27,2024-09-25 14:06:36
5827,116165247,buy,XWPD4PKU2,8271,86.50,2024-09-25 14:06:36
5828,838866545,buy,AP5DHUXZ4,8969,266.48,2024-09-25 14:06:36
5829,721561665,buy,DCMPGEN74,5298,117.11,2024-09-25 14:06:36
5830,980690115,sell,VJAX9AOI6,5379,322.79,2024-09-25 14:06:36
5831,942130680,buy,RJPKVACW0,3644,208.20,2024-09-25 14:06:36
5832,829335870,buy,JK0RF6PC5,2788,335.89,2024-09-25 14:06:36
5833,245224381,buy,CNN7O3OQ2,7094,421.50,2024-09-25 14:06:36
5834,355074528,buy,FPRNS1B97,4649,78.81,2024-09-25 14:06:36
5835,212684614,buy,GX5IE7XG6,1155,430.60,2024-09-25 14:06:36
5836,906142208,buy,0JK1OID06,1570,284.36,2024-09-25 14:06:36
5837,961100521,buy,3LECR1TR9,9161,152.49,2024-09-25 14:06:36
5838,127973289,sell,NBJSH0G96,6860,320.36,2024-09-25 14:06:36
5839,413969248,sell,R3UR12495,4022,298.06,2024-09-25 14:06:36
5840,690462531,buy,6XIQ6J6U7,4766,375.14,2024-09-25 14:06:36
5841,115915491,sell,UUGTVSZ24,7854,112.57,2024-09-25 14:06:36
5842,639814198,sell,K6VHL70J5,4548,470.09,2024-09-25 14:06:36
5843,291209100,sell,X7RN7W4J8,4005,487.51,2024-09-25 14:06:36
5844,231977979,buy,HXUC027E0,8632,149.52,2024-09-25 14:06:36
5845,472914660,sell,Z6GFR2NG6,8558,23.02,2024-09-25 14:06:36
5846,732080886,buy,3SD68JFA2,2763,303.35,2024-09-25 14:06:36
5847,943542881,sell,SWFA605K7,3467,414.16,2024-09-25 14:06:36
5848,120465947,buy,L7P69T8S1,635,259.56,2024-09-25 14:06:36
5849,344028413,sell,C2D7DAOO0,8945,189.10,2024-09-25 14:06:36
5850,647141063,sell,TH8SLQSL7,7462,255.88,2024-09-25 14:06:36
5851,978462870,buy,IR44NBYX2,1618,441.85,2024-09-25 14:06:36
5852,977147678,sell,9PQLD39N3,6643,126.88,2024-09-25 14:06:36
5853,443539514,sell,Y3AMI2BP8,7402,183.92,2024-09-25 14:06:36
5854,517643387,buy,10RNIYXA9,1738,11.56,2024-09-25 14:06:36
5855,259191022,buy,ASDY7GFQ5,7367,306.36,2024-09-25 14:06:36
5856,405304934,buy,XSL6FVO72,6008,246.19,2024-09-25 14:06:36
5857,569372831,sell,S0KLVF3W2,509,292.87,2024-09-25 14:06:36
5858,699027996,sell,4M89NM6O0,9718,18.62,2024-09-25 14:06:36
5859,771566460,sell,6NKJR2E86,7904,270.74,2024-09-25 14:06:36
5860,371272709,buy,HM35KRJQ2,8116,142.88,2024-09-25 14:06:36
5861,200829616,buy,GIGB34XK2,1882,164.39,2024-09-25 14:06:36
5862,510823607,buy,Z7YC3Z459,2393,30.39,2024-09-25 14:06:36
5863,922460044,sell,PWEMPWUM2,6861,92.03,2024-09-25 14:06:36
5864,821932964,sell,SLNYN6262,6640,477.52,2024-09-25 14:06:36
5865,899575984,buy,IB7HHGZ85,2447,389.64,2024-09-25 14:06:36
5866,813681789,sell,LKH3SQQV6,5174,288.96,2024-09-25 14:06:36
5867,597197973,buy,5NJOCTSY3,5058,105.77,2024-09-25 14:06:36
5868,994437401,sell,264U5Q524,1202,413.57,2024-09-25 14:06:36
5869,973014174,sell,OJPSDCZG2,4975,361.42,2024-09-25 14:06:36
5870,563227959,sell,W5MB77FF5,148,111.68,2024-09-25 14:06:36
5871,904003021,sell,EXRF6KJV3,7364,332.81,2024-09-25 14:06:36
5872,810515900,buy,OXJNXHJE9,5737,166.00,2024-09-25 14:06:36
5873,645822601,buy,4V53HX783,6114,37.91,2024-09-25 14:06:36
5874,951439187,sell,RD7X8M4Y0,7167,275.42,2024-09-25 14:06:36
5875,271667846,buy,PKGQ6QKO8,2529,118.34,2024-09-25 14:06:36
5876,607587202,sell,CIL1EVRO9,1666,438.23,2024-09-25 14:06:36
5877,212020208,sell,5OG2V65J9,1277,432.71,2024-09-25 14:06:36
5878,956611600,buy,P6LVROVG9,175,94.90,2024-09-25 14:06:36
5879,198796046,sell,FFAWBOGF6,2157,353.85,2024-09-25 14:06:36
5880,892949161,sell,4SFRT9G45,9615,451.98,2024-09-25 14:06:36
5881,262062564,buy,1UOLT0DU0,9694,35.19,2024-09-25 14:06:36
5882,143402290,sell,5YHYLNV85,1787,359.42,2024-09-25 14:06:36
5883,245605625,buy,A8G404Z19,3108,50.81,2024-09-25 14:06:36
5884,608183710,buy,VISKT7IX6,4706,146.11,2024-09-25 14:06:36
5885,446221413,sell,5UO1D6X99,2101,319.51,2024-09-25 14:06:36
5886,250542991,buy,H1IQVI7V6,1178,250.35,2024-09-25 14:06:36
5887,600140393,sell,0VS3JKAC5,7400,32.71,2024-09-25 14:06:36
5888,236785655,sell,D5GWBQ5E4,6394,447.29,2024-09-25 14:06:36
5889,485228332,buy,PAV4JPVP5,1343,367.78,2024-09-25 14:06:36
5890,268766877,sell,7DUP37CK2,2884,492.31,2024-09-25 14:06:36
5891,130789409,sell,LRCXQP596,1901,39.03,2024-09-25 14:06:36
5892,927830945,sell,YYK29BGM5,4213,269.73,2024-09-25 14:06:36
5893,919064146,buy,S3VPPS833,7133,57.54,2024-09-25 14:06:36
5894,827394101,sell,XTESV2FK7,9142,483.44,2024-09-25 14:06:36
5895,817478864,sell,H0SOXQ379,9281,58.34,2024-09-25 14:06:36
5896,507390879,buy,1UH4BKZ60,8244,354.64,2024-09-25 14:06:36
5897,111490349,buy,PLZWF0326,3362,401.10,2024-09-25 14:06:36
5898,135819862,buy,ZSO4MCQY5,2208,36.89,2024-09-25 14:06:36
5899,545244908,sell,BAEHQOJS3,2037,453.60,2024-09-25 14:06:36
5900,336477089,buy,IANC8DQH7,2597,285.22,2024-09-25 14:06:36
5901,120150059,sell,39ZTBOOR8,5567,32.61,2024-09-25 14:06:36
5902,556028150,buy,IT5YS6UE3,1986,281.21,2024-09-25 14:06:36
5903,538356541,sell,19688SMF1,7259,396.03,2024-09-25 14:06:36
5904,863984743,sell,05N5LD8B0,2125,487.65,2024-09-25 14:06:36
5905,414859409,buy,XI4WLCV57,2599,491.34,2024-09-25 14:06:36
5906,750230359,buy,9UW6KHSV0,7071,326.60,2024-09-25 14:06:36
5907,294423799,buy,XSHB6EGL2,7143,493.48,2024-09-25 14:06:36
5908,969388076,buy,6BWNSF1Y7,311,178.42,2024-09-25 14:06:36
5909,709486511,sell,NC416D3O4,6996,190.38,2024-09-25 14:06:36
5910,866881180,buy,TN7F1QWG1,2346,356.82,2024-09-25 14:06:36
5911,547598386,buy,OCV0AZNG6,8023,140.92,2024-09-25 14:06:36
5912,879868821,buy,P0I1NBUT7,5113,31.29,2024-09-25 14:06:36
5913,279805671,sell,67BHMJ3T9,7835,314.50,2024-09-25 14:06:36
5914,764944048,buy,7L4SADBH4,766,309.06,2024-09-25 14:06:36
5915,109304012,buy,7M3JNIDR4,1206,321.09,2024-09-25 14:06:36
5916,989482028,sell,VMXAHL8D0,9503,125.97,2024-09-25 14:06:36
5917,535098925,buy,HPY8Y2LN9,6513,473.49,2024-09-25 14:06:36
5918,262639548,buy,MPHPQM0N2,6136,484.43,2024-09-25 14:06:36
5919,905955744,sell,F41XEPWO6,5679,395.25,2024-09-25 14:06:36
5920,356642366,sell,508MXJ796,4031,233.77,2024-09-25 14:06:36
5921,708953377,sell,07K2RXG35,6410,269.96,2024-09-25 14:06:36
5922,328098534,sell,ZEYAA50V3,7210,151.80,2024-09-25 14:06:36
5923,290063926,sell,UE3SMEYF9,4137,105.88,2024-09-25 14:06:36
5924,648055274,buy,V9FP6YDQ5,5630,457.48,2024-09-25 14:06:36
5925,654584847,sell,KOAOWLKO8,9606,182.00,2024-09-25 14:06:36
5926,624304016,buy,3RUOIVJ89,7991,192.56,2024-09-25 14:06:36
5927,261604623,buy,E1GFCUPJ6,2093,39.09,2024-09-25 14:06:36
5928,455219430,sell,5O01UAEA9,8644,143.93,2024-09-25 14:06:36
5929,211396277,sell,0YK9ZMTG3,8345,236.51,2024-09-25 14:06:36
5930,443042263,sell,HRH5ETN76,8855,94.00,2024-09-25 14:06:36
5931,964609175,buy,8QQU9J8M5,6212,46.05,2024-09-25 14:06:36
5932,949211851,sell,50M8FHYT1,1622,203.64,2024-09-25 14:06:36
5933,133363549,sell,A3ZGEPMD8,4291,368.28,2024-09-25 14:06:36
5934,515863171,sell,GQ0U19UN7,9219,175.71,2024-09-25 14:06:36
5935,939502401,buy,1P18I1M43,5558,110.07,2024-09-25 14:06:36
5936,443218753,buy,0F4MH2V82,7783,73.16,2024-09-25 14:06:36
5937,870430125,sell,EHSC8B9H4,4007,289.83,2024-09-25 14:06:36
5938,396136289,buy,P2Y0W9PS0,6042,280.68,2024-09-25 14:06:36
5939,627276285,sell,TD4NJ6AI4,5483,411.70,2024-09-25 14:06:36
5940,478293274,sell,2MDSJB860,1358,211.69,2024-09-25 14:06:36
5941,874252074,buy,T7YT5TL03,503,34.39,2024-09-25 14:06:36
5942,606559130,sell,2UX9ZJ2A4,7179,279.70,2024-09-25 14:06:36
5943,870753255,buy,5O3HAQMF8,9137,422.13,2024-09-25 14:06:36
5944,544016722,sell,WP8Q1OPU9,3877,472.96,2024-09-25 14:06:36
5945,140431660,buy,XBRWUUXP1,521,464.63,2024-09-25 14:06:36
5946,840595461,buy,JAU5C2UX2,3908,86.01,2024-09-25 14:06:36
5947,536846001,buy,353RYO7E8,8126,462.99,2024-09-25 14:06:36
5948,120966635,buy,SMQTIIE65,8428,291.41,2024-09-25 14:06:36
5949,684627611,sell,DBW4LLFG9,8168,175.05,2024-09-25 14:06:36
5950,326247595,buy,C8ME648M6,9992,127.06,2024-09-25 14:06:36
5951,954973577,sell,KSM8IO9Y2,9565,28.62,2024-09-25 14:06:36
5952,881714349,sell,8QQOZZEV7,9060,390.05,2024-09-25 14:06:36
5953,264747863,sell,VBTZP0OW1,4667,34.10,2024-09-25 14:06:36
5954,627036313,buy,Z4DKN4BE1,6901,18.28,2024-09-25 14:06:36
5955,915970454,buy,Y1I6TWS16,1201,171.46,2024-09-25 14:06:36
5956,411086163,buy,KFV7R5H08,8354,205.21,2024-09-25 14:06:36
5957,553449610,sell,ZMN1B42Q8,520,336.92,2024-09-25 14:06:36
5958,949792901,sell,WPLDT7JV5,5432,444.20,2024-09-25 14:06:36
5959,999553316,sell,ET9RHEAW5,6342,354.84,2024-09-25 14:06:36
5960,195395068,sell,G4M0HCZC3,4640,346.76,2024-09-25 14:06:36
5961,481021310,sell,NHD3XDD83,9903,196.42,2024-09-25 14:06:36
5962,619893693,buy,QLXLWHDG3,7986,450.24,2024-09-25 14:06:36
5963,863225561,buy,HZWG7AJH9,1652,375.23,2024-09-25 14:06:36
5964,689649576,buy,KOFV2K493,936,36.48,2024-09-25 14:06:36
5965,885136010,sell,SIE255VV4,3281,249.22,2024-09-25 14:06:36
5966,381300673,buy,2E2PFLZ76,9805,260.01,2024-09-25 14:06:36
5967,160106402,sell,VUY1D2HY1,7432,451.93,2024-09-25 14:06:36
5968,534535307,buy,SNER619B5,1439,36.81,2024-09-25 14:06:36
5969,925083520,buy,3RVZNQEV2,8161,365.98,2024-09-25 14:06:36
5970,777665247,sell,VGG49MS09,1607,408.67,2024-09-25 14:06:36
5971,401257753,buy,I5SSLZEV6,8319,331.21,2024-09-25 14:06:36
5972,960799215,buy,V3C6NJJG3,642,242.55,2024-09-25 14:06:36
5973,317710341,buy,FHWOHSB90,5591,335.02,2024-09-25 14:06:36
5974,148354705,sell,R4LCNF5A9,1355,450.91,2024-09-25 14:06:36
5975,773197335,buy,CJXH0DLW2,8690,100.81,2024-09-25 14:06:36
5976,750174375,sell,LGI4T8841,7986,304.60,2024-09-25 14:06:36
5977,826672846,buy,7ADVW39Z2,3800,334.72,2024-09-25 14:06:36
5978,525180519,sell,S8L56UAG1,5668,71.02,2024-09-25 14:06:36
5979,959065226,buy,OCISK9ZV1,4696,63.04,2024-09-25 14:06:36
5980,915215941,buy,8QQ3G71G3,4050,408.25,2024-09-25 14:06:36
5981,744320474,buy,Y7HTKQX77,1520,322.59,2024-09-25 14:06:36
5982,888940295,sell,Z6JC517J8,2987,327.03,2024-09-25 14:06:36
5983,204592469,sell,MWC0UOML8,2338,444.89,2024-09-25 14:06:36
5984,271355477,buy,T90ZK6VZ7,8987,64.36,2024-09-25 14:06:36
5985,398614978,sell,P2MTAKUQ7,2399,114.15,2024-09-25 14:06:36
5986,923789749,buy,0COJXO2R8,6480,163.93,2024-09-25 14:06:36
5987,762786523,buy,YGBY15X61,2812,23.76,2024-09-25 14:06:36
5988,228677542,buy,JSUNPHU41,8525,403.58,2024-09-25 14:06:36
5989,856556449,sell,TQVUEHKW8,1270,317.80,2024-09-25 14:06:36
5990,428416825,sell,W4QSPR143,6264,280.17,2024-09-25 14:06:36
5991,511899526,buy,FY7O3I6P8,6290,241.44,2024-09-25 14:06:36
5992,139727427,buy,D63V35495,1944,428.67,2024-09-25 14:06:36
5993,903514490,sell,VUIOJYW67,5632,67.02,2024-09-25 14:06:36
5994,683433419,buy,JQW365NX8,4505,326.40,2024-09-25 14:06:36
5995,247848994,sell,S54IVR7W6,8969,142.21,2024-09-25 14:06:36
5996,202765972,sell,NAWNRQJB8,5423,141.46,2024-09-25 14:06:36
5997,948333507,sell,4ALT8MTR2,1509,298.08,2024-09-25 14:06:36
5998,428130552,sell,RVWMOJ0G8,3251,421.10,2024-09-25 14:06:36
5999,172521864,sell,IX1E8BA96,9944,316.17,2024-09-25 14:06:36
6000,710199086,buy,6WMZVV1C4,5600,382.45,2024-09-25 14:06:36
