trade_id,account_num,activity,CUSIP,quantity,price,timestamp,status
9001,382981235,buy,56Z2K3BT7,5116,53.26,2024-09-25 14:06:36,valid
9002,284459172,buy,I2VKAGDA7,3820,331.54,2024-09-25 14:06:36,valid
9003,146209204,buy,ZB1P4M2Q1,3025,178.72,2024-09-25 14:06:36,valid
9004,972538464,buy,DUPO4SRL1,5379,180.18,2024-09-25 14:06:36,valid
9005,312582419,buy,7D3OEVDG8,957,263.90,2024-09-25 14:06:36,valid
9006,893992604,buy,5R7E9BDT9,5537,88.38,2024-09-25 14:06:36,valid
9007,736706254,sell,F9C1NX3P5,9524,344.24,2024-09-25 14:06:36,valid
9008,854016957,sell,R6APS8V27,7207,486.77,2024-09-25 14:06:36,valid
9009,396866942,sell,JXIB6QHC8,71,292.55,2024-09-25 14:06:36,valid
9010,700759024,sell,LNRN65Q11,5296,67.77,2024-09-25 14:06:36,valid
9011,728765070,sell,3WKV8NWY0,9523,373.68,2024-09-25 14:06:36,valid
9012,126550202,buy,BV8TNKFU8,9651,20.59,2024-09-25 14:06:36,valid
9013,911296577,sell,7A2OG79Q9,8155,123.13,2024-09-25 14:06:36,valid
9014,422923176,sell,UI0Y2ICB6,5325,145.48,2024-09-25 14:06:36,valid
9015,520584541,buy,W97JT0SW7,8519,479.93,2024-09-25 14:06:36,valid
9016,359824310,buy,L48QTUBB1,4006,112.76,2024-09-25 14:06:36,valid
9017,676505603,buy,WGGCMIHN6,1431,462.93,2024-09-25 14:06:36,valid
9018,700113400,sell,EYVMEVUM5,9533,55.82,2024-09-25 14:06:36,valid
9019,542912500,sell,D6I2HAGP8,4711,377.95,2024-09-25 14:06:36,valid
9020,435702467,sell,0QYKDS9Z1,2204,180.29,2024-09-25 14:06:36,valid
9021,514646026,buy,4X2S1DHB0,643,328.18,2024-09-25 14:06:36,valid
9022,121842231,buy,7USS33QU3,5297,103.38,2024-09-25 14:06:36,valid
9023,875750320,sell,8UY377JH4,5713,324.22,2024-09-25 14:06:36,valid
9024,149067360,buy,KHNYJ6JY5,9986,176.72,2024-09-25 14:06:36,valid
9025,172183939,sell,6S2D7AZ89,4042,96.54,2024-09-25 14:06:36,valid
9026,929754405,sell,IEJHF4RE1,4881,288.48,2024-09-25 14:06:36,valid
9027,824052240,sell,T8BT6GA70,2973,419.86,2024-09-25 14:06:36,valid
9028,427300162,sell,B31YBDPP5,3873,16.34,2024-09-25 14:06:36,valid
9029,837784995,sell,RAX175UP5,7898,56.70,2024-09-25 14:06:36,valid
9030,637931418,buy,R0FNMFL21,2232,213.55,2024-09-25 14:06:36,valid
9031,816996748,sell,TVCH55237,6190,67.48,2024-09-25 14:06:36,valid
9032,800067771,sell,TS8NECNL8,8152,193.83,2024-09-25 14:06:36,valid
9033,497903525,sell,TSLE4BE93,2684,255.97,2024-09-25 14:06:36,valid
9034,490608411,buy,NYUVIVG55,73,336.22,2024-09-25 14:06:36,valid
9035,906806134,buy,KS8HVS1V8,9785,497.13,2024-09-25 14:06:36,valid
9036,330349924,sell,APYMIQ0V5,9173,363.79,2024-09-25 14:06:36,valid
9037,206680904,buy,IBG7HHKX6,872,347.44,2024-09-25 14:06:36,valid
9038,736598047,buy,6IADWE6P0,5838,30.81,2024-09-25 14:06:36,valid
9039,141790252,buy,27SSN1W75,3122,310.49,2024-09-25 14:06:36,valid
9040,602795786,buy,293GJ9GD7,9847,85.52,2024-09-25 14:06:36,valid
9041,550061780,buy,634Y9WMK3,43,367.36,2024-09-25 14:06:36,valid
9042,888791079,buy,RZ4WL8760,9732,77.49,2024-09-25 14:06:36,valid
9043,107568345,buy,C6WLRG298,6441,164.22,2024-09-25 14:06:36,valid
9044,596059436,buy,A15XCB8Y1,9009,115.53,2024-09-25 14:06:36,valid
9045,666917695,buy,CRMU6RRC8,9689,210.17,2024-09-25 14:06:36,valid
9046,497627364,buy,EU7B60X06,2358,477.44,2024-09-25 14:06:36,valid
9047,767565765,sell,NO0QTIS14,3764,291.31,2024-09-25 14:06:36,valid
9048,704474136,buy,W93P5G3R6,9650,256.24,2024-09-25 14:06:36,valid
9049,730003000,buy,VG4VVG3C1,1483,71.86,2024-09-25 14:06:36,valid
9050,956146553,buy,FQTXY0RY4,3398,391.60,2024-09-25 14:06:36,valid
9051,677152018,sell,0BFECE502,8050,97.94,2024-09-25 14:06:36,valid
9052,286946858,sell,OA1VLYXK6,6447,299.09,2024-09-25 14:06:36,valid
9053,951848673,buy,FSBUBRFN8,7283,490.95,2024-09-25 14:06:36,valid
9054,124477029,buy,3X0ZWVDN1,6550,107.10,2024-09-25 14:06:36,valid
9055,157638787,sell,BTZY6TX08,4177,429.73,2024-09-25 14:06:36,valid
9056,388069897,buy,ZU0V15HL2,7387,241.78,2024-09-25 14:06:36,valid
9057,901430922,buy,ER6OFR862,4605,232.21,2024-09-25 14:06:36,valid
9058,116685177,buy,HD0B6VJM8,5200,239.34,2024-09-25 14:06:36,valid
9059,719706163,buy,HMOWC0OO7,7579,497.43,2024-09-25 14:06:36,valid
9060,776737539,sell,C4SPPCXQ8,4327,230.48,2024-09-25 14:06:36,valid
9061,672860917,buy,9Q03R0FK9,4101,193.02,2024-09-25 14:06:36,valid
9062,623137423,buy,5O8T2AXU6,825,105.44,2024-09-25 14:06:36,valid
9063,975329727,buy,1S0JTGJR2,3897,69.01,2024-09-25 14:06:36,valid
9064,567854317,sell,WC26447P0,7625,193.54,2024-09-25 14:06:36,valid
9065,221016062,sell,SAPTQ4ZS3,1063,217.03,2024-09-25 14:06:36,valid
9066,199582408,buy,WMDTGVX41,1677,183.38,2024-09-25 14:06:36,valid
9067,308432681,buy,VI1FC0Q69,7876,97.73,2024-09-25 14:06:36,valid
9068,135716140,buy,GSRVM1S58,7482,231.51,2024-09-25 14:06:36,valid
9069,708432141,buy,5674W20K4,3319,257.45,2024-09-25 14:06:36,valid
9070,855878103,sell,8JYDCA993,8761,440.48,2024-09-25 14:06:36,valid
9071,880145049,buy,UDRC0UI82,8039,437.19,2024-09-25 14:06:36,valid
9072,462361017,buy,X9PXW7CI4,5225,293.72,2024-09-25 14:06:36,valid
9073,981294161,buy,96XZ2HTD7,2779,447.53,2024-09-25 14:06:36,valid
9074,728611025,sell,J0XN38MP5,2919,306.73,2024-09-25 14:06:36,valid
9075,200344135,buy,E8IQBPMK7,1636,260.04,2024-09-25 14:06:36,valid
9076,607759211,buy,BYR1GU9I2,216,417.96,2024-09-25 14:06:36,valid
9077,648002259,buy,ZRP5K4LQ5,3217,120.81,2024-09-25 14:06:36,valid
9078,305351674,sell,KWCH5KIB6,5452,339.52,2024-09-25 14:06:36,valid
9079,415907193,sell,XSSBLP5F3,2729,60.70,2024-09-25 14:06:36,valid
9080,866910767,sell,UBIMQA4X0,9330,221.44,2024-09-25 14:06:36,valid
9081,784703562,sell,TTFR9EI78,9714,236.68,2024-09-25 14:06:36,valid
9082,768676171,sell,AMOBYFMI8,1982,387.92,2024-09-25 14:06:36,valid
9083,412208178,sell,0OB7HFYR4,7783,443.30,2024-09-25 14:06:36,valid
9084,587576626,sell,9YNGKYUR9,2164,213.96,2024-09-25 14:06:36,valid
9085,100682248,buy,KN6CZHT67,3949,330.76,2024-09-25 14:06:36,valid
9086,528931715,buy,SEW48HZP9,7185,238.62,2024-09-25 14:06:36,valid
9087,767704353,buy,3P4UC7VM2,6258,69.63,2024-09-25 14:06:36,valid
9088,696246855,sell,0UPI55SH5,6136,48.60,2024-09-25 14:06:36,valid
9089,189818952,sell,WSWFZNUL9,9386,367.72,2024-09-25 14:06:36,valid
9090,484807065,sell,YR1ERQSX5,1323,169.23,2024-09-25 14:06:36,valid
9091,295118098,buy,Z2Z7L6W12,262,82.61,2024-09-25 14:06:36,valid
9092,835432667,buy,NEBWMWH68,1035,99.42,2024-09-25 14:06:36,valid
9093,891496036,buy,KWSM9KWU6,7325,44.65,2024-09-25 14:06:36,valid
9094,764726758,buy,986RVX268,5543,333.14,2024-09-25 14:06:36,valid
9095,303222926,sell,GGEQTZRP4,6868,224.26,2024-09-25 14:06:36,valid
9096,187682635,sell,07CZI2D99,9117,165.73,2024-09-25 14:06:36,valid
9097,517652416,sell,J0XMQZH03,5468,257.54,2024-09-25 14:06:36,valid
9098,794105412,sell,I0D3D8MO4,2444,362.04,2024-09-25 14:06:36,valid
9099,705764456,buy,12BAI6QA9,4338,294.68,2024-09-25 14:06:36,valid
9100,606248212,buy,U5W5K4JA8,6859,236.34,2024-09-25 14:06:36,valid
9101,198612546,sell,5VR3RWH05,2229,219.82,2024-09-25 14:06:36,valid
9102,213053277,sell,K0XAEVW02,8900,169.52,2024-09-25 14:06:36,valid
9103,621301076,sell,HGZJGB5E2,7455,336.00,2024-09-25 14:06:36,valid
9104,988847186,sell,BPVGY5B04,7238,12.02,2024-09-25 14:06:36,valid
9105,590626348,buy,WMXRILB88,7694,370.42,2024-09-25 14:06:36,valid
9106,732528179,sell,O6BPLMFG2,8367,233.20,2024-09-25 14:06:36,valid
9107,325088701,buy,P4I9R4NM7,6838,345.85,2024-09-25 14:06:36,valid
9108,411494439,buy,N5KI1FF37,7526,272.57,2024-09-25 14:06:36,valid
9109,268000705,sell,UWCBZWSA0,7820,46.88,2024-09-25 14:06:36,valid
9110,620718821,sell,1VV5SFBV3,677,261.95,2024-09-25 14:06:36,valid
9111,620954245,sell,NDWIQKED8,3491,432.74,2024-09-25 14:06:36,valid
9112,651225923,buy,X9KWISG30,1908,48.32,2024-09-25 14:06:36,valid
9113,986141258,sell,9IRA13D34,4135,398.31,2024-09-25 14:06:36,valid
9114,628447781,buy,39H1G72O2,643,41.60,2024-09-25 14:06:36,valid
9115,657306167,buy,2NH56FVJ5,9028,331.86,2024-09-25 14:06:36,valid
9116,487607936,buy,QRF92AQQ9,7986,351.80,2024-09-25 14:06:36,valid
9117,536652244,sell,DFYGIXTV1,4829,478.44,2024-09-25 14:06:36,valid
9118,342640532,sell,S59Y766T7,4047,429.32,2024-09-25 14:06:36,valid
9119,140961719,buy,6LQ335OY0,7146,480.90,2024-09-25 14:06:36,valid
9120,101977342,sell,FSW5YWVN6,8110,440.52,2024-09-25 14:06:36,valid
9121,104166730,sell,HVQWU9KZ5,6573,302.29,2024-09-25 14:06:36,valid
9122,722857895,sell,RU5C17MQ7,9315,482.55,2024-09-25 14:06:36,valid
9123,905512672,sell,IILAMFTZ2,4250,430.52,2024-09-25 14:06:36,valid
9124,686142233,sell,UIHS5E665,6670,405.12,2024-09-25 14:06:36,valid
9125,501145048,sell,T9XRCPOE1,7448,297.53,2024-09-25 14:06:36,valid
9126,726039707,sell,P2BTMT130,75,140.28,2024-09-25 14:06:36,valid
9127,783983532,buy,GHUH3TV63,5321,38.15,2024-09-25 14:06:36,valid
9128,693505000,sell,KL1YHKLI3,6786,397.99,2024-09-25 14:06:36,valid
9129,635434822,buy,F8BQTZNB1,4915,347.21,2024-09-25 14:06:36,valid
9130,226419177,sell,M2NPAH319,1217,489.45,2024-09-25 14:06:36,valid
9131,843494805,buy,JWBUBT7T7,4980,18.38,2024-09-25 14:06:36,valid
9132,119869764,buy,IKQB687K1,8134,249.51,2024-09-25 14:06:36,valid
9133,299922049,sell,7NX40YWD2,589,358.68,2024-09-25 14:06:36,valid
9134,182843879,sell,BYN1M9293,1743,280.27,2024-09-25 14:06:36,valid
9135,754662995,buy,QCB0C8A29,7553,117.21,2024-09-25 14:06:36,valid
9136,802740583,sell,WAYICT2J8,4280,157.16,2024-09-25 14:06:36,valid
9137,738610749,sell,WNOQ4G441,7644,215.07,2024-09-25 14:06:36,valid
9138,178840758,sell,ZE4UY0Z07,3116,348.59,2024-09-25 14:06:36,valid
9139,895791416,buy,7754AX770,2990,400.41,2024-09-25 14:06:36,valid
9140,758903171,buy,P9C8A2DC9,3873,44.26,2024-09-25 14:06:36,valid
9141,300008620,sell,H3VG083G2,4955,351.79,2024-09-25 14:06:36,valid
9142,731968241,sell,CE1ELWAH5,774,463.17,2024-09-25 14:06:36,valid
9143,274977735,sell,GXIN4N0Y4,4086,158.19,2024-09-25 14:06:36,valid
9144,322075501,sell,ZBSSHAQG4,332,419.30,2024-09-25 14:06:36,valid
9145,680044235,sell,HN5EEWSM4,2608,493.70,2024-09-25 14:06:36,valid
9146,496817885,buy,22IDJFJW4,5964,28.31,2024-09-25 14:06:36,valid
9147,218347734,buy,6WSIY9XL7,8709,448.89,2024-09-25 14:06:36,valid
9148,316096394,buy,KCDGWDEH8,7379,92.39,2024-09-25 14:06:36,valid
9149,313443615,buy,RAEOQMSE6,7503,256.99,2024-09-25 14:06:36,valid
9150,987082102,sell,0F7BD3WV3,2891,265.64,2024-09-25 14:06:36,valid
9151,609525727,buy,2BESD7CI7,535,186.02,2024-09-25 14:06:36,valid
9152,114193150,buy,6TAEOCB89,4301,130.06,2024-09-25 14:06:36,valid
9153,597774472,buy,EMPX2GOP0,6445,320.92,2024-09-25 14:06:36,valid
9154,304740018,sell,KWAW1S7A6,6539,142.98,2024-09-25 14:06:36,valid
9155,391262369,buy,6HYBZKZM8,4019,409.63,2024-09-25 14:06:36,valid
9156,826601141,sell,F16NA02C7,6632,366.06,2024-09-25 14:06:36,valid
9157,150503521,sell,VCSTJ1O41,637,457.15,2024-09-25 14:06:36,valid
9158,376855286,buy,L0MYWGVI6,9766,350.08,2024-09-25 14:06:36,valid
9159,161388873,sell,Y1GZJ68F3,2655,387.57,2024-09-25 14:06:36,valid
9160,961498354,sell,IHLPC0JG8,3303,355.17,2024-09-25 14:06:36,valid
9161,656165259,buy,XCUBUL5U1,5184,274.81,2024-09-25 14:06:36,valid
9162,138391597,buy,CF97UKFV9,7449,144.76,2024-09-25 14:06:36,valid
9163,850837245,sell,DAMRK9EC9,4235,100.46,2024-09-25 14:06:36,valid
9164,457391396,sell,DYM148S88,5050,234.87,2024-09-25 14:06:36,valid
9165,429854189,sell,916FYE0R4,9691,56.90,2024-09-25 14:06:36,valid
9166,926851988,sell,X1V1QEZT7,3436,477.57,2024-09-25 14:06:36,valid
9167,715403798,buy,GXN1IJ319,7913,469.41,2024-09-25 14:06:36,valid
9168,251499513,buy,IWZ6QV8I7,146,178.60,2024-09-25 14:06:36,valid
9169,332551030,sell,MD14IBXT7,1334,471.70,2024-09-25 14:06:36,valid
9170,867795790,buy,YZQOJQ5E4,4733,380.45,2024-09-25 14:06:36,valid
9171,218458506,buy,8SRHK5ZO2,2874,95.08,2024-09-25 14:06:36,valid
9172,151574662,sell,NGCAC7296,840,395.43,2024-09-25 14:06:36,valid
9173,382755588,sell,JO27RWIQ6,4311,58.02,2024-09-25 14:06:36,valid
9174,212403406,buy,6UW8VC4Z5,9919,465.15,2024-09-25 14:06:36,valid
9175,657421808,sell,6NZND6CX4,9306,347.08,2024-09-25 14:06:36,valid
9176,544820503,buy,G7ILWBFH1,2709,348.48,2024-09-25 14:06:36,valid
9177,220055565,sell,BOCF2SS49,6656,91.41,2024-09-25 14:06:36,valid
9178,706942038,sell,RDLGATW97,4749,51.07,2024-09-25 14:06:36,valid
9179,247729567,sell,MUUCTE190,6766,45.07,2024-09-25 14:06:36,valid
9180,813244003,buy,FFYK9Y2C9,5716,296.62,2024-09-25 14:06:36,valid
9181,902949479,buy,XI1PSUY63,277,458.99,2024-09-25 14:06:36,valid
9182,350850574,sell,42TGML6C4,7778,275.08,2024-09-25 14:06:36,valid
9183,287397067,sell,L9IR5LPG7,8384,430.05,2024-09-25 14:06:36,valid
9184,987497321,buy,NUNBOKQD4,8008,135.27,2024-09-25 14:06:36,valid
9185,493476485,buy,4RMDI0220,9051,279.29,2024-09-25 14:06:36,valid
9186,569041724,sell,R78EM3883,6894,273.18,2024-09-25 14:06:36,valid
9187,917182932,sell,8JQ886EH3,2226,65.50,2024-09-25 14:06:36,valid
9188,222181410,sell,U1KXRVLA9,6776,419.80,2024-09-25 14:06:36,valid
9189,980795092,sell,N6NZWFO97,3082,225.72,2024-09-25 14:06:36,valid
9190,576638531,sell,5ZD06ZAF7,1582,170.11,2024-09-25 14:06:36,valid
9191,436917920,buy,UAVE12KW4,3561,436.40,2024-09-25 14:06:36,valid
9192,499647156,buy,B76MDNA87,4127,37.94,2024-09-25 14:06:36,valid
9193,863645988,sell,X8J9EGND5,6775,340.92,2024-09-25 14:06:36,valid
9194,936675371,buy,NT671MKS9,1561,183.39,2024-09-25 14:06:36,valid
9195,619992826,sell,A4HIUV821,7572,336.32,2024-09-25 14:06:36,valid
9196,822761514,buy,AY0W26J42,6835,152.04,2024-09-25 14:06:36,valid
9197,315650040,buy,0Q154L0U5,1391,257.87,2024-09-25 14:06:36,valid
9198,107632549,buy,KE270GEZ4,8799,85.01,2024-09-25 14:06:36,valid
9199,575384886,sell,3EW4HHBM9,8629,476.13,2024-09-25 14:06:36,valid
9200,271406020,buy,KCEOQCGT1,1673,322.66,2024-09-25 14:06:36,valid
9201,876590573,buy,6BBM0A057,3526,144.89,2024-09-25 14:06:36,valid
9202,397249094,buy,6YX5B0GE4,9538,360.01,2024-09-25 14:06:36,valid
9203,763283523,sell,RTHMVNP01,6234,105.87,2024-09-25 14:06:36,valid
9204,733900299,sell,1Y1O6HZX9,6074,410.09,2024-09-25 14:06:36,valid
9205,208926836,buy,DQNCYUIU0,7445,375.88,2024-09-25 14:06:36,valid
9206,172274881,sell,FCAR4EPX5,203,330.94,2024-09-25 14:06:36,valid
9207,772353489,sell,9L7XGN0B5,6138,145.67,2024-09-25 14:06:36,valid
9208,481009714,sell,XK72K7TI2,4630,336.27,2024-09-25 14:06:36,valid
9209,888028916,buy,98G2LLKD4,7694,428.47,2024-09-25 14:06:36,valid
9210,268423183,sell,RF02HPAT7,4987,350.64,2024-09-25 14:06:36,valid
9211,677726625,sell,05V2MEGP5,5400,323.35,2024-09-25 14:06:36,valid
9212,568435774,sell,TE1JAWQL2,6995,101.43,2024-09-25 14:06:36,valid
9213,745710640,buy,XQNXD0S14,4431,255.26,2024-09-25 14:06:36,valid
9214,470231047,sell,O50KU4VW4,4818,312.88,2024-09-25 14:06:36,valid
9215,617691333,buy,8OLD33WW5,2716,186.48,2024-09-25 14:06:36,valid
9216,156242946,sell,OJJ5TLS54,6355,255.33,2024-09-25 14:06:36,valid
9217,256204407,buy,8GE6TLBM2,5222,99.80,2024-09-25 14:06:36,valid
9218,216745131,buy,FNSIOJYJ0,6226,438.06,2024-09-25 14:06:36,valid
9219,701823157,sell,184SS1JF2,3327,27.82,2024-09-25 14:06:36,valid
9220,372222128,sell,3Y2I5C0Q4,212,226.85,2024-09-25 14:06:36,valid
9221,813672750,sell,3778OS7P9,2876,128.69,2024-09-25 14:06:36,valid
9222,685444568,buy,T0BF79WQ6,2283,191.64,2024-09-25 14:06:36,valid
9223,879867318,sell,IS35LEYN6,2234,27.45,2024-09-25 14:06:36,valid
9224,634435934,sell,B60Y9RDO7,384,140.43,2024-09-25 14:06:36,valid
9225,734812305,buy,7HN1VIP90,2922,273.00,2024-09-25 14:06:36,valid
9226,890267955,sell,0DNWQF931,305,398.73,2024-09-25 14:06:36,valid
9227,664067384,buy,CBFO80YB6,5006,224.18,2024-09-25 14:06:36,valid
9228,784313753,sell,LLRU65UF3,9016,387.04,2024-09-25 14:06:36,valid
9229,745620718,sell,09PNF86Q8,7344,420.78,2024-09-25 14:06:36,valid
9230,158837865,sell,VZ4NQK6X5,9031,190.09,2024-09-25 14:06:36,valid
9231,593267565,sell,4HDAG2NT4,1845,385.09,2024-09-25 14:06:36,valid
9232,774409903,buy,6S4TLL817,5619,446.18,2024-09-25 14:06:36,valid
9233,431474216,buy,OZSFTGND5,4359,474.80,2024-09-25 14:06:36,valid
9234,567521067,buy,1WZVEVQN2,9608,342.24,2024-09-25 14:06:36,valid
9235,535134839,sell,3JKNJZF43,5587,271.70,2024-09-25 14:06:36,valid
9236,500129953,sell,594M87A59,2126,413.00,2024-09-25 14:06:36,valid
9237,922469462,buy,S6QDCAXL4,3935,288.20,2024-09-25 14:06:36,valid
9238,235540681,sell,BBOKQ1LK7,916,424.92,2024-09-25 14:06:36,valid
9239,415255171,sell,DIT9710G3,8837,317.97,2024-09-25 14:06:36,valid
9240,492959959,sell,RZ76CLFY5,1679,454.68,2024-09-25 14:06:36,valid
9241,785499510,buy,C08WKKL67,5132,57.81,2024-09-25 14:06:36,valid
9242,162527428,sell,MVQ0Q3ZP3,3764,132.95,2024-09-25 14:06:36,valid
9243,523319340,buy,RHJONQMA4,64,367.61,2024-09-25 14:06:36,valid
9244,652303413,sell,POHMIP951,9063,227.24,2024-09-25 14:06:36,valid
9245,198014612,buy,1RHVHYG54,7390,426.61,2024-09-25 14:06:36,valid
9246,187399510,buy,YPZDN9DK0,5646,306.41,2024-09-25 14:06:36,valid
9247,179862766,sell,LI8M12AF3,9236,429.22,2024-09-25 14:06:36,valid
9248,593511249,sell,KSMJDEN52,5366,377.76,2024-09-25 14:06:36,valid
9249,457536854,buy,XZRIDYKQ2,1373,114.47,2024-09-25 14:06:36,valid
9250,285172350,sell,0RBSWZID9,6968,90.37,2024-09-25 14:06:36,valid
9251,172705690,sell,CKLYPHYZ8,3835,465.83,2024-09-25 14:06:36,valid
9252,667561173,buy,ULPBSHH54,938,294.76,2024-09-25 14:06:36,valid
9253,927825120,buy,S46XP93P0,7384,220.39,2024-09-25 14:06:36,valid
9254,221454282,buy,5X634VPX0,468,341.75,2024-09-25 14:06:36,valid
9255,851754088,buy,6EBCO25N1,1110,381.15,2024-09-25 14:06:36,valid
9256,522910939,buy,AVTMWHIQ4,9474,335.04,2024-09-25 14:06:36,valid
9257,202504618,buy,CDID4XC86,3579,325.69,2024-09-25 14:06:36,valid
9258,348393212,sell,4WKMXSEG9,3890,298.21,2024-09-25 14:06:36,valid
9259,507107339,sell,6W1JY3VW5,4903,158.79,2024-09-25 14:06:36,valid
9260,593980057,buy,2YVSKXH98,3957,446.99,2024-09-25 14:06:36,valid
9261,996334785,sell,SIKG7I3A3,7530,420.47,2024-09-25 14:06:36,valid
9262,467421959,buy,HO06ZMKV1,8750,16.13,2024-09-25 14:06:36,valid
9263,554438391,sell,Z6MI1L1X6,6143,201.58,2024-09-25 14:06:36,valid
9264,951678570,sell,HQJ1WK0D6,3035,235.73,2024-09-25 14:06:36,valid
9265,912223782,sell,FYCGGN542,8557,269.67,2024-09-25 14:06:36,valid
9266,352660583,sell,BL7NWBOJ9,4299,117.78,2024-09-25 14:06:36,valid
9267,540580718,buy,OXIH68AM4,5571,107.76,2024-09-25 14:06:36,valid
9268,153521803,buy,VIYLQ19B1,7725,140.50,2024-09-25 14:06:36,valid
9269,743737824,buy,7NORRL656,4729,170.80,2024-09-25 14:06:36,valid
9270,390960052,buy,C9JK90G81,5969,476.43,2024-09-25 14:06:36,valid
9271,450290783,sell,UXKKX0U18,3306,141.37,2024-09-25 14:06:36,valid
9272,939433170,sell,RES4FICO3,533,468.32,2024-09-25 14:06:36,valid
9273,277272505,sell,F81WJM8E0,2983,418.35,2024-09-25 14:06:36,valid
9274,673397564,sell,D3381VE06,9524,190.55,2024-09-25 14:06:36,valid
9275,868698156,sell,0LQK1XOA1,6911,320.05,2024-09-25 14:06:36,valid
9276,640748434,sell,XQ7CGWR99,4024,270.44,2024-09-25 14:06:36,valid
9277,474280742,sell,SSHC4V7X4,6257,180.31,2024-09-25 14:06:36,valid
9278,770915085,buy,4K61DEVL0,776,435.42,2024-09-25 14:06:36,valid
9279,177166164,buy,OUL5RCP10,9586,130.16,2024-09-25 14:06:36,valid
9280,630396652,buy,71FFMJW69,3979,275.73,2024-09-25 14:06:36,valid
9281,872892221,buy,8JELG7RY5,9955,400.45,2024-09-25 14:06:36,valid
9282,463743380,buy,NGREKHOS5,3330,458.80,2024-09-25 14:06:36,valid
9283,644876278,buy,PK8LNIX21,435,467.60,2024-09-25 14:06:36,valid
9284,203325190,buy,3S19GJLL9,5056,277.88,2024-09-25 14:06:36,valid
9285,510096030,buy,ARCTJ5OZ0,430,139.94,2024-09-25 14:06:36,valid
9286,952241502,buy,9GAD5COX8,2634,427.84,2024-09-25 14:06:36,valid
9287,242842586,buy,A2TVDJM64,2151,445.83,2024-09-25 14:06:36,valid
9288,977210445,sell,OFJDYQUX4,9843,275.83,2024-09-25 14:06:36,valid
9289,932278804,sell,GCGQKHGU1,6485,286.07,2024-09-25 14:06:36,valid
9290,171581512,sell,AZF64A1C0,2938,191.33,2024-09-25 14:06:36,valid
9291,725870852,sell,HN2VPLG28,9976,264.15,2024-09-25 14:06:36,valid
9292,660675863,buy,GJVJT89A8,3089,130.17,2024-09-25 14:06:36,valid
9293,121625344,buy,KLE1RBVN8,5538,352.49,2024-09-25 14:06:36,valid
9294,303773699,sell,6JYTPZ694,6542,472.50,2024-09-25 14:06:36,valid
9295,817246476,sell,CLK0ZJ7F0,1016,31.89,2024-09-25 14:06:36,valid
9296,378719962,buy,6HYH0C2C9,3333,410.77,2024-09-25 14:06:36,valid
9297,747335084,sell,EXQDFHAM5,8587,194.36,2024-09-25 14:06:36,valid
9298,594302166,buy,YOMNG39H8,5996,420.58,2024-09-25 14:06:36,valid
9299,378048568,buy,SIM3XNRK2,1982,238.27,2024-09-25 14:06:36,valid
9300,311681032,buy,CJ58WRY37,8378,239.82,2024-09-25 14:06:36,valid
9301,284017809,buy,HS6917C64,4180,94.47,2024-09-25 14:06:36,valid
9302,317345609,buy,TBTZGW4I7,3647,462.18,2024-09-25 14:06:36,valid
9303,976129663,sell,IXFTTYEO8,3471,124.89,2024-09-25 14:06:36,valid
9304,493988986,sell,RLL1J5330,1186,426.23,2024-09-25 14:06:36,valid
9305,138400558,sell,F2TVAOPK7,6450,395.96,2024-09-25 14:06:36,valid
9306,778924511,sell,ND057TYQ2,4110,181.34,2024-09-25 14:06:36,valid
9307,981167719,buy,422M6V081,8854,132.82,2024-09-25 14:06:36,valid
9308,955142855,sell,Y4F503H12,505,407.85,2024-09-25 14:06:36,valid
9309,110058724,sell,QX5JOR3E6,9061,373.79,2024-09-25 14:06:36,valid
9310,449825488,sell,TLU323VR3,6155,295.54,2024-09-25 14:06:36,valid
9311,262489623,sell,0GNG4J380,6565,74.32,2024-09-25 14:06:36,valid
9312,284038682,sell,FCF70NPX8,4540,449.88,2024-09-25 14:06:36,valid
9313,910866760,sell,MH43NT3S7,3323,372.87,2024-09-25 14:06:36,valid
9314,655655359,buy,78F31ZK20,2952,283.62,2024-09-25 14:06:36,valid
9315,640686180,buy,SKVVQ9WL6,4479,367.85,2024-09-25 14:06:36,valid
9316,829312193,buy,ARL25YEO7,5623,189.02,2024-09-25 14:06:36,valid
9317,410100861,sell,BSJVFX712,8296,55.14,2024-09-25 14:06:36,valid
9318,632064907,sell,8TP51PM27,305,223.19,2024-09-25 14:06:36,valid
9319,106910377,sell,1BF6NT9W9,2426,352.72,2024-09-25 14:06:36,valid
9320,332823749,sell,LVCK8L107,3496,407.35,2024-09-25 14:06:36,valid
9321,687163972,buy,Z0T3AMUK9,9072,350.78,2024-09-25 14:06:36,valid
9322,175064495,sell,UPCUXLDA5,2343,135.65,2024-09-25 14:06:36,valid
9323,268503121,buy,37KOAQ0B6,2646,334.40,2024-09-25 14:06:36,valid
9324,580732519,buy,72L3SMTK7,4669,161.56,2024-09-25 14:06:36,valid
9325,879332519,buy,ZYN27X1V1,9810,57.31,2024-09-25 14:06:36,valid
9326,557499791,buy,K5ZU0CS56,7494,354.02,2024-09-25 14:06:36,valid
9327,570912898,sell,DRNOXFCG3,993,350.28,2024-09-25 14:06:36,valid
9328,450548814,buy,78GY712R5,724,112.63,2024-09-25 14:06:36,valid
9329,798986341,sell,JIXABNRD4,6590,283.37,2024-09-25 14:06:36,valid
9330,815223935,sell,I4ZHJ3OF3,7267,310.39,2024-09-25 14:06:36,valid
9331,715665435,sell,NNW46GX21,1353,100.88,2024-09-25 14:06:36,valid
9332,945759684,sell,02CNVN6R4,9414,273.19,2024-09-25 14:06:36,valid
9333,789254460,buy,YNPHJCYY2,7709,254.75,2024-09-25 14:06:36,valid
9334,836607792,sell,SF15YXZ08,2627,405.38,2024-09-25 14:06:36,valid
9335,210287293,sell,J43F9W072,6106,484.35,2024-09-25 14:06:36,valid
9336,586391123,buy,CGJDTX2L3,396,153.39,2024-09-25 14:06:36,valid
9337,283406063,buy,8LPUY5211,460,416.46,2024-09-25 14:06:36,valid
9338,400214358,sell,W66GDFA11,3456,79.52,2024-09-25 14:06:36,valid
9339,813810531,buy,HPP0ATLN3,135,280.89,2024-09-25 14:06:36,valid
9340,588020986,sell,5QOPUIXA7,9777,270.40,2024-09-25 14:06:36,valid
9341,177480948,sell,V5BDTEB69,216,223.28,2024-09-25 14:06:36,valid
9342,280142906,sell,3FYGG09G1,5445,416.14,2024-09-25 14:06:36,valid
9343,810805025,sell,OYJBP8VI9,3706,193.75,2024-09-25 14:06:36,valid
9344,576330047,sell,KCE8MN7V1,2483,297.15,2024-09-25 14:06:36,valid
9345,742621723,sell,1ICT2QWE0,2816,305.65,2024-09-25 14:06:36,valid
9346,779444551,sell,XUIAKVCV6,2673,223.19,2024-09-25 14:06:36,valid
9347,472683624,sell,Y68CV98F2,8692,228.91,2024-09-25 14:06:36,valid
9348,779291040,buy,MTWG9ZMN3,2336,190.08,2024-09-25 14:06:36,valid
9349,218721029,sell,NSUMIKQ36,6345,417.09,2024-09-25 14:06:36,valid
9350,239366876,sell,0G04M1DD9,9125,336.06,2024-09-25 14:06:36,valid
9351,917102265,sell,SUSFSO6P8,8024,314.28,2024-09-25 14:06:36,valid
9352,833161647,buy,P7PFYFXQ5,739,341.78,2024-09-25 14:06:36,valid
9353,547425344,sell,2402YSFI3,4626,115.57,2024-09-25 14:06:36,valid
9354,920478558,sell,BBYZTD498,1941,298.82,2024-09-25 14:06:36,valid
9355,581914524,sell,S8V624X75,1623,148.29,2024-09-25 14:06:36,valid
9356,310505093,sell,EMY85DRJ0,6582,429.83,2024-09-25 14:06:36,valid
9357,275392109,buy,J6S2GPE06,2309,292.47,2024-09-25 14:06:36,valid
9358,150244291,sell,UHHNYT7F2,6767,283.72,2024-09-25 14:06:36,valid
9359,614117552,buy,NTCLZ38N1,5687,279.84,2024-09-25 14:06:36,valid
9360,404750453,buy,CX6O5BRU3,9683,386.57,2024-09-25 14:06:36,valid
9361,346053445,sell,CETLXUTS6,9265,353.09,2024-09-25 14:06:36,valid
9362,869067900,buy,JKPJ2XJA2,8506,445.30,2024-09-25 14:06:36,valid
9363,331700879,sell,PPJ24BB20,5533,332.64,2024-09-25 14:06:36,valid
9364,256183633,buy,D795KXFL5,6447,115.08,2024-09-25 14:06:36,valid
9365,900566453,sell,6LSD4BTI2,2684,212.96,2024-09-25 14:06:36,valid
9366,368670358,buy,YN09WO346,9682,228.06,2024-09-25 14:06:36,valid
9367,205653961,sell,HMTY02V68,9093,251.74,2024-09-25 14:06:36,valid
9368,748652678,sell,5GYAVPKU4,1415,150.57,2024-09-25 14:06:36,valid
9369,298681643,buy,FGYNGV6E1,4049,358.38,2024-09-25 14:06:36,valid
9370,327743693,buy,D98EPDBP7,757,266.86,2024-09-25 14:06:36,valid
9371,915167830,sell,CZ1BD49E4,9639,384.79,2024-09-25 14:06:36,valid
9372,271920493,buy,U9425GR92,9317,398.88,2024-09-25 14:06:36,valid
9373,996504393,buy,51HW8RLN5,8194,402.05,2024-09-25 14:06:36,valid
9374,585749732,sell,3RONOP5M8,9726,499.71,2024-09-25 14:06:36,valid
9375,330952076,buy,M8DP72207,691,326.09,2024-09-25 14:06:36,valid
9376,220920701,sell,QY39HPTP7,9357,291.22,2024-09-25 14:06:36,valid
9377,599197089,buy,D7H6WH974,8319,343.48,2024-09-25 14:06:36,valid
9378,329921536,sell,BAI227329,5134,391.83,2024-09-25 14:06:36,valid
9379,127656534,sell,O0AIZTGW6,5406,338.50,2024-09-25 14:06:36,valid
9380,348967902,buy,KES4JZ8E5,56,110.90,2024-09-25 14:06:36,valid
9381,562822384,buy,AFJ0ZCY70,4546,355.32,2024-09-25 14:06:36,valid
9382,820302765,buy,WE1XNZ307,2455,384.29,2024-09-25 14:06:36,valid
9383,706058595,sell,RWLSHFIS6,7173,74.41,2024-09-25 14:06:36,valid
9384,679711935,sell,JO83ZZ629,7565,393.86,2024-09-25 14:06:36,valid
9385,144922017,sell,H77IO0BU7,695,129.31,2024-09-25 14:06:36,valid
9386,901308898,sell,NK0R2QIS3,9982,338.64,2024-09-25 14:06:36,valid
9387,401572674,sell,AMBFOTFJ0,7597,484.76,2024-09-25 14:06:36,valid
9388,922843774,buy,N4FVDNAV0,8210,79.82,2024-09-25 14:06:36,valid
9389,906509973,buy,LMK5MXLQ0,7669,433.16,2024-09-25 14:06:36,valid
9390,855608395,sell,XCKSF2C02,2916,268.31,2024-09-25 14:06:36,valid
9391,656257835,sell,ZEHIJ0LI3,7087,324.43,2024-09-25 14:06:36,valid
9392,330787314,buy,3SO575SO9,188,116.93,2024-09-25 14:06:36,valid
9393,942189875,sell,C6LFCOLV2,7062,474.61,2024-09-25 14:06:36,valid
9394,322169450,sell,PLHVFZOU6,8540,435.48,2024-09-25 14:06:36,valid
9395,469189714,buy,I5J7NQ5Q1,652,200.22,2024-09-25 14:06:36,valid
9396,728824934,buy,5BJQNBAD6,3263,437.56,2024-09-25 14:06:36,valid
9397,754778331,buy,SI0U5GXL3,1436,351.31,2024-09-25 14:06:36,valid
9398,462788128,sell,BSRAZKFT5,6423,173.19,2024-09-25 14:06:36,valid
9399,922898824,buy,HD9WHT3C5,695,427.91,2024-09-25 14:06:36,valid
9400,129239249,sell,O8P50WSD1,5920,429.83,2024-09-25 14:06:36,valid
9401,203866081,buy,86H6AKQY1,5279,309.19,2024-09-25 14:06:36,valid
9402,165598956,buy,UVU1Q60B9,3126,184.33,2024-09-25 14:06:36,valid
9403,692892497,sell,8WP1JM4Q4,450,32.15,2024-09-25 14:06:36,valid
9404,212804557,sell,DSG39C1O4,4953,128.74,2024-09-25 14:06:36,valid
9405,621584218,sell,AINUKJYR0,3809,35.60,2024-09-25 14:06:36,valid
9406,990160255,buy,WTGIBSEQ1,6519,52.44,2024-09-25 14:06:36,valid
9407,770123311,buy,ACSHRX6D1,9350,378.43,2024-09-25 14:06:36,valid
9408,899864348,sell,5QN7PF0Q1,8687,10.27,2024-09-25 14:06:36,valid
9409,912392718,sell,Z1HY9EGU6,182,452.15,2024-09-25 14:06:36,valid
9410,635722986,buy,OAU3AUMJ1,2340,73.84,2024-09-25 14:06:36,valid
9411,262641540,sell,63HPO5FY8,9612,121.42,2024-09-25 14:06:36,valid
9412,477114363,buy,DIWOZ8MQ4,2617,97.13,2024-09-25 14:06:36,valid
9413,853368535,buy,QX64LYB07,9748,84.28,2024-09-25 14:06:36,valid
9414,706996772,buy,GGHWSUP98,9958,117.95,2024-09-25 14:06:36,valid
9415,991121078,sell,J44F16ML1,4598,335.93,2024-09-25 14:06:36,valid
9416,877161112,sell,N5YTEGBY8,5196,240.04,2024-09-25 14:06:36,valid
9417,399179242,sell,NQNRFP854,7438,250.16,2024-09-25 14:06:36,valid
9418,850639670,buy,UXJ3SGQC0,4249,150.15,2024-09-25 14:06:36,valid
9419,294115607,buy,0P61SGWK3,2145,117.36,2024-09-25 14:06:36,valid
9420,384364288,sell,CMI8E1XI1,5827,21.65,2024-09-25 14:06:36,valid
9421,968833918,sell,49JP11EF1,3248,458.03,2024-09-25 14:06:36,valid
9422,376464130,sell,5OXHLBE81,8528,38.47,2024-09-25 14:06:36,valid
9423,929535139,buy,EW57VX6I4,9250,241.14,2024-09-25 14:06:36,valid
9424,830459866,buy,ZXWR0T367,463,13.50,2024-09-25 14:06:36,valid
9425,305581833,buy,ATAS6Q1L4,475,236.49,2024-09-25 14:06:36,valid
9426,615767145,buy,H0N1ZWQ33,2536,489.66,2024-09-25 14:06:36,valid
9427,708866367,sell,XMAP3EHP4,5742,69.99,2024-09-25 14:06:36,valid
9428,259842720,sell,MJMG3TX53,2060,262.31,2024-09-25 14:06:36,valid
9429,219087914,buy,D50CPLE27,3748,232.83,2024-09-25 14:06:36,valid
9430,618723661,sell,GAUUNHNX3,488,354.16,2024-09-25 14:06:36,valid
9431,225239999,buy,QOII16BZ9,7984,397.08,2024-09-25 14:06:36,valid
9432,511354752,buy,FDWTC52B8,9818,22.02,2024-09-25 14:06:36,valid
9433,169050749,buy,PTZ73DR23,6772,298.95,2024-09-25 14:06:36,valid
9434,167834389,sell,B30GHEUC0,3136,367.53,2024-09-25 14:06:36,valid
9435,410654147,sell,8RGFFJ0I7,9743,488.73,2024-09-25 14:06:36,valid
9436,851653854,sell,GC4BA90O7,1229,469.26,2024-09-25 14:06:36,valid
9437,961835247,sell,B08ATY5I9,2204,211.55,2024-09-25 14:06:36,valid
9438,489513980,buy,G5LOHB9O4,1355,241.81,2024-09-25 14:06:36,valid
9439,669492750,sell,K7SE631F7,4664,384.90,2024-09-25 14:06:36,valid
9440,458323043,buy,5IF8ABWL7,4025,367.81,2024-09-25 14:06:36,valid
9441,667602247,buy,8MMPI5WU4,6653,159.54,2024-09-25 14:06:36,valid
9442,906717195,buy,CFNOZ09L4,4009,307.03,2024-09-25 14:06:36,valid
9443,632832783,sell,7HUZMWY47,8556,208.24,2024-09-25 14:06:36,valid
9444,531094174,buy,RLUNEPL41,4010,441.37,2024-09-25 14:06:36,valid
9445,404354297,buy,F1ZFXDFB7,7802,496.65,2024-09-25 14:06:36,valid
9446,506241035,sell,CQM0JU4J5,4210,322.50,2024-09-25 14:06:36,valid
9447,679018631,sell,MGLP6K557,6793,18.07,2024-09-25 14:06:36,valid
9448,829531467,buy,JZOKXUSI2,2239,29.09,2024-09-25 14:06:36,valid
9449,909995984,buy,SDRTLTPY3,7283,121.92,2024-09-25 14:06:36,valid
9450,113175352,buy,S40B5YGE2,4172,185.01,2024-09-25 14:06:36,valid
9451,343322821,buy,5NPLBFX76,5789,420.17,2024-09-25 14:06:36,valid
9452,552526129,sell,DUFBYMQ56,8565,260.14,2024-09-25 14:06:36,valid
9453,913092774,buy,W7L7CDQB9,6458,75.61,2024-09-25 14:06:36,valid
9454,291028670,buy,81NPZ4N90,2862,18.26,2024-09-25 14:06:36,valid
9455,596750930,sell,L7QNZB3T6,16,416.80,2024-09-25 14:06:36,valid
9456,270883703,sell,GT8V46VF0,3933,279.74,2024-09-25 14:06:36,valid
9457,566564500,buy,GSQ1W8D48,2570,250.05,2024-09-25 14:06:36,valid
9458,835732034,buy,YOMMJ1460,1718,48.91,2024-09-25 14:06:36,valid
9459,954235052,buy,OKFAIXJA9,8011,228.49,2024-09-25 14:06:36,valid
9460,284315137,sell,YE4XF7667,2020,277.42,2024-09-25 14:06:36,valid
9461,764403787,sell,P4U3J7SK7,3168,101.30,2024-09-25 14:06:36,valid
9462,755658795,buy,0M4NMJT28,9691,42.95,2024-09-25 14:06:36,valid
9463,156254376,buy,D8OQ19Q65,9313,475.27,2024-09-25 14:06:36,valid
9464,623158522,sell,S8R70T1T2,187,46.49,2024-09-25 14:06:36,valid
9465,843749473,sell,FVXXLYC08,2058,87.19,2024-09-25 14:06:36,valid
9466,578816648,sell,RAJOPRND8,6728,173.55,2024-09-25 14:06:36,valid
9467,476284806,sell,QBTNFSN96,6196,379.85,2024-09-25 14:06:36,valid
9468,539710552,sell,H695HR5Z0,5651,59.75,2024-09-25 14:06:36,valid
9469,248528607,sell,IJJLFORK3,6412,183.65,2024-09-25 14:06:36,valid
9470,694251615,buy,PDC05LXZ8,9626,357.33,2024-09-25 14:06:36,valid
9471,706953071,sell,T2W804LD4,9939,422.74,2024-09-25 14:06:36,valid
9472,176107908,sell,3SKYOVTK1,8785,88.90,2024-09-25 14:06:36,valid
9473,186036794,sell,P8QT7O0C0,2795,130.13,2024-09-25 14:06:36,valid
9474,878938440,sell,FP6QNTEZ6,9614,11.24,2024-09-25 14:06:36,valid
9475,717469365,sell,KNNIQI3G9,705,46.82,2024-09-25 14:06:36,valid
9476,266674927,buy,Z4SERYFT2,2437,217.95,2024-09-25 14:06:36,valid
9477,392402487,sell,8TR7H0ZE9,717,142.59,2024-09-25 14:06:36,valid
9478,179042881,buy,5TFOXFGN8,3792,214.48,2024-09-25 14:06:36,valid
9479,684320544,buy,F5PL93XF6,6439,273.81,2024-09-25 14:06:36,valid
9480,931729530,buy,PAFAUP4D3,4382,378.01,2024-09-25 14:06:36,valid
9481,176108250,buy,13RF9ZMR2,1947,285.64,2024-09-25 14:06:36,valid
9482,974335981,buy,YJJU4H6B5,525,136.88,2024-09-25 14:06:36,valid
9483,866316468,sell,LAU8B9P64,8136,107.14,2024-09-25 14:06:36,valid
9484,834239767,sell,D59VDA9M5,2796,416.64,2024-09-25 14:06:36,valid
9485,422082843,buy,KLLZZ7IX8,1274,222.20,2024-09-25 14:06:36,valid
9486,905362769,buy,WHVQ9YH55,7694,309.38,2024-09-25 14:06:36,valid
9487,600501424,buy,MH7F1J8H2,9794,131.96,2024-09-25 14:06:36,valid
9488,296859283,sell,P7AD1G7X4,5658,307.54,2024-09-25 14:06:36,valid
9489,646195198,sell,65LBCX373,6281,464.99,2024-09-25 14:06:36,valid
9490,268534955,buy,8M8SP8SU5,7349,256.06,2024-09-25 14:06:36,valid
9491,917184826,sell,CE3DE3BW3,2218,71.80,2024-09-25 14:06:36,valid
9492,515697953,sell,XWXEVOFX4,7088,396.45,2024-09-25 14:06:36,valid
9493,461963653,sell,BB3NB4V98,4242,82.30,2024-09-25 14:06:36,valid
9494,820323775,sell,EYXW0WIF3,913,404.61,2024-09-25 14:06:36,valid
9495,745242907,sell,7OEIPNMU0,8092,53.08,2024-09-25 14:06:36,valid
9496,844521036,sell,DKBVSZRB2,173,253.53,2024-09-25 14:06:36,valid
9497,979273599,sell,MNJT4HJG7,413,399.57,2024-09-25 14:06:36,valid
9498,182896208,sell,A99V64TL2,9945,492.36,2024-09-25 14:06:36,valid
9499,383531867,sell,2ZZB29DY0,3659,131.05,2024-09-25 14:06:36,valid
9500,898540074,buy,DN9HYLFG6,7099,235.18,2024-09-25 14:06:36,valid
9501,722226040,sell,POD4Z2UM6,9870,247.40,2024-09-25 14:06:36,valid
9502,436305743,buy,B18M7LK62,5678,73.72,2024-09-25 14:06:36,valid
9503,819851058,sell,9JTKUFQ19,9090,340.43,2024-09-25 14:06:36,valid
9504,898394461,buy,8WL18LKS0,2830,38.72,2024-09-25 14:06:36,valid
9505,756925014,sell,VGUIA2EQ2,1883,143.68,2024-09-25 14:06:36,valid
9506,385066653,sell,YI4PLSQC7,8764,118.76,2024-09-25 14:06:36,valid
9507,944790578,sell,ZT0TB1Y21,3016,105.69,2024-09-25 14:06:36,valid
9508,962139604,sell,465484AK9,5887,96.57,2024-09-25 14:06:36,valid
9509,621454450,buy,WVTVYUS05,5071,226.47,2024-09-25 14:06:36,valid
9510,183716722,buy,5YG0Y26B3,2156,258.88,2024-09-25 14:06:36,valid
9511,128834618,buy,RKMF6RXB5,6649,44.39,2024-09-25 14:06:36,valid
9512,343782240,sell,IK7NURUB1,7874,466.77,2024-09-25 14:06:36,valid
9513,479465617,buy,R0ZGO6TW8,5551,69.43,2024-09-25 14:06:36,valid
9514,668214829,buy,CUAPW80Y9,9485,365.60,2024-09-25 14:06:36,valid
9515,884463165,sell,2WC3QKSH0,8065,466.03,2024-09-25 14:06:36,valid
9516,962211974,buy,3LM7YOIP9,7183,458.61,2024-09-25 14:06:36,valid
9517,703421859,buy,8229F0PB0,7139,157.59,2024-09-25 14:06:36,valid
9518,226335215,buy,RZ7M2PFF3,9971,249.01,2024-09-25 14:06:36,valid
9519,801892354,buy,4R06499N2,4792,340.29,2024-09-25 14:06:36,valid
9520,400346162,sell,FNSB1XOW1,6344,400.88,2024-09-25 14:06:36,valid
9521,984477603,sell,SKIR4BFJ3,1942,293.18,2024-09-25 14:06:36,valid
9522,411258137,buy,3R1SEAOL7,8734,260.80,2024-09-25 14:06:36,valid
9523,305818500,sell,6QR34HQH6,4024,153.43,2024-09-25 14:06:36,valid
9524,139930054,sell,LFWHF18Y2,6824,248.26,2024-09-25 14:06:36,valid
9525,725760124,buy,RJD61LE68,5091,416.14,2024-09-25 14:06:36,valid
9526,911720070,sell,9VN3UHQE4,6864,264.90,2024-09-25 14:06:36,valid
9527,483352700,sell,ZVJK2BKY8,3896,472.61,2024-09-25 14:06:36,valid
9528,195857855,sell,LGXGNYE15,3407,21.27,2024-09-25 14:06:36,valid
9529,560952047,buy,I2P75GXL3,8612,416.77,2024-09-25 14:06:36,valid
9530,821720401,buy,BOJM7C4O9,7819,205.83,2024-09-25 14:06:36,valid
9531,928406958,buy,8LOH1CRL1,1339,254.28,2024-09-25 14:06:36,valid
9532,626572676,buy,FQ9I2FL35,9424,221.44,2024-09-25 14:06:36,valid
9533,544594319,buy,0T1TA0XM8,6570,187.89,2024-09-25 14:06:36,valid
9534,596714061,buy,20KCDB1D3,8453,445.39,2024-09-25 14:06:36,valid
9535,214529105,sell,YE3LYOMN1,8595,134.03,2024-09-25 14:06:36,valid
9536,520228850,buy,UOABO2G45,3420,308.01,2024-09-25 14:06:36,valid
9537,224724413,sell,TBGIORYC1,9105,106.51,2024-09-25 14:06:36,valid
9538,461745815,sell,JDGUN90X3,5288,199.43,2024-09-25 14:06:36,valid
9539,647440622,buy,ERPXZ2YL2,2561,197.72,2024-09-25 14:06:36,valid
9540,320011251,sell,ACREQZRL4,2729,326.18,2024-09-25 14:06:36,valid
9541,590835677,buy,EWZNX12F4,3299,178.89,2024-09-25 14:06:36,valid
9542,291447563,sell,MIMR2IR12,9747,400.97,2024-09-25 14:06:36,valid
9543,967224554,buy,M7WBM78Q8,6253,432.64,2024-09-25 14:06:36,valid
9544,641036909,sell,UCXSDV3Y5,7338,479.90,2024-09-25 14:06:36,valid
9545,593613742,buy,2NP6AW7P5,1962,158.60,2024-09-25 14:06:36,valid
9546,702232799,sell,PRJU251D6,7880,358.48,2024-09-25 14:06:36,valid
9547,722686878,sell,S07Y2CTQ3,1720,365.19,2024-09-25 14:06:36,valid
9548,497436415,buy,WER2C8Z38,2840,16.61,2024-09-25 14:06:36,valid
9549,735437841,buy,USSY3KL69,6119,394.95,2024-09-25 14:06:36,valid
9550,353173415,sell,18N0YJTH1,3513,224.28,2024-09-25 14:06:36,valid
9551,974422762,buy,Y82D6ZI53,590,378.81,2024-09-25 14:06:36,valid
9552,456177737,buy,LLZN532Q3,9874,289.67,2024-09-25 14:06:36,valid
9553,873205103,buy,U36MY54N5,4214,305.26,2024-09-25 14:06:36,valid
9554,469182314,sell,B57RDG358,7407,207.82,2024-09-25 14:06:36,valid
9555,228194625,buy,VYT6LFLZ2,7237,342.62,2024-09-25 14:06:36,valid
9556,406762411,sell,2XLD2CFA9,6301,249.66,2024-09-25 14:06:36,valid
9557,812687464,sell,D7PRXRPI4,9166,69.45,2024-09-25 14:06:36,valid
9558,929669762,sell,WOKI1UQU1,2032,101.37,2024-09-25 14:06:36,valid
9559,216299161,buy,Z8XM7XV65,5325,430.73,2024-09-25 14:06:36,valid
9560,290361707,buy,UXFUNABV6,521,124.12,2024-09-25 14:06:36,valid
9561,389823636,buy,72ZVZGRJ0,3141,138.63,2024-09-25 14:06:36,valid
9562,512189564,buy,Q45EHO3C0,9806,401.04,2024-09-25 14:06:36,valid
9563,151329368,sell,66302Q5O2,6099,211.93,2024-09-25 14:06:36,valid
9564,909571988,sell,CRZ4ESMN2,6818,431.93,2024-09-25 14:06:36,valid
9565,104637694,sell,GX5GGAOT3,8937,451.59,2024-09-25 14:06:36,valid
9566,209183127,buy,FN1KDNLC6,7777,346.06,2024-09-25 14:06:36,valid
9567,775221913,sell,CJ7QNOJD7,3219,31.74,2024-09-25 14:06:36,valid
9568,957659475,buy,I6OABS528,9163,193.27,2024-09-25 14:06:36,valid
9569,444923742,sell,HEURC3241,2342,433.26,2024-09-25 14:06:36,valid
9570,267162363,sell,QN90B8EL3,1909,159.44,2024-09-25 14:06:36,valid
9571,427358494,buy,WBVVMD932,3699,404.01,2024-09-25 14:06:36,valid
9572,570029662,buy,3VT93MUL9,4627,201.93,2024-09-25 14:06:36,valid
9573,838088436,sell,VLPGWB6O1,307,129.84,2024-09-25 14:06:36,valid
9574,992520381,buy,74UB35F73,4451,91.50,2024-09-25 14:06:36,valid
9575,857021329,buy,K3OEHWJV0,6782,463.05,2024-09-25 14:06:36,valid
9576,352490428,buy,CYAZUOQO0,1708,33.39,2024-09-25 14:06:36,valid
9577,960180639,sell,N92NEGSS3,7158,453.72,2024-09-25 14:06:36,valid
9578,574507823,sell,RZPYM0C71,7659,268.28,2024-09-25 14:06:36,valid
9579,789201683,sell,NCXJWRCK1,53,36.50,2024-09-25 14:06:36,valid
9580,674083672,sell,HHJWFHW31,6147,185.53,2024-09-25 14:06:36,valid
9581,794453425,buy,W92QTETK1,7818,113.29,2024-09-25 14:06:36,valid
9582,577401782,sell,ZR5TYQ6J4,8449,154.59,2024-09-25 14:06:36,valid
9583,620762200,sell,7IWJ0LO97,6743,321.44,2024-09-25 14:06:36,valid
9584,540427073,sell,VEC0IUV46,1610,497.69,2024-09-25 14:06:36,valid
9585,679870259,buy,W6JKCXRY0,8629,457.80,2024-09-25 14:06:36,valid
9586,978854500,buy,629NINDO6,4185,313.12,2024-09-25 14:06:36,valid
9587,520168723,buy,CFMVH9088,8174,432.17,2024-09-25 14:06:36,valid
9588,809255295,sell,CWWQNNOJ3,6526,301.39,2024-09-25 14:06:36,valid
9589,797276311,buy,02DBSHHA1,7736,388.21,2024-09-25 14:06:36,valid
9590,766597163,sell,UITNVPZ75,800,66.52,2024-09-25 14:06:36,valid
9591,328177796,buy,Q0JW22YA7,3296,422.20,2024-09-25 14:06:36,valid
9592,311801989,sell,TBB4A5WI9,2476,158.70,2024-09-25 14:06:36,valid
9593,579960667,buy,OXPQRLX49,2062,147.75,2024-09-25 14:06:36,valid
9594,303268612,sell,3FY3BFN27,1585,113.76,2024-09-25 14:06:36,valid
9595,791752355,sell,2SNAMQ918,1191,47.49,2024-09-25 14:06:36,valid
9596,175421966,buy,EDQN5CKP1,9978,78.17,2024-09-25 14:06:36,valid
9597,676941419,sell,LQB8PKO20,3693,358.57,2024-09-25 14:06:36,valid
9598,591175795,sell,OLYG6J0A7,2662,436.09,2024-09-25 14:06:36,valid
9599,736971287,sell,UA1X8P8T8,7583,206.07,2024-09-25 14:06:36,valid
9600,381034063,buy,Q41K6S267,7310,188.36,2024-09-25 14:06:36,valid
9601,295266954,sell,UBKF693Y6,9029,239.01,2024-09-25 14:06:36,valid
9602,221428151,buy,VX5T1HFJ1,1317,366.29,2024-09-25 14:06:36,valid
9603,911923952,sell,JMRU40V33,3123,337.39,2024-09-25 14:06:36,valid
9604,897015535,sell,O0LE2TXP5,2461,79.82,2024-09-25 14:06:36,valid
9605,739297457,sell,BCD9O9ZC0,8457,272.19,2024-09-25 14:06:36,valid
9606,828461754,sell,6K3JACI34,42,242.41,2024-09-25 14:06:36,valid
9607,489502589,sell,D51H2YCW8,2404,101.78,2024-09-25 14:06:36,valid
9608,629854436,buy,1O9T8C2U3,2751,428.74,2024-09-25 14:06:36,valid
9609,579540372,sell,RW7OPIXA8,2647,140.82,2024-09-25 14:06:36,valid
9610,283742387,buy,FSYTD7UL5,4621,270.47,2024-09-25 14:06:36,valid
9611,536263675,sell,8XOI87Q87,6683,182.08,2024-09-25 14:06:36,valid
9612,657215580,sell,C105N4XG0,6671,482.88,2024-09-25 14:06:36,valid
9613,392644261,sell,ZW6SWV7S4,5421,46.98,2024-09-25 14:06:36,valid
9614,295435366,sell,KDA8BTPE0,7312,273.71,2024-09-25 14:06:36,valid
9615,784731711,sell,ZMHIVQWZ4,6269,13.21,2024-09-25 14:06:36,valid
9616,268580992,buy,GBTIIZIP9,9162,312.14,2024-09-25 14:06:36,valid
9617,330939987,buy,L86F6O1Q5,4466,334.59,2024-09-25 14:06:36,valid
9618,469523170,sell,4PAECBXT4,4355,234.48,2024-09-25 14:06:36,valid
9619,276295267,buy,KPGD714R6,2227,276.59,2024-09-25 14:06:36,valid
9620,171038385,sell,G57FVTRT3,109,56.70,2024-09-25 14:06:36,valid
9621,285277841,buy,X47ASBSN3,5448,373.37,2024-09-25 14:06:36,valid
9622,982979745,buy,CTKF4NW75,2387,390.48,2024-09-25 14:06:36,valid
9623,402036651,sell,IR7SZUEQ8,1393,311.41,2024-09-25 14:06:36,valid
9624,203681615,sell,G9OA42B63,6468,369.74,2024-09-25 14:06:36,valid
9625,403110799,sell,ETY9JDFI3,1201,244.62,2024-09-25 14:06:36,valid
9626,775065038,sell,LB1828W27,3414,271.50,2024-09-25 14:06:36,valid
9627,292879187,buy,KOUJRNKX9,7138,326.49,2024-09-25 14:06:36,valid
9628,541802225,buy,HY77QDOM6,8958,298.86,2024-09-25 14:06:36,valid
9629,367110394,sell,AN5FY80U1,9958,339.27,2024-09-25 14:06:36,valid
9630,559962983,buy,AE4HE7KL0,7590,119.28,2024-09-25 14:06:36,valid
9631,313442398,buy,FEN5MLR33,9899,349.50,2024-09-25 14:06:36,valid
9632,409145293,sell,99SIJ3W93,7931,62.98,2024-09-25 14:06:36,valid
9633,884766287,buy,7CHM7E1W3,4802,382.97,2024-09-25 14:06:36,valid
9634,891965288,sell,ICU3K7RA8,3179,209.84,2024-09-25 14:06:36,valid
9635,414138401,buy,6CVIP2QI7,6855,332.03,2024-09-25 14:06:36,valid
9636,257143441,buy,26FSNIKS1,7746,282.94,2024-09-25 14:06:36,valid
9637,650030124,buy,4YLRW3R91,167,17.75,2024-09-25 14:06:36,valid
9638,198518715,buy,DPHMM6CG0,115,444.25,2024-09-25 14:06:36,valid
9639,987180713,buy,DRJQHQPE8,9895,234.20,2024-09-25 14:06:36,valid
9640,508596970,buy,05WRKI9J4,395,23.86,2024-09-25 14:06:36,valid
9641,187424303,buy,OMTRGR8T9,7853,127.83,2024-09-25 14:06:36,valid
9642,797918790,buy,OQE6G7AL0,8567,104.00,2024-09-25 14:06:36,valid
9643,978590962,buy,OW3TL5DE0,9411,220.13,2024-09-25 14:06:36,valid
9644,977971335,buy,3PBIUN4F1,2829,451.21,2024-09-25 14:06:36,valid
9645,503842456,sell,G81RHD8C6,5249,47.67,2024-09-25 14:06:36,valid
9646,137725884,sell,8VNP2NKY6,3902,331.65,2024-09-25 14:06:36,valid
9647,648588169,buy,IMU5R2Q99,7307,189.10,2024-09-25 14:06:36,valid
9648,729717896,buy,S1LQF1L80,6175,196.43,2024-09-25 14:06:36,valid
9649,475878777,sell,JOJ3DF5S9,8547,16.26,2024-09-25 14:06:36,valid
9650,665937199,buy,YBS9RAFA1,6067,119.63,2024-09-25 14:06:36,valid
9651,982559311,buy,295CTFRR6,6504,63.10,2024-09-25 14:06:36,valid
9652,842167771,sell,YIN8M5FV3,6282,425.05,2024-09-25 14:06:36,valid
9653,382148440,sell,21Q5RJLW4,9765,119.36,2024-09-25 14:06:36,valid
9654,178881875,buy,L3YH016B5,6342,466.84,2024-09-25 14:06:36,valid
9655,468567232,buy,8MBC39IQ8,2148,119.62,2024-09-25 14:06:36,valid
9656,351115134,sell,MB9JVT1F1,2699,341.04,2024-09-25 14:06:36,valid
9657,117302517,sell,2NU7U5ZY4,4900,319.41,2024-09-25 14:06:36,valid
9658,861506121,sell,OFBNYTZB7,3398,24.56,2024-09-25 14:06:36,valid
9659,650996422,sell,EL8MO69C9,2841,13.60,2024-09-25 14:06:36,valid
9660,435073154,sell,HO55221W7,1695,262.82,2024-09-25 14:06:36,valid
9661,913440874,sell,S6RNJ1CY9,4486,89.55,2024-09-25 14:06:36,valid
9662,487665208,sell,UCZ91RVX8,6682,297.31,2024-09-25 14:06:36,valid
9663,470694888,buy,80MHNU455,2614,73.73,2024-09-25 14:06:36,valid
9664,530643774,sell,6QRLLQ796,8308,417.92,2024-09-25 14:06:36,valid
9665,550087131,buy,UVGZSP2E8,7703,163.97,2024-09-25 14:06:36,valid
9666,603034766,buy,HNHPCUDF3,1615,108.82,2024-09-25 14:06:36,valid
9667,592175536,sell,E9WL5NAS8,2988,286.87,2024-09-25 14:06:36,valid
9668,280179450,sell,4MBLVC1H2,9824,389.47,2024-09-25 14:06:36,valid
9669,630174917,buy,CTQF33GU1,8282,493.87,2024-09-25 14:06:36,valid
9670,798544246,buy,VSNW0O1L1,9350,429.43,2024-09-25 14:06:36,valid
9671,849062095,buy,7GRYROGV9,8883,341.49,2024-09-25 14:06:36,valid
9672,132376758,buy,WD44YAY66,8097,405.53,2024-09-25 14:06:36,valid
9673,562687241,buy,F3OTMIK46,8105,161.68,2024-09-25 14:06:36,valid
9674,678216266,buy,RGPXIB6Z1,7598,203.96,2024-09-25 14:06:36,valid
9675,870298624,buy,LAZ1AZQZ2,3579,183.64,2024-09-25 14:06:36,valid
9676,655575650,buy,8KBMKO8P1,893,26.85,2024-09-25 14:06:36,valid
9677,159736987,sell,73GJKOL69,9122,136.95,2024-09-25 14:06:36,valid
9678,442434913,buy,BUFYKPQA5,630,363.03,2024-09-25 14:06:36,valid
9679,244708363,buy,BBIJZB945,3810,481.98,2024-09-25 14:06:36,valid
9680,524299091,buy,FFHF9V7L0,718,322.75,2024-09-25 14:06:36,valid
9681,302805205,sell,74OBHK5D0,2619,141.56,2024-09-25 14:06:36,valid
9682,157668378,buy,63FDGR347,3898,484.03,2024-09-25 14:06:36,valid
9683,350995836,sell,MTLBZYU92,2025,25.57,2024-09-25 14:06:36,valid
9684,187671824,sell,MLUDFCEO0,482,349.53,2024-09-25 14:06:36,valid
9685,288508857,sell,2KSKCQT66,7387,205.20,2024-09-25 14:06:36,valid
9686,715963653,sell,T79BQNQ39,6480,339.00,2024-09-25 14:06:36,valid
9687,126263759,sell,7RIFS6A57,2584,190.97,2024-09-25 14:06:36,valid
9688,174309478,buy,RLHP9H0C0,7150,355.98,2024-09-25 14:06:36,valid
9689,504399181,buy,1UMOGENK1,5738,16.37,2024-09-25 14:06:36,valid
9690,771210054,sell,7U4UFK429,2131,212.89,2024-09-25 14:06:36,valid
9691,847190855,sell,HY4SJ2JA7,4351,88.12,2024-09-25 14:06:36,valid
9692,694040029,sell,D3IU2QDW2,7692,432.21,2024-09-25 14:06:36,valid
9693,148522948,buy,9VMKUQTR5,390,407.91,2024-09-25 14:06:36,valid
9694,956704289,buy,84EAJVUJ5,7285,350.72,2024-09-25 14:06:36,valid
9695,973835614,buy,MOMRJ25M4,7,436.54,2024-09-25 14:06:36,valid
9696,634717448,sell,65X3A5RH3,805,336.17,2024-09-25 14:06:36,valid
9697,411461886,buy,8R8UBF6A6,4338,404.12,2024-09-25 14:06:36,valid
9698,948069085,buy,0TGRZB9X8,1209,71.60,2024-09-25 14:06:36,valid
9699,422878657,buy,KWVTS92C4,2299,166.42,2024-09-25 14:06:36,valid
9700,904355989,buy,D7PQHORE8,439,386.89,2024-09-25 14:06:36,valid
9701,516590662,buy,504RQG7P7,9537,330.84,2024-09-25 14:06:36,valid
9702,379259123,sell,D4H92MYP9,8375,250.96,2024-09-25 14:06:36,valid
9703,645451028,sell,3CK4VR6V4,3283,239.04,2024-09-25 14:06:36,valid
9704,562653182,sell,J8W2DSON3,4048,21.04,2024-09-25 14:06:36,valid
9705,702897687,sell,PP7ECSNA0,7817,197.19,2024-09-25 14:06:36,valid
9706,547436412,sell,JFJNQAAY2,8233,306.42,2024-09-25 14:06:36,valid
9707,854406237,buy,JMANVI2I7,2453,291.80,2024-09-25 14:06:36,valid
9708,318534522,sell,KCVWEUY59,866,192.56,2024-09-25 14:06:36,valid
9709,749799892,buy,ROZ45TOM1,8321,280.69,2024-09-25 14:06:36,valid
9710,402169765,sell,NXMS8UBP7,1905,159.06,2024-09-25 14:06:36,valid
9711,263040368,buy,GCWYMP231,2914,488.78,2024-09-25 14:06:36,valid
9712,916660743,buy,SRH3E4RJ4,160,271.89,2024-09-25 14:06:36,valid
9713,986079325,sell,VDWCZ75V1,2957,87.28,2024-09-25 14:06:36,valid
9714,172840413,buy,3D6HXRDD9,5483,462.80,2024-09-25 14:06:36,valid
9715,388700175,sell,RDLGQ8505,7838,478.07,2024-09-25 14:06:36,valid
9716,246555321,sell,87UUYXZW1,4884,243.91,2024-09-25 14:06:36,valid
9717,144268636,sell,F43XKP8F3,4877,277.02,2024-09-25 14:06:36,valid
9718,174866967,buy,VKY4RP8J4,7544,290.58,2024-09-25 14:06:36,valid
9719,618872931,sell,O27MH07U4,5236,79.45,2024-09-25 14:06:36,valid
9720,234941050,buy,YOKLIMIK3,8895,451.08,2024-09-25 14:06:36,valid
9721,942702515,sell,GHJ9GEOL8,5035,478.11,2024-09-25 14:06:36,valid
9722,750584523,buy,1TZB4C1G8,4685,12.25,2024-09-25 14:06:36,valid
9723,702930147,buy,XMEGT9JQ9,9832,406.22,2024-09-25 14:06:36,valid
9724,700339959,sell,PAPM1ZRH2,3607,261.35,2024-09-25 14:06:36,valid
9725,499626664,sell,H9Y5CD467,7320,218.38,2024-09-25 14:06:36,valid
9726,874559104,buy,1R26XNUN6,6404,360.79,2024-09-25 14:06:36,valid
9727,744150134,buy,5WA55XVS1,7224,59.39,2024-09-25 14:06:36,valid
9728,925803420,sell,PVEM71RH7,4657,236.68,2024-09-25 14:06:36,valid
9729,216382711,sell,W833PYLI6,9022,121.34,2024-09-25 14:06:36,valid
9730,307274259,buy,W086YGBG5,648,142.15,2024-09-25 14:06:36,valid
9731,787319032,buy,C9ASLPXH5,7514,397.90,2024-09-25 14:06:36,valid
9732,273057217,buy,4MX3FXGA9,8970,155.50,2024-09-25 14:06:36,valid
9733,618455612,buy,0UQO9Y2C3,7365,137.47,2024-09-25 14:06:36,valid
9734,373402201,sell,2LCAXI739,8472,192.01,2024-09-25 14:06:36,valid
9735,911003051,sell,Y01KPJHJ1,6587,465.51,2024-09-25 14:06:36,valid
9736,155644749,buy,MI89PF497,3526,460.55,2024-09-25 14:06:36,valid
9737,300317503,sell,A4NRE0Q53,1370,74.59,2024-09-25 14:06:36,valid
9738,647969739,buy,TPKQ7TRV8,1669,384.63,2024-09-25 14:06:36,valid
9739,539525702,buy,YL33U9SJ5,2719,194.85,2024-09-25 14:06:36,valid
9740,999821668,sell,XNY5YL7D8,5063,321.06,2024-09-25 14:06:36,valid
9741,192573948,sell,QLUSZ7RJ9,5415,370.39,2024-09-25 14:06:36,valid
9742,644879584,buy,7Q7KULYP4,7597,263.99,2024-09-25 14:06:36,valid
9743,321279040,sell,T2GQQL999,9832,63.18,2024-09-25 14:06:36,valid
9744,486583554,sell,4W8O0PU73,4048,364.59,2024-09-25 14:06:36,valid
9745,322017398,sell,F331UVCB5,1552,392.95,2024-09-25 14:06:36,valid
9746,396619243,buy,1VODYO0K4,4861,485.09,2024-09-25 14:06:36,valid
9747,702955046,buy,GNPYG14V1,9903,367.67,2024-09-25 14:06:36,valid
9748,739728517,buy,5KEK8KO12,7845,468.17,2024-09-25 14:06:36,valid
9749,858260006,buy,5XLBYM381,1455,436.27,2024-09-25 14:06:36,valid
9750,538538433,sell,D6IFWPLF5,7760,55.34,2024-09-25 14:06:36,valid
9751,299582844,buy,2SR0V4JU0,4540,70.48,2024-09-25 14:06:36,valid
9752,246100142,sell,KV1T7HGW5,5407,342.18,2024-09-25 14:06:36,valid
9753,616236176,buy,6G2D7BSK4,6562,196.47,2024-09-25 14:06:36,valid
9754,254425135,sell,EZHOS5TJ5,6205,306.35,2024-09-25 14:06:36,valid
9755,412615153,sell,CWNXKQ7X2,236,94.04,2024-09-25 14:06:36,valid
9756,680195525,buy,7SSJ4FTW3,5809,75.17,2024-09-25 14:06:36,valid
9757,260169980,sell,GFZD3RKE0,4506,482.28,2024-09-25 14:06:36,valid
9758,251059876,buy,TF2IC1U31,1654,387.16,2024-09-25 14:06:36,valid
9759,661278818,buy,J7KZGHJ36,7477,338.23,2024-09-25 14:06:36,valid
9760,313082856,buy,K4WA6HEV7,8019,67.70,2024-09-25 14:06:36,valid
9761,716306154,sell,3PBE38MB2,8170,359.21,2024-09-25 14:06:36,valid
9762,950985270,buy,HRP9NPEV4,2658,92.59,2024-09-25 14:06:36,valid
9763,992528350,sell,PBC52DEM2,3310,253.88,2024-09-25 14:06:36,valid
9764,905066804,sell,WRRMW8SY3,5686,35.41,2024-09-25 14:06:36,valid
9765,495552386,sell,IASNPAMH9,131,23.81,2024-09-25 14:06:36,valid
9766,616448164,buy,OXYTWBKC5,4311,272.59,2024-09-25 14:06:36,valid
9767,399373995,sell,X4ODJW6H9,5961,301.01,2024-09-25 14:06:36,valid
9768,324432212,sell,NE8EOQCM3,8646,258.05,2024-09-25 14:06:36,valid
9769,945824436,buy,I4JGD1TY7,1901,291.79,2024-09-25 14:06:36,valid
9770,656904385,buy,RB7RQXZ78,1385,114.24,2024-09-25 14:06:36,valid
9771,732186296,sell,1Q78UHMJ3,9307,134.19,2024-09-25 14:06:36,valid
9772,269217581,buy,TN1F8S8Q1,9653,360.51,2024-09-25 14:06:36,valid
9773,112451302,sell,EGHKEW888,2928,206.95,2024-09-25 14:06:36,valid
9774,197814362,sell,LC76VG770,6340,444.79,2024-09-25 14:06:36,valid
9775,840447489,sell,PICY34P74,9588,109.18,2024-09-25 14:06:36,valid
9776,382483647,buy,MPSKETMX3,9131,44.86,2024-09-25 14:06:36,valid
9777,481728230,buy,9OXURPDN9,1656,85.37,2024-09-25 14:06:36,valid
9778,725846881,sell,ZCVCOY5N1,6477,331.02,2024-09-25 14:06:36,valid
9779,872376473,buy,SSEQQTPC3,4090,244.57,2024-09-25 14:06:36,valid
9780,354530690,sell,U5YXUVQI9,5767,439.42,2024-09-25 14:06:36,valid
9781,605882513,sell,6TG87JGH5,6434,110.55,2024-09-25 14:06:36,valid
9782,494554151,buy,LVT4LSN35,7335,223.85,2024-09-25 14:06:36,valid
9783,625060311,buy,68KTE6MW0,7737,61.32,2024-09-25 14:06:36,valid
9784,105737827,buy,IP9MMDL38,1444,11.88,2024-09-25 14:06:36,valid
9785,491091071,buy,YPWDA6AE0,1125,236.59,2024-09-25 14:06:36,valid
9786,229523896,buy,R6INKAUY8,9693,378.53,2024-09-25 14:06:36,valid
9787,509757756,buy,LO290KZ10,1482,134.41,2024-09-25 14:06:36,valid
9788,295203353,buy,YM1T2JFV4,6493,307.98,2024-09-25 14:06:36,valid
9789,911807626,sell,KN4UYV6H0,1031,382.28,2024-09-25 14:06:36,valid
9790,701221757,sell,COOO3X6G1,4274,236.00,2024-09-25 14:06:36,valid
9791,752077347,buy,XR2M9W6Y6,9553,60.16,2024-09-25 14:06:36,valid
9792,785147677,buy,OA4KQ4WE3,9012,428.74,2024-09-25 14:06:36,valid
9793,590168885,buy,IMTF1QRD4,6958,373.86,2024-09-25 14:06:36,valid
9794,904651098,buy,W5KK0NUY1,2386,155.79,2024-09-25 14:06:36,valid
9795,406106269,sell,EDE6JAXK7,5990,384.01,2024-09-25 14:06:36,valid
9796,411614013,buy,OZ8CBOD62,1434,460.44,2024-09-25 14:06:36,valid
9797,595254838,sell,25HMZKFX1,4583,336.10,2024-09-25 14:06:36,valid
9798,767277324,sell,GOQENVD89,3561,254.81,2024-09-25 14:06:36,valid
9799,395390533,buy,2QGTPPGT9,3631,486.74,2024-09-25 14:06:36,valid
9800,568798063,sell,3YLH4V290,3585,165.58,2024-09-25 14:06:36,valid
9801,111054991,sell,0K5X66323,6029,484.08,2024-09-25 14:06:36,valid
9802,435795330,buy,10LOIO3C4,9177,474.11,2024-09-25 14:06:36,valid
9803,469179182,buy,LC4Y4HMV0,6504,306.77,2024-09-25 14:06:36,valid
9804,754180024,sell,1WSDIGCQ7,8985,229.13,2024-09-25 14:06:36,valid
9805,263314938,buy,JVZT7N988,9770,280.00,2024-09-25 14:06:36,valid
9806,695121849,buy,MX6AX50H2,5043,276.82,2024-09-25 14:06:36,valid
9807,324521735,sell,GNQLEHPV2,248,97.35,2024-09-25 14:06:36,valid
9808,373280651,sell,GM2AC4TA7,3870,67.34,2024-09-25 14:06:36,valid
9809,475081517,buy,HTGNZ9VN1,9651,173.90,2024-09-25 14:06:36,valid
9810,111477714,buy,C2MGYQR68,4539,449.36,2024-09-25 14:06:36,valid
9811,521172819,buy,OYOS0VSD7,7487,418.82,2024-09-25 14:06:36,valid
9812,465022175,buy,4SHTWOND4,9282,132.60,2024-09-25 14:06:36,valid
9813,727119981,buy,EIHL9HAI6,3881,95.62,2024-09-25 14:06:36,valid
9814,434946952,sell,S8IE0NFB4,9034,415.83,2024-09-25 14:06:36,valid
9815,828319440,sell,ZMOAMV8I7,7087,457.85,2024-09-25 14:06:36,valid
9816,988976026,buy,W5KOBRA32,7212,123.35,2024-09-25 14:06:36,valid
9817,661950613,sell,P6G3TXEQ2,502,38.60,2024-09-25 14:06:36,valid
9818,553116704,sell,9G7HV3GV7,4201,261.90,2024-09-25 14:06:36,valid
9819,797831737,buy,NRO60Z166,1036,467.42,2024-09-25 14:06:36,valid
9820,516226219,buy,UGV32OW29,6184,67.14,2024-09-25 14:06:36,valid
9821,403120005,sell,JHOA9PIW2,7707,59.83,2024-09-25 14:06:36,valid
9822,545844014,sell,V9VT11F35,6241,91.26,2024-09-25 14:06:36,valid
9823,895350354,sell,O5V1YSL89,5547,114.16,2024-09-25 14:06:36,valid
9824,768322706,buy,H8SSDWKX6,1177,131.93,2024-09-25 14:06:36,valid
9825,696939291,sell,43VHJQ457,8513,499.17,2024-09-25 14:06:36,valid
9826,436776597,sell,IG0905BA2,7997,328.47,2024-09-25 14:06:36,valid
9827,958539245,buy,U9SG21F78,8849,141.23,2024-09-25 14:06:36,valid
9828,664582282,buy,RAZXFS0B8,8227,438.71,2024-09-25 14:06:36,valid
9829,285397322,sell,KNJJR6AN4,1797,100.34,2024-09-25 14:06:36,valid
9830,991907513,sell,BA2IX0OH6,3251,137.36,2024-09-25 14:06:36,valid
9831,252388886,sell,APPKE7N99,2062,496.94,2024-09-25 14:06:36,valid
9832,950841404,buy,ZWPH7W1Z3,144,213.15,2024-09-25 14:06:36,valid
9833,102855189,sell,YJZJ75IB2,8438,414.97,2024-09-25 14:06:36,valid
9834,969369603,buy,IMAYGXAD0,5411,465.49,2024-09-25 14:06:36,valid
9835,229075426,buy,0BFKCMY40,6693,372.20,2024-09-25 14:06:36,valid
9836,276305986,sell,Q1K7W45J4,32,156.34,2024-09-25 14:06:36,valid
9837,966730637,buy,P4RXYU1V2,5122,67.16,2024-09-25 14:06:36,valid
9838,187543164,sell,MW2ODI2P2,9472,37.88,2024-09-25 14:06:36,valid
9839,254336874,buy,7JKU90HI8,3901,157.49,2024-09-25 14:06:36,valid
9840,852160659,buy,5RCFZMXW8,3322,351.00,2024-09-25 14:06:36,valid
9841,419916866,sell,ROAH0OTF5,2427,174.39,2024-09-25 14:06:36,valid
9842,186596790,sell,6JTH5TOV3,2409,385.91,2024-09-25 14:06:36,valid
9843,212049043,sell,C0CNN8OT3,3948,474.16,2024-09-25 14:06:36,valid
9844,787042083,buy,JP9FGSMU5,6487,35.18,2024-09-25 14:06:36,valid
9845,975290135,buy,F4AHLD4D5,4014,80.73,2024-09-25 14:06:36,valid
9846,506082245,sell,LWJSATL82,1166,66.58,2024-09-25 14:06:36,valid
9847,989156677,sell,BZ6RHHBH2,9229,408.17,2024-09-25 14:06:36,valid
9848,810144128,buy,BE6M5NES3,7575,59.88,2024-09-25 14:06:36,valid
9849,350196052,buy,Y6Q3ZRTK4,4061,425.88,2024-09-25 14:06:36,valid
9850,336779421,sell,DR2HOXOB0,3985,260.00,2024-09-25 14:06:36,valid
9851,251434601,sell,M15762E66,8316,343.40,2024-09-25 14:06:36,valid
9852,265617684,buy,OMSHLVUN5,4363,493.45,2024-09-25 14:06:36,valid
9853,213240631,sell,V378KHM52,9337,34.32,2024-09-25 14:06:36,valid
9854,321305732,sell,GG8MXGA26,6166,423.23,2024-09-25 14:06:36,valid
9855,695654736,buy,WNY2ZKYH8,714,296.77,2024-09-25 14:06:36,valid
9856,622170658,sell,8PHSRAKV7,2436,239.60,2024-09-25 14:06:36,valid
9857,883728676,buy,A8JW769Y9,4062,180.42,2024-09-25 14:06:36,valid
9858,843633262,sell,PAKS2Z9X8,7707,188.78,2024-09-25 14:06:36,valid
9859,168157894,buy,HZUDF3P96,8513,170.92,2024-09-25 14:06:36,valid
9860,925709462,buy,B46RDZM42,3790,66.39,2024-09-25 14:06:36,valid
9861,596473846,buy,0WPMV1IL4,6614,298.33,2024-09-25 14:06:36,valid
9862,546761914,buy,FBSUPD8E1,9726,170.06,2024-09-25 14:06:36,valid
9863,777126377,sell,5Q7X2CL57,8831,300.63,2024-09-25 14:06:36,valid
9864,781113505,buy,X2CHIMUL4,3806,434.05,2024-09-25 14:06:36,valid
9865,507805552,sell,SRJ1OVQW7,1557,265.61,2024-09-25 14:06:36,valid
9866,172196640,buy,DLZ29NUM8,1207,91.16,2024-09-25 14:06:36,valid
9867,930795202,sell,YFFM2O0G7,6593,404.54,2024-09-25 14:06:36,valid
9868,362019317,buy,HC2YIF5Q6,4650,369.49,2024-09-25 14:06:36,valid
9869,373819986,buy,10RY3VQU1,6685,226.69,2024-09-25 14:06:36,valid
9870,704663497,sell,ZGBT2Q0P8,2394,267.09,2024-09-25 14:06:36,valid
9871,746265462,sell,HTKPEUAG5,9829,479.55,2024-09-25 14:06:36,valid
9872,963722643,sell,MSFVFHVF1,1107,176.57,2024-09-25 14:06:36,valid
9873,541269023,buy,BTMVOE0N7,4766,120.54,2024-09-25 14:06:36,valid
9874,666503575,sell,ZW1VW87W4,6224,417.57,2024-09-25 14:06:36,valid
9875,663211034,buy,90Q75ZQ81,5998,86.51,2024-09-25 14:06:36,valid
9876,152844679,sell,C2EOVBID1,9652,289.24,2024-09-25 14:06:36,valid
9877,834958205,sell,MB9DAHQO7,3503,306.89,2024-09-25 14:06:36,valid
9878,953694586,buy,3DNKTIBH1,7733,164.26,2024-09-25 14:06:36,valid
9879,450510445,buy,JSJRJWV63,3261,52.36,2024-09-25 14:06:36,valid
9880,171556791,sell,4NP16Y4Z6,521,124.65,2024-09-25 14:06:36,valid
9881,182842411,sell,Y3Y6LY2V0,522,341.28,2024-09-25 14:06:36,valid
9882,444097980,buy,THY4HH7N5,3482,434.59,2024-09-25 14:06:36,valid
9883,751020004,buy,ZG4KPFWC8,6426,44.96,2024-09-25 14:06:36,valid
9884,141285149,buy,H43NTQA02,1097,188.64,2024-09-25 14:06:36,valid
9885,602407057,buy,4HDIGTNI2,9836,310.62,2024-09-25 14:06:36,valid
9886,201567996,buy,EU8199MY3,1292,252.45,2024-09-25 14:06:36,valid
9887,829991596,sell,ZXB1OLXP3,6801,393.91,2024-09-25 14:06:36,valid
9888,353443981,sell,YXAP7IXW3,1164,409.37,2024-09-25 14:06:36,valid
9889,430103499,sell,O6EASFKJ8,5135,294.36,2024-09-25 14:06:36,valid
9890,787028002,sell,5PRNTVG05,9145,357.09,2024-09-25 14:06:36,valid
9891,770333124,sell,4X8L9HWS8,4217,444.63,2024-09-25 14:06:36,valid
9892,538301074,sell,7HSWZLVC2,7888,225.24,2024-09-25 14:06:36,valid
9893,150308978,sell,UJXLLGBA2,5828,332.17,2024-09-25 14:06:36,valid
9894,339717424,buy,DK5SKRMS0,8539,154.81,2024-09-25 14:06:36,valid
9895,114360964,sell,XXYTINHP0,6210,116.17,2024-09-25 14:06:36,valid
9896,571121314,sell,NT7492LU5,1479,243.51,2024-09-25 14:06:36,valid
9897,360436995,buy,6E4OPPWK7,3768,61.63,2024-09-25 14:06:36,valid
9898,343247225,sell,5VKDWTAZ1,5778,498.89,2024-09-25 14:06:36,valid
9899,489572100,sell,XNQ3KUU74,340,475.05,2024-09-25 14:06:36,valid
9900,952485537,sell,A9P6J6GY6,9183,479.82,2024-09-25 14:06:36,valid
9901,956648986,buy,81PUSMLY2,9186,432.95,2024-09-25 14:06:36,valid
9902,207935579,buy,X5GPGK5F2,9935,41.74,2024-09-25 14:06:36,valid
9903,225596555,buy,WQBWMEK59,927,278.50,2024-09-25 14:06:36,valid
9904,889760073,sell,WGM4IYGD0,3651,307.59,2024-09-25 14:06:36,valid
9905,779937369,sell,U28OM19N8,500,429.60,2024-09-25 14:06:36,valid
9906,475729178,buy,M0CGJGD25,8503,88.07,2024-09-25 14:06:36,valid
9907,528161133,buy,10VS5UYG1,3934,434.79,2024-09-25 14:06:36,valid
9908,348360025,buy,XLPDLXYP6,7819,291.63,2024-09-25 14:06:36,valid
9909,611360440,sell,28BUNI330,455,40.63,2024-09-25 14:06:36,valid
9910,683932545,buy,WMMHDPT22,7564,302.21,2024-09-25 14:06:36,valid
9911,546052608,sell,4JGSGYP09,8881,493.10,2024-09-25 14:06:36,valid
9912,428021108,buy,XWDZQ8WB9,9222,301.27,2024-09-25 14:06:36,valid
9913,565608724,sell,C7WLN70V3,5471,52.62,2024-09-25 14:06:36,valid
9914,799688832,sell,0YX747MF9,9024,85.32,2024-09-25 14:06:36,valid
9915,602283599,buy,Q6100QNL0,6326,219.53,2024-09-25 14:06:36,valid
9916,415151793,buy,LXFYDB0D9,5194,477.42,2024-09-25 14:06:36,valid
9917,160616351,sell,N7KT0GVI7,2608,121.73,2024-09-25 14:06:36,valid
9918,702915744,sell,Q5IC4CTS4,6080,180.47,2024-09-25 14:06:36,valid
9919,639220653,sell,CA3BHU7G2,7956,63.74,2024-09-25 14:06:36,valid
9920,698345615,sell,IP2SEGZL9,1354,320.76,2024-09-25 14:06:36,valid
9921,401957246,buy,75ZJA1PE3,6640,359.33,2024-09-25 14:06:36,valid
9922,262380079,buy,M2PZAA8T4,75,159.41,2024-09-25 14:06:36,valid
9923,570704947,sell,E706CHL61,5845,393.18,2024-09-25 14:06:36,valid
9924,664720313,buy,2Q5XCWD98,3248,118.70,2024-09-25 14:06:36,valid
9925,953246071,sell,NEY90GUX9,4931,103.61,2024-09-25 14:06:36,valid
9926,334414201,sell,YO18LAJI9,867,192.22,2024-09-25 14:06:36,valid
9927,156592173,buy,JW2F7KSU8,958,219.04,2024-09-25 14:06:36,valid
9928,321059665,buy,2BCDHB6A3,9127,492.23,2024-09-25 14:06:36,valid
9929,580409823,sell,UC77JINH8,2568,142.93,2024-09-25 14:06:36,valid
9930,826827312,sell,919D6RO01,6451,114.20,2024-09-25 14:06:36,valid
9931,879510377,buy,MC9616AH6,2434,40.62,2024-09-25 14:06:36,valid
9932,498498539,buy,GS7GEQJR9,1691,193.92,2024-09-25 14:06:36,valid
9933,471952329,buy,UT6Y4CFT5,8146,110.90,2024-09-25 14:06:36,valid
9934,963367140,sell,6ZPC2YO93,7271,181.27,2024-09-25 14:06:36,valid
9935,234966984,sell,QASNUG4F5,9936,315.83,2024-09-25 14:06:36,valid
9936,122408403,buy,X7VJDK105,123,86.34,2024-09-25 14:06:36,valid
9937,134934470,sell,FZOWVVDF2,5309,490.95,2024-09-25 14:06:36,valid
9938,174365934,sell,3HP5C1A97,8554,156.66,2024-09-25 14:06:36,valid
9939,211846596,sell,GXN8M4GS9,2756,306.66,2024-09-25 14:06:36,valid
9940,458567479,buy,HFIQBPG25,5550,455.69,2024-09-25 14:06:36,valid
9941,672471212,sell,3JER51005,8475,487.42,2024-09-25 14:06:36,valid
9942,297301193,buy,Q0UMVLTB6,9588,409.45,2024-09-25 14:06:36,valid
9943,676149637,buy,5DDXT3UR2,3416,231.13,2024-09-25 14:06:36,valid
9944,765662035,buy,UT3LMJIH4,6213,31.18,2024-09-25 14:06:36,valid
9945,706664492,sell,AD77FSWO5,201,337.84,2024-09-25 14:06:36,valid
9946,397033517,sell,PXOBHUCF1,6821,157.93,2024-09-25 14:06:36,valid
9947,679796727,buy,JFSMY7BD7,4429,109.42,2024-09-25 14:06:36,valid
9948,603229975,sell,EM4KE7WT1,5878,169.08,2024-09-25 14:06:36,valid
9949,318159797,buy,46RQB5343,1296,144.61,2024-09-25 14:06:36,valid
9950,303328343,sell,JNPILPGJ8,1660,468.94,2024-09-25 14:06:36,valid
9951,593305369,buy,WQ7KZRXX2,4092,26.82,2024-09-25 14:06:36,valid
9952,778414859,sell,G5ZIP8PL8,8434,149.38,2024-09-25 14:06:36,valid
9953,889811899,sell,0AF4Y7CG4,9894,160.61,2024-09-25 14:06:36,valid
9954,452735517,sell,D92V0J8M0,4294,52.39,2024-09-25 14:06:36,valid
9955,302119809,buy,N4J7V6WJ9,3136,352.52,2024-09-25 14:06:36,valid
9956,128238754,sell,6LW85C3A0,9223,191.65,2024-09-25 14:06:36,valid
9957,806971641,sell,6TC9M7O53,6559,287.38,2024-09-25 14:06:36,valid
9958,223177661,buy,YLRB9BJ43,8684,367.21,2024-09-25 14:06:36,valid
9959,506544041,buy,7ER0632U4,1277,381.30,2024-09-25 14:06:36,valid
9960,637402150,sell,L31N9P1T2,1801,11.94,2024-09-25 14:06:36,valid
9961,661236254,sell,MHCJJFL58,2393,209.47,2024-09-25 14:06:36,valid
9962,457299775,sell,C0BSVKBK0,2912,485.88,2024-09-25 14:06:36,valid
9963,325751221,buy,AJZ76H747,5200,41.07,2024-09-25 14:06:36,valid
9964,805064984,sell,CAZP8SCM2,1499,54.88,2024-09-25 14:06:36,valid
9965,912002325,sell,WFZM24GN9,494,264.82,2024-09-25 14:06:36,valid
9966,491155912,sell,GTBF954X9,1774,338.91,2024-09-25 14:06:36,valid
9967,854284631,sell,UXQRQS1B4,5390,324.85,2024-09-25 14:06:36,valid
9968,349688442,buy,CHK0WJQO2,815,150.86,2024-09-25 14:06:36,valid
9969,296156789,sell,5LGWIWFG2,3865,96.92,2024-09-25 14:06:36,valid
9970,109426393,sell,RRLDVQGZ6,45,202.81,2024-09-25 14:06:36,valid
9971,299231066,buy,FU6HT4923,8120,117.06,2024-09-25 14:06:36,valid
9972,324308630,sell,2LJFOLH41,2724,168.36,2024-09-25 14:06:36,valid
9973,254183214,buy,CRH6YOI17,8683,163.61,2024-09-25 14:06:36,valid
9974,934955908,buy,R4MJ8JVU9,2946,484.53,2024-09-25 14:06:36,valid
9975,875770715,sell,PR82IBNS3,28,166.76,2024-09-25 14:06:36,valid
9976,289889745,buy,1CJX3G532,138,312.70,2024-09-25 14:06:36,valid
9977,331253093,buy,VFF0WHCH5,8954,234.56,2024-09-25 14:06:36,valid
9978,985314556,buy,4XTIYH737,7085,356.24,2024-09-25 14:06:36,valid
9979,941562039,buy,DJDX6ABO7,1978,429.80,2024-09-25 14:06:36,valid
9980,433117509,sell,FPI5XCAV8,867,22.20,2024-09-25 14:06:36,valid
9981,966635334,buy,T4V8TWOG8,2702,252.85,2024-09-25 14:06:36,valid
9982,704562061,sell,NIWCL8XR0,5826,258.16,2024-09-25 14:06:36,valid
9983,149970382,sell,Q1MJ0UF29,433,25.14,2024-09-25 14:06:36,valid
9984,547072212,sell,IKOLHLR44,9290,211.01,2024-09-25 14:06:36,valid
9985,409657776,buy,9N63DD1Y2,6550,382.17,2024-09-25 14:06:36,valid
9986,941101235,sell,9MC5GAXP9,954,270.47,2024-09-25 14:06:36,valid
9987,844894864,buy,OGSSXK1U1,4789,223.53,2024-09-25 14:06:36,valid
9988,586500037,buy,S8C8JLCQ7,1622,403.89,2024-09-25 14:06:36,valid
9989,900932155,buy,YLTU0D622,8917,65.04,2024-09-25 14:06:36,valid
9990,676531854,sell,0EK7RT225,8847,259.36,2024-09-25 14:06:36,valid
9991,103103175,sell,H0D2NHC90,1237,71.52,2024-09-25 14:06:36,valid
9992,196693140,sell,DIU0P73I0,8489,276.19,2024-09-25 14:06:36,valid
9993,314554145,buy,PF10NDX91,1154,276.80,2024-09-25 14:06:36,valid
9994,294047595,buy,GFGCPLZ22,3479,69.03,2024-09-25 14:06:36,valid
9995,849629245,buy,4TOCQSEM9,7521,318.69,2024-09-25 14:06:36,valid
9996,342029162,sell,V5RNWI8V6,7216,372.94,2024-09-25 14:06:36,valid
9997,783247511,buy,ZOOW2WIR4,3664,13.59,2024-09-25 14:06:36,valid
9998,619534433,buy,OR33L0GB2,7907,129.11,2024-09-25 14:06:36,valid
9999,881606703,sell,ZF842K619,7782,460.35,2024-09-25 14:06:36,valid
10000,430232386,sell,LS7Q0XNK1,7381,202.71,2024-09-25 14:06:36,valid
